Timestamp,Technical_Score,Pressure_Level,Velocity_Data,Coach_Remarks,Recommended_Drill,Campus_Player_ID
0:00:00.166667,60,0,Calculating...,Open Play: Scanning for teammates recommended,Vision & Switch Play Drills,Auto-Detecting...
0:00:00.333333,60,0,Dead Ball: Slow play or recovery needed,Open Play: Scanning for teammates recommended,Vision & Switch Play Drills,Auto-Detecting...
0:00:00.500000,60,0,Dead Ball: Slow play or recovery needed,Open Play: Scanning for teammates recommended,Vision & Switch Play Drills,Auto-Detecting...
0:00:00.666667,60,0,Dead Ball: Slow play or recovery needed,Open Play: Scanning for teammates recommended,Vision & Switch Play Drills,Auto-Detecting...
0:00:00.833333,60,0,Dead Ball: Slow play or recovery needed,Open Play: Scanning for teammates recommended,Vision & Switch Play Drills,Auto-Detecting...
0:00:01,60,0,Dead Ball: Slow play or recovery needed,Open Play: Scanning for teammates recommended,Vision & Switch Play Drills,Auto-Detecting...
0:00:04.333333,60,0,Dead Ball: Slow play or recovery needed,Open Play: Scanning for teammates recommended,Vision & Switch Play Drills,Auto-Detecting...
0:00:04.500000,60,0,Dead Ball: Slow play or recovery needed,Open Play: Scanning for teammates recommended,Vision & Switch Play Drills,Auto-Detecting...
0:00:04.666667,60,0,Dead Ball: Slow play or recovery needed,Open Play: Scanning for teammates recommended,Vision & Switch Play Drills,Auto-Detecting...
0:00:04.833333,60,0,Dead Ball: Slow play or recovery needed,Open Play: Scanning for teammates recommended,Vision & Switch Play Drills,Auto-Detecting...
0:00:05,60,0,Dead Ball: Slow play or recovery needed,Open Play: Scanning for teammates recommended,Vision & Switch Play Drills,Auto-Detecting...
0:00:05.166667,60,0,Dead Ball: Slow play or recovery needed,Open Play: Scanning for teammates recommended,Vision & Switch Play Drills,Auto-Detecting...
0:00:05.333333,60,0,Dead Ball: Slow play or recovery needed,Open Play: Scanning for teammates recommended,Vision & Switch Play Drills,Auto-Detecting...
0:00:05.500000,60,0,Dead Ball: Slow play or recovery needed,Open Play: Scanning for teammates recommended,Vision & Switch Play Drills,Auto-Detecting...
0:00:05.666667,60,0,Dead Ball: Slow play or recovery needed,Open Play: Scanning for teammates recommended,Vision & Switch Play Drills,Auto-Detecting...
0:00:05.833333,60,0,Dead Ball: Slow play or recovery needed,Open Play: Scanning for teammates recommended,Vision & Switch Play Drills,Auto-Detecting...
0:00:06,60,0,Dead Ball: Slow play or recovery needed,Open Play: Scanning for teammates recommended,Vision & Switch Play Drills,Auto-Detecting...
0:00:06.166667,60,0,Dead Ball: Slow play or recovery needed,Open Play: Scanning for teammates recommended,Vision & Switch Play Drills,Auto-Detecting...
0:00:06.333333,60,0,Dead Ball: Slow play or recovery needed,Open Play: Scanning for teammates recommended,Vision & Switch Play Drills,Auto-Detecting...
0:00:06.500000,60,0,Dead Ball: Slow play or recovery needed,Open Play: Scanning for teammates recommended,Vision & Switch Play Drills,Auto-Detecting...
0:00:06.666667,60,0,Dead Ball: Slow play or recovery needed,Open Play: Scanning for teammates recommended,Vision & Switch Play Drills,Auto-Detecting...
0:00:06.833333,60,0,Dead Ball: Slow play or recovery needed,Open Play: Scanning for teammates recommended,Vision & Switch Play Drills,Auto-Detecting...
0:00:07,60,0,Dead Ball: Slow play or recovery needed,Open Play: Scanning for teammates recommended,Vision & Switch Play Drills,Auto-Detecting...
0:00:07.166667,60,0,Dead Ball: Slow play or recovery needed,Open Play: Scanning for teammates recommended,Vision & Switch Play Drills,Auto-Detecting...
0:00:07.333333,60,0,Dead Ball: Slow play or recovery needed,Open Play: Scanning for teammates recommended,Vision & Switch Play Drills,Auto-Detecting...
0:00:07.500000,60,0,Dead Ball: Slow play or recovery needed,Open Play: Scanning for teammates recommended,Vision & Switch Play Drills,Auto-Detecting...
0:00:07.666667,60,0,Dead Ball: Slow play or recovery needed,Open Play: Scanning for teammates recommended,Vision & Switch Play Drills,Auto-Detecting...
0:00:07.833333,60,0,Dead Ball: Slow play or recovery needed,Open Play: Scanning for teammates recommended,Vision & Switch Play Drills,Auto-Detecting...
0:00:08,60,0,Dead Ball: Slow play or recovery needed,Open Play: Scanning for teammates recommended,Vision & Switch Play Drills,Auto-Detecting...
0:00:08.166667,60,0,Dead Ball: Slow play or recovery needed,Open Play: Scanning for teammates recommended,Vision & Switch Play Drills,Auto-Detecting...
0:00:08.333333,60,0,Dead Ball: Slow play or recovery needed,Open Play: Scanning for teammates recommended,Vision & Switch Play Drills,Auto-Detecting...
0:00:08.500000,60,0,Dead Ball: Slow play or recovery needed,Open Play: Scanning for teammates recommended,Vision & Switch Play Drills,Auto-Detecting...
0:00:08.666667,60,0,Dead Ball: Slow play or recovery needed,Open Play: Scanning for teammates recommended,Vision & Switch Play Drills,Auto-Detecting...
0:00:08.833333,60,0,Dead Ball: Slow play or recovery needed,Open Play: Scanning for teammates recommended,Vision & Switch Play Drills,Auto-Detecting...
0:00:09,60,0,Dead Ball: Slow play or recovery needed,Open Play: Scanning for teammates recommended,Vision & Switch Play Drills,Auto-Detecting...
0:00:09.166667,60,0,Dead Ball: Slow play or recovery needed,Open Play: Scanning for teammates recommended,Vision & Switch Play Drills,Auto-Detecting...
0:00:09.333333,60,0,Dead Ball: Slow play or recovery needed,Open Play: Scanning for teammates recommended,Vision & Switch Play Drills,Auto-Detecting...
0:00:09.500000,60,0,Dead Ball: Slow play or recovery needed,Open Play: Scanning for teammates recommended,Vision & Switch Play Drills,Auto-Detecting...
0:00:09.666667,60,0,Dead Ball: Slow play or recovery needed,Open Play: Scanning for teammates recommended,Vision & Switch Play Drills,Auto-Detecting...
0:00:09.833333,60,0,Dead Ball: Slow play or recovery needed,Open Play: Scanning for teammates recommended,Vision & Switch Play Drills,Auto-Detecting...
0:00:10,60,0,Dead Ball: Slow play or recovery needed,Open Play: Scanning for teammates recommended,Vision & Switch Play Drills,Auto-Detecting...
0:00:10.166667,60,0,Dead Ball: Slow play or recovery needed,Open Play: Scanning for teammates recommended,Vision & Switch Play Drills,Auto-Detecting...
0:00:10.333333,60,0,Dead Ball: Slow play or recovery needed,Open Play: Scanning for teammates recommended,Vision & Switch Play Drills,Auto-Detecting...
0:00:10.500000,60,0,Dead Ball: Slow play or recovery needed,Open Play: Scanning for teammates recommended,Vision & Switch Play Drills,Auto-Detecting...
0:00:10.666667,60,0,Dead Ball: Slow play or recovery needed,Open Play: Scanning for teammates recommended,Vision & Switch Play Drills,Auto-Detecting...
0:00:10.833333,60,0,Dead Ball: Slow play or recovery needed,Open Play: Scanning for teammates recommended,Vision & Switch Play Drills,Auto-Detecting...
0:00:11,60,0,Dead Ball: Slow play or recovery needed,Open Play: Scanning for teammates recommended,Vision & Switch Play Drills,Auto-Detecting...
0:00:11.166667,60,0,Dead Ball: Slow play or recovery needed,Open Play: Scanning for teammates recommended,Vision & Switch Play Drills,Auto-Detecting...
0:00:11.333333,60,0,Dead Ball: Slow play or recovery needed,Open Play: Scanning for teammates recommended,Vision & Switch Play Drills,Auto-Detecting...
0:00:11.500000,60,0,Dead Ball: Slow play or recovery needed,Open Play: Scanning for teammates recommended,Vision & Switch Play Drills,Auto-Detecting...
0:00:11.666667,60,0,Dead Ball: Slow play or recovery needed,Open Play: Scanning for teammates recommended,Vision & Switch Play Drills,Auto-Detecting...
0:00:11.833333,60,0,Dead Ball: Slow play or recovery needed,Open Play: Scanning for teammates recommended,Vision & Switch Play Drills,Auto-Detecting...
0:00:12,60,0,Dead Ball: Slow play or recovery needed,Open Play: Scanning for teammates recommended,Vision & Switch Play Drills,Auto-Detecting...
0:00:12.166667,60,0,Dead Ball: Slow play or recovery needed,Open Play: Scanning for teammates recommended,Vision & Switch Play Drills,Auto-Detecting...
0:00:12.333333,60,0,Dead Ball: Slow play or recovery needed,Open Play: Scanning for teammates recommended,Vision & Switch Play Drills,Auto-Detecting...
0:00:12.500000,60,0,Dead Ball: Slow play or recovery needed,Open Play: Scanning for teammates recommended,Vision & Switch Play Drills,Auto-Detecting...
0:00:12.666667,60,0,Dead Ball: Slow play or recovery needed,Open Play: Scanning for teammates recommended,Vision & Switch Play Drills,Auto-Detecting...
0:00:12.833333,100,1,Calculating...,Control: Excellent Close-quarter Handling,Maintain Daily Progress,Auto-Detecting...
0:00:13,60,0,Calculating...,Open Play: Scanning for teammates recommended,Vision & Switch Play Drills,Auto-Detecting...
0:00:13.166667,60,0,Pass Intensity: High (Good for breaking lines),Open Play: Scanning for teammates recommended,Vision & Switch Play Drills,Auto-Detecting...
0:00:13.333333,60,0,Dead Ball: Slow play or recovery needed,Open Play: Scanning for teammates recommended,Vision & Switch Play Drills,Auto-Detecting...
0:00:13.500000,60,0,Dead Ball: Slow play or recovery needed,Open Play: Scanning for teammates recommended,Vision & Switch Play Drills,Auto-Detecting...
0:00:13.666667,60,0,Dead Ball: Slow play or recovery needed,Open Play: Scanning for teammates recommended,Vision & Switch Play Drills,Auto-Detecting...
0:00:13.833333,60,0,Dead Ball: Slow play or recovery needed,Open Play: Scanning for teammates recommended,Vision & Switch Play Drills,Auto-Detecting...
0:00:14,60,0,Dead Ball: Slow play or recovery needed,Open Play: Scanning for teammates recommended,Vision & Switch Play Drills,Auto-Detecting...
0:00:14.166667,60,0,Dead Ball: Slow play or recovery needed,Open Play: Scanning for teammates recommended,Vision & Switch Play Drills,Auto-Detecting...
0:00:14.333333,60,0,Dead Ball: Slow play or recovery needed,Open Play: Scanning for teammates recommended,Vision & Switch Play Drills,Auto-Detecting...
0:00:14.500000,60,0,Dead Ball: Slow play or recovery needed,Open Play: Scanning for teammates recommended,Vision & Switch Play Drills,Auto-Detecting...
0:00:14.666667,60,0,Dead Ball: Slow play or recovery needed,Open Play: Scanning for teammates recommended,Vision & Switch Play Drills,Auto-Detecting...
0:00:14.833333,60,0,Dead Ball: Slow play or recovery needed,Open Play: Scanning for teammates recommended,Vision & Switch Play Drills,Auto-Detecting...
0:00:15,60,0,Dead Ball: Slow play or recovery needed,Open Play: Scanning for teammates recommended,Vision & Switch Play Drills,Auto-Detecting...
0:00:15.166667,60,0,Dead Ball: Slow play or recovery needed,Open Play: Scanning for teammates recommended,Vision & Switch Play Drills,Auto-Detecting...
0:00:15.333333,60,0,Dead Ball: Slow play or recovery needed,Open Play: Scanning for teammates recommended,Vision & Switch Play Drills,Auto-Detecting...
0:00:15.500000,60,0,Dead Ball: Slow play or recovery needed,Open Play: Scanning for teammates recommended,Vision & Switch Play Drills,Auto-Detecting...
0:00:15.666667,60,0,Dead Ball: Slow play or recovery needed,Open Play: Scanning for teammates recommended,Vision & Switch Play Drills,Auto-Detecting...
0:00:15.833333,60,0,Dead Ball: Slow play or recovery needed,Open Play: Scanning for teammates recommended,Vision & Switch Play Drills,Auto-Detecting...
0:00:16,60,0,Pass Intensity: High (Good for breaking lines),Open Play: Scanning for teammates recommended,Vision & Switch Play Drills,Auto-Detecting...
0:00:16.166667,60,0,Dead Ball: Slow play or recovery needed,Open Play: Scanning for teammates recommended,Vision & Switch Play Drills,Auto-Detecting...
0:00:16.333333,60,0,Dead Ball: Slow play or recovery needed,Open Play: Scanning for teammates recommended,Vision & Switch Play Drills,Auto-Detecting...
0:00:16.500000,60,0,Dead Ball: Slow play or recovery needed,Open Play: Scanning for teammates recommended,Vision & Switch Play Drills,Auto-Detecting...
0:00:16.666667,60,0,Dead Ball: Slow play or recovery needed,Open Play: Scanning for teammates recommended,Vision & Switch Play Drills,Auto-Detecting...
0:00:16.833333,60,0,Pass Intensity: High (Good for breaking lines),Open Play: Scanning for teammates recommended,Vision & Switch Play Drills,Auto-Detecting...
0:00:17,60,0,Pass Intensity: High (Good for breaking lines),Open Play: Scanning for teammates recommended,Vision & Switch Play Drills,Auto-Detecting...
0:00:17.166667,60,0,Dead Ball: Slow play or recovery needed,Open Play: Scanning for teammates recommended,Vision & Switch Play Drills,Auto-Detecting...
0:00:17.333333,60,0,Dead Ball: Slow play or recovery needed,Open Play: Scanning for teammates recommended,Vision & Switch Play Drills,Auto-Detecting...
0:00:17.500000,60,0,Dead Ball: Slow play or recovery needed,Open Play: Scanning for teammates recommended,Vision & Switch Play Drills,Auto-Detecting...
0:00:17.666667,60,0,Dead Ball: Slow play or recovery needed,Open Play: Scanning for teammates recommended,Vision & Switch Play Drills,Auto-Detecting...
0:00:17.833333,60,0,Dead Ball: Slow play or recovery needed,Open Play: Scanning for teammates recommended,Vision & Switch Play Drills,Auto-Detecting...
0:00:18,60,0,Dead Ball: Slow play or recovery needed,Open Play: Scanning for teammates recommended,Vision & Switch Play Drills,Auto-Detecting...
0:00:18.166667,60,0,Dead Ball: Slow play or recovery needed,Open Play: Scanning for teammates recommended,Vision & Switch Play Drills,Auto-Detecting...
0:00:18.333333,60,0,Pass Intensity: High (Good for breaking lines),Open Play: Scanning for teammates recommended,Vision & Switch Play Drills,Auto-Detecting...
0:00:18.500000,60,0,Pass Intensity: High (Good for breaking lines),Open Play: Scanning for teammates recommended,Vision & Switch Play Drills,Auto-Detecting...
0:00:18.666667,60,1,Dead Ball: Slow play or recovery needed,Open Play: Scanning for teammates recommended,Vision & Switch Play Drills,Auto-Detecting...
0:00:18.833333,60,0,Pass Intensity: High (Good for breaking lines),Open Play: Scanning for teammates recommended,Vision & Switch Play Drills,Auto-Detecting...
0:00:19,60,0,Calculating...,Open Play: Scanning for teammates recommended,Vision & Switch Play Drills,Auto-Detecting...
0:00:19.166667,60,1,Pass Intensity: High (Good for breaking lines),Open Play: Scanning for teammates recommended,Vision & Switch Play Drills,Auto-Detecting...
0:00:19.333333,60,1,Dead Ball: Slow play or recovery needed,Open Play: Scanning for teammates recommended,Vision & Switch Play Drills,Auto-Detecting...
0:00:19.500000,60,1,Dead Ball: Slow play or recovery needed,Open Play: Scanning for teammates recommended,Vision & Switch Play Drills,Auto-Detecting...
0:00:19.666667,60,1,Dead Ball: Slow play or recovery needed,Open Play: Scanning for teammates recommended,Vision & Switch Play Drills,Auto-Detecting...
0:00:19.833333,60,1,Dead Ball: Slow play or recovery needed,Open Play: Scanning for teammates recommended,Vision & Switch Play Drills,Auto-Detecting...
0:00:20,60,1,Dead Ball: Slow play or recovery needed,Open Play: Scanning for teammates recommended,Vision & Switch Play Drills,Auto-Detecting...
0:00:20.166667,60,1,Dead Ball: Slow play or recovery needed,Open Play: Scanning for teammates recommended,Vision & Switch Play Drills,Auto-Detecting...
0:00:20.333333,60,1,Dead Ball: Slow play or recovery needed,Open Play: Scanning for teammates recommended,Vision & Switch Play Drills,Auto-Detecting...
0:00:20.500000,60,1,Dead Ball: Slow play or recovery needed,Open Play: Scanning for teammates recommended,Vision & Switch Play Drills,Auto-Detecting...
0:00:20.666667,60,1,Dead Ball: Slow play or recovery needed,Open Play: Scanning for teammates recommended,Vision & Switch Play Drills,Auto-Detecting...
0:00:20.833333,60,1,Dead Ball: Slow play or recovery needed,Open Play: Scanning for teammates recommended,Vision & Switch Play Drills,Auto-Detecting...
0:00:21,60,1,Dead Ball: Slow play or recovery needed,Open Play: Scanning for teammates recommended,Vision & Switch Play Drills,Auto-Detecting...
0:00:21.166667,60,1,Dead Ball: Slow play or recovery needed,Open Play: Scanning for teammates recommended,Vision & Switch Play Drills,Auto-Detecting...
0:00:21.333333,60,1,Dead Ball: Slow play or recovery needed,Open Play: Scanning for teammates recommended,Vision & Switch Play Drills,Auto-Detecting...
0:00:21.500000,60,0,Pass Intensity: High (Good for breaking lines),Open Play: Scanning for teammates recommended,Vision & Switch Play Drills,Auto-Detecting...
0:00:21.666667,60,0,Calculating...,Open Play: Scanning for teammates recommended,Vision & Switch Play Drills,Auto-Detecting...
0:00:21.833333,60,0,Dead Ball: Slow play or recovery needed,Open Play: Scanning for teammates recommended,Vision & Switch Play Drills,Auto-Detecting...
0:00:22,60,0,Dead Ball: Slow play or recovery needed,Open Play: Scanning for teammates recommended,Vision & Switch Play Drills,Auto-Detecting...
0:00:22.166667,60,0,Dead Ball: Slow play or recovery needed,Open Play: Scanning for teammates recommended,Vision & Switch Play Drills,Auto-Detecting...
0:00:22.333333,60,0,Dead Ball: Slow play or recovery needed,Open Play: Scanning for teammates recommended,Vision & Switch Play Drills,Auto-Detecting...
0:00:22.500000,60,0,Dead Ball: Slow play or recovery needed,Open Play: Scanning for teammates recommended,Vision & Switch Play Drills,Auto-Detecting...
0:00:22.666667,60,0,Dead Ball: Slow play or recovery needed,Open Play: Scanning for teammates recommended,Vision & Switch Play Drills,Auto-Detecting...
0:00:22.833333,60,0,Dead Ball: Slow play or recovery needed,Open Play: Scanning for teammates recommended,Vision & Switch Play Drills,Auto-Detecting...
0:00:23,60,0,Dead Ball: Slow play or recovery needed,Open Play: Scanning for teammates recommended,Vision & Switch Play Drills,Auto-Detecting...
0:00:23.166667,60,0,Pass Intensity: High (Good for breaking lines),Open Play: Scanning for teammates recommended,Vision & Switch Play Drills,Auto-Detecting...
0:00:23.333333,60,0,Dead Ball: Slow play or recovery needed,Open Play: Scanning for teammates recommended,Vision & Switch Play Drills,Auto-Detecting...
0:00:23.500000,60,0,Pass Intensity: High (Good for breaking lines),Open Play: Scanning for teammates recommended,Vision & Switch Play Drills,Auto-Detecting...
0:00:23.666667,60,0,Pass Intensity: High (Good for breaking lines),Open Play: Scanning for teammates recommended,Vision & Switch Play Drills,Auto-Detecting...
0:00:23.833333,60,0,Pass Intensity: High (Good for breaking lines),Open Play: Scanning for teammates recommended,Vision & Switch Play Drills,Auto-Detecting...
0:00:24,60,0,Pass Intensity: High (Good for breaking lines),Open Play: Scanning for teammates recommended,Vision & Switch Play Drills,Auto-Detecting...
0:00:24.166667,60,0,Pass Intensity: High (Good for breaking lines),Open Play: Scanning for teammates recommended,Vision & Switch Play Drills,Auto-Detecting...
0:00:24.333333,60,0,Calculating...,Open Play: Scanning for teammates recommended,Vision & Switch Play Drills,Auto-Detecting...
0:00:24.500000,60,0,Calculating...,Open Play: Scanning for teammates recommended,Vision & Switch Play Drills,Auto-Detecting...
0:00:24.666667,60,0,Calculating...,Open Play: Scanning for teammates recommended,Vision & Switch Play Drills,Auto-Detecting...
0:00:24.833333,60,0,Calculating...,Open Play: Scanning for teammates recommended,Vision & Switch Play Drills,Auto-Detecting...
0:00:25,60,0,Pass Intensity: High (Good for breaking lines),Open Play: Scanning for teammates recommended,Vision & Switch Play Drills,Auto-Detecting...
0:00:25.166667,60,0,Pass Intensity: High (Good for breaking lines),Open Play: Scanning for teammates recommended,Vision & Switch Play Drills,Auto-Detecting...
0:00:25.333333,60,0,Pass Intensity: High (Good for breaking lines),Open Play: Scanning for teammates recommended,Vision & Switch Play Drills,Auto-Detecting...
0:00:25.500000,60,0,Calculating...,Open Play: Scanning for teammates recommended,Vision & Switch Play Drills,Auto-Detecting...
0:00:25.666667,60,0,Calculating...,Open Play: Scanning for teammates recommended,Vision & Switch Play Drills,Auto-Detecting...
0:00:25.833333,60,0,Calculating...,Open Play: Scanning for teammates recommended,Vision & Switch Play Drills,Auto-Detecting...
0:00:26,60,0,Pass Intensity: High (Good for breaking lines),Open Play: Scanning for teammates recommended,Vision & Switch Play Drills,Auto-Detecting...
0:00:26.166667,60,0,Pass Intensity: High (Good for breaking lines),Open Play: Scanning for teammates recommended,Vision & Switch Play Drills,Auto-Detecting...
0:00:26.333333,60,0,Calculating...,Open Play: Scanning for teammates recommended,Vision & Switch Play Drills,Auto-Detecting...
0:00:26.500000,60,0,Pass Intensity: High (Good for breaking lines),Open Play: Scanning for teammates recommended,Vision & Switch Play Drills,Auto-Detecting...
0:00:26.666667,60,0,Calculating...,Open Play: Scanning for teammates recommended,Vision & Switch Play Drills,Auto-Detecting...
0:00:26.833333,60,0,Calculating...,Open Play: Scanning for teammates recommended,Vision & Switch Play Drills,Auto-Detecting...
0:00:27,60,0,Pass Intensity: High (Good for breaking lines),Open Play: Scanning for teammates recommended,Vision & Switch Play Drills,Auto-Detecting...
0:00:27.166667,60,0,Pass Intensity: High (Good for breaking lines),Open Play: Scanning for teammates recommended,Vision & Switch Play Drills,Auto-Detecting...
0:00:27.333333,60,0,Pass Intensity: High (Good for breaking lines),Open Play: Scanning for teammates recommended,Vision & Switch Play Drills,Auto-Detecting...
0:00:27.500000,60,0,Calculating...,Open Play: Scanning for teammates recommended,Vision & Switch Play Drills,Auto-Detecting...
0:00:27.666667,60,0,Pass Intensity: High (Good for breaking lines),Open Play: Scanning for teammates recommended,Vision & Switch Play Drills,Auto-Detecting...
0:00:27.833333,60,0,Calculating...,Open Play: Scanning for teammates recommended,Vision & Switch Play Drills,Auto-Detecting...
0:00:28,60,0,Calculating...,Open Play: Scanning for teammates recommended,Vision & Switch Play Drills,Auto-Detecting...
0:00:28.166667,60,0,Calculating...,Open Play: Scanning for teammates recommended,Vision & Switch Play Drills,Auto-Detecting...
0:00:28.333333,60,0,Pass Intensity: High (Good for breaking lines),Open Play: Scanning for teammates recommended,Vision & Switch Play Drills,Auto-Detecting...
0:00:28.500000,60,0,Pass Intensity: High (Good for breaking lines),Open Play: Scanning for teammates recommended,Vision & Switch Play Drills,Auto-Detecting...
0:00:28.666667,60,0,Calculating...,Open Play: Scanning for teammates recommended,Vision & Switch Play Drills,Auto-Detecting...
0:00:28.833333,60,0,Calculating...,Open Play: Scanning for teammates recommended,Vision & Switch Play Drills,Auto-Detecting...
0:00:29,60,0,Pass Intensity: High (Good for breaking lines),Open Play: Scanning for teammates recommended,Vision & Switch Play Drills,Auto-Detecting...
0:00:29.166667,60,0,Dead Ball: Slow play or recovery needed,Open Play: Scanning for teammates recommended,Vision & Switch Play Drills,Auto-Detecting...
0:00:29.333333,60,0,Calculating...,Open Play: Scanning for teammates recommended,Vision & Switch Play Drills,Auto-Detecting...
0:00:29.500000,60,0,Calculating...,Open Play: Scanning for teammates recommended,Vision & Switch Play Drills,Auto-Detecting...
0:00:29.666667,60,0,Pass Intensity: High (Good for breaking lines),Open Play: Scanning for teammates recommended,Vision & Switch Play Drills,Auto-Detecting...
0:00:29.833333,60,0,Calculating...,Open Play: Scanning for teammates recommended,Vision & Switch Play Drills,Auto-Detecting...
0:00:30,60,0,Calculating...,Open Play: Scanning for teammates recommended,Vision & Switch Play Drills,Auto-Detecting...
0:00:30.166667,60,1,Pass Intensity: High (Good for breaking lines),Open Play: Scanning for teammates recommended,Vision & Switch Play Drills,Auto-Detecting...
0:00:30.333333,60,0,Calculating...,Open Play: Scanning for teammates recommended,Vision & Switch Play Drills,Auto-Detecting...
0:00:30.500000,60,0,Calculating...,Open Play: Scanning for teammates recommended,Vision & Switch Play Drills,Auto-Detecting...
0:00:30.666667,60,0,Pass Intensity: High (Good for breaking lines),Open Play: Scanning for teammates recommended,Vision & Switch Play Drills,Auto-Detecting...
0:00:30.833333,60,0,Pass Intensity: High (Good for breaking lines),Open Play: Scanning for teammates recommended,Vision & Switch Play Drills,Auto-Detecting...
0:00:31,60,0,Pass Intensity: High (Good for breaking lines),Open Play: Scanning for teammates recommended,Vision & Switch Play Drills,Auto-Detecting...
0:00:31.166667,60,0,Pass Intensity: High (Good for breaking lines),Open Play: Scanning for teammates recommended,Vision & Switch Play Drills,Auto-Detecting...
0:00:31.333333,60,0,Pass Intensity: High (Good for breaking lines),Open Play: Scanning for teammates recommended,Vision & Switch Play Drills,Auto-Detecting...
0:00:31.500000,60,0,Pass Intensity: High (Good for breaking lines),Open Play: Scanning for teammates recommended,Vision & Switch Play Drills,Auto-Detecting...
0:00:31.666667,60,0,Pass Intensity: High (Good for breaking lines),Open Play: Scanning for teammates recommended,Vision & Switch Play Drills,Auto-Detecting...
0:00:31.833333,60,0,Pass Intensity: High (Good for breaking lines),Open Play: Scanning for teammates recommended,Vision & Switch Play Drills,Auto-Detecting...
0:00:32,60,0,Pass Intensity: High (Good for breaking lines),Open Play: Scanning for teammates recommended,Vision & Switch Play Drills,Auto-Detecting...
0:00:32.166667,60,0,Pass Intensity: High (Good for breaking lines),Open Play: Scanning for teammates recommended,Vision & Switch Play Drills,Auto-Detecting...
0:00:32.333333,60,0,Pass Intensity: High (Good for breaking lines),Open Play: Scanning for teammates recommended,Vision & Switch Play Drills,Auto-Detecting...
0:00:32.500000,60,0,Pass Intensity: High (Good for breaking lines),Open Play: Scanning for teammates recommended,Vision & Switch Play Drills,Auto-Detecting...
0:00:32.666667,60,0,Pass Intensity: High (Good for breaking lines),Open Play: Scanning for teammates recommended,Vision & Switch Play Drills,Auto-Detecting...
0:00:32.833333,60,0,Pass Intensity: High (Good for breaking lines),Open Play: Scanning for teammates recommended,Vision & Switch Play Drills,Auto-Detecting...
0:00:33,60,0,Pass Intensity: High (Good for breaking lines),Open Play: Scanning for teammates recommended,Vision & Switch Play Drills,Auto-Detecting...
0:00:33.166667,60,0,Pass Intensity: High (Good for breaking lines),Open Play: Scanning for teammates recommended,Vision & Switch Play Drills,Auto-Detecting...
0:00:33.333333,60,0,Dead Ball: Slow play or recovery needed,Open Play: Scanning for teammates recommended,Vision & Switch Play Drills,Auto-Detecting...
0:00:33.500000,60,0,Dead Ball: Slow play or recovery needed,Open Play: Scanning for teammates recommended,Vision & Switch Play Drills,Auto-Detecting...
0:00:33.666667,60,0,Dead Ball: Slow play or recovery needed,Open Play: Scanning for teammates recommended,Vision & Switch Play Drills,Auto-Detecting...
0:00:33.833333,60,0,Dead Ball: Slow play or recovery needed,Open Play: Scanning for teammates recommended,Vision & Switch Play Drills,Auto-Detecting...
0:00:34,60,0,Dead Ball: Slow play or recovery needed,Open Play: Scanning for teammates recommended,Vision & Switch Play Drills,Auto-Detecting...
0:00:34.166667,60,0,Dead Ball: Slow play or recovery needed,Open Play: Scanning for teammates recommended,Vision & Switch Play Drills,Auto-Detecting...
0:00:34.333333,60,0,Dead Ball: Slow play or recovery needed,Open Play: Scanning for teammates recommended,Vision & Switch Play Drills,Auto-Detecting...
0:00:34.500000,60,0,Dead Ball: Slow play or recovery needed,Open Play: Scanning for teammates recommended,Vision & Switch Play Drills,Auto-Detecting...
0:00:34.666667,60,0,Dead Ball: Slow play or recovery needed,Open Play: Scanning for teammates recommended,Vision & Switch Play Drills,Auto-Detecting...
0:00:34.833333,60,0,Dead Ball: Slow play or recovery needed,Open Play: Scanning for teammates recommended,Vision & Switch Play Drills,Auto-Detecting...
0:00:35,60,0,Dead Ball: Slow play or recovery needed,Open Play: Scanning for teammates recommended,Vision & Switch Play Drills,Auto-Detecting...
0:00:35.166667,60,0,Dead Ball: Slow play or recovery needed,Open Play: Scanning for teammates recommended,Vision & Switch Play Drills,Auto-Detecting...
0:00:35.333333,60,0,Dead Ball: Slow play or recovery needed,Open Play: Scanning for teammates recommended,Vision & Switch Play Drills,Auto-Detecting...
0:00:35.500000,60,0,Dead Ball: Slow play or recovery needed,Open Play: Scanning for teammates recommended,Vision & Switch Play Drills,Auto-Detecting...
0:00:35.666667,60,0,Dead Ball: Slow play or recovery needed,Open Play: Scanning for teammates recommended,Vision & Switch Play Drills,Auto-Detecting...
0:00:35.833333,60,0,Dead Ball: Slow play or recovery needed,Open Play: Scanning for teammates recommended,Vision & Switch Play Drills,Auto-Detecting...
0:00:36,60,0,Dead Ball: Slow play or recovery needed,Open Play: Scanning for teammates recommended,Vision & Switch Play Drills,Auto-Detecting...
0:00:36.166667,60,0,Dead Ball: Slow play or recovery needed,Open Play: Scanning for teammates recommended,Vision & Switch Play Drills,Auto-Detecting...
0:00:36.333333,60,0,Dead Ball: Slow play or recovery needed,Open Play: Scanning for teammates recommended,Vision & Switch Play Drills,Auto-Detecting...
0:00:36.500000,60,0,Dead Ball: Slow play or recovery needed,Open Play: Scanning for teammates recommended,Vision & Switch Play Drills,Auto-Detecting...
0:00:36.666667,60,0,Dead Ball: Slow play or recovery needed,Open Play: Scanning for teammates recommended,Vision & Switch Play Drills,Auto-Detecting...
0:00:36.833333,60,0,Dead Ball: Slow play or recovery needed,Open Play: Scanning for teammates recommended,Vision & Switch Play Drills,Auto-Detecting...
0:00:37,60,0,Dead Ball: Slow play or recovery needed,Open Play: Scanning for teammates recommended,Vision & Switch Play Drills,Auto-Detecting...
0:00:37.166667,60,0,Dead Ball: Slow play or recovery needed,Open Play: Scanning for teammates recommended,Vision & Switch Play Drills,Auto-Detecting...
0:00:37.333333,60,0,Dead Ball: Slow play or recovery needed,Open Play: Scanning for teammates recommended,Vision & Switch Play Drills,Auto-Detecting...
0:00:37.500000,60,0,Dead Ball: Slow play or recovery needed,Open Play: Scanning for teammates recommended,Vision & Switch Play Drills,Auto-Detecting...
0:00:37.666667,60,1,Dead Ball: Slow play or recovery needed,Open Play: Scanning for teammates recommended,Vision & Switch Play Drills,Auto-Detecting...
0:00:37.833333,60,1,Dead Ball: Slow play or recovery needed,Open Play: Scanning for teammates recommended,Vision & Switch Play Drills,Auto-Detecting...
0:00:38,100,1,Calculating...,Control: Excellent Close-quarter Handling,Maintain Daily Progress,Auto-Detecting...
0:00:38.166667,60,1,Dead Ball: Slow play or recovery needed,Open Play: Scanning for teammates recommended,Vision & Switch Play Drills,Auto-Detecting...
0:00:38.333333,60,1,Dead Ball: Slow play or recovery needed,Open Play: Scanning for teammates recommended,Vision & Switch Play Drills,Auto-Detecting...
0:00:38.500000,60,1,Dead Ball: Slow play or recovery needed,Open Play: Scanning for teammates recommended,Vision & Switch Play Drills,Auto-Detecting...
0:00:38.666667,60,1,Dead Ball: Slow play or recovery needed,Open Play: Scanning for teammates recommended,Vision & Switch Play Drills,Auto-Detecting...
0:00:38.833333,60,1,Dead Ball: Slow play or recovery needed,Open Play: Scanning for teammates recommended,Vision & Switch Play Drills,Auto-Detecting...
0:00:39,60,1,Calculating...,Open Play: Scanning for teammates recommended,Vision & Switch Play Drills,Auto-Detecting...
0:00:39.166667,60,1,Dead Ball: Slow play or recovery needed,Open Play: Scanning for teammates recommended,Vision & Switch Play Drills,Auto-Detecting...
0:00:39.333333,60,1,Dead Ball: Slow play or recovery needed,Open Play: Scanning for teammates recommended,Vision & Switch Play Drills,Auto-Detecting...
0:00:39.500000,60,1,Dead Ball: Slow play or recovery needed,Open Play: Scanning for teammates recommended,Vision & Switch Play Drills,Auto-Detecting...
0:00:39.666667,60,1,Dead Ball: Slow play or recovery needed,Open Play: Scanning for teammates recommended,Vision & Switch Play Drills,Auto-Detecting...
0:00:39.833333,60,1,Dead Ball: Slow play or recovery needed,Open Play: Scanning for teammates recommended,Vision & Switch Play Drills,Auto-Detecting...
0:00:40,60,1,Dead Ball: Slow play or recovery needed,Open Play: Scanning for teammates recommended,Vision & Switch Play Drills,Auto-Detecting...
0:00:40.166667,60,1,Dead Ball: Slow play or recovery needed,Open Play: Scanning for teammates recommended,Vision & Switch Play Drills,Auto-Detecting...
0:00:40.333333,60,1,Dead Ball: Slow play or recovery needed,Open Play: Scanning for teammates recommended,Vision & Switch Play Drills,Auto-Detecting...
0:00:40.500000,60,1,Dead Ball: Slow play or recovery needed,Open Play: Scanning for teammates recommended,Vision & Switch Play Drills,Auto-Detecting...
0:00:40.666667,60,2,Dead Ball: Slow play or recovery needed,Open Play: Scanning for teammates recommended,Vision & Switch Play Drills,Auto-Detecting...
0:00:40.833333,60,3,Dead Ball: Slow play or recovery needed,Open Play: Scanning for teammates recommended,Vision & Switch Play Drills,Auto-Detecting...
0:00:41,100,4,Calculating...,Control: Excellent Close-quarter Handling,Maintain Daily Progress,Auto-Detecting...
0:00:41.166667,100,5,Calculating...,Control: Excellent Close-quarter Handling,Maintain Daily Progress,Auto-Detecting...
0:00:41.333333,100,5,Calculating...,Control: Excellent Close-quarter Handling,Maintain Daily Progress,Auto-Detecting...
0:00:41.500000,100,5,Calculating...,Control: Excellent Close-quarter Handling,Maintain Daily Progress,Auto-Detecting...
0:00:41.666667,100,4,Calculating...,Control: Excellent Close-quarter Handling,Maintain Daily Progress,Auto-Detecting...
0:00:41.833333,100,4,Calculating...,Control: Excellent Close-quarter Handling,Maintain Daily Progress,Auto-Detecting...
0:00:42,100,2,Calculating...,Control: Excellent Close-quarter Handling,Maintain Daily Progress,Auto-Detecting...
0:00:42.166667,60,2,Pass Intensity: High (Good for breaking lines),Open Play: Scanning for teammates recommended,Vision & Switch Play Drills,Auto-Detecting...
0:00:42.333333,100,4,Pass Intensity: High (Good for breaking lines),Control: Excellent Close-quarter Handling,Maintain Daily Progress,Auto-Detecting...
0:00:42.500000,100,4,Calculating...,Control: Excellent Close-quarter Handling,Maintain Daily Progress,Auto-Detecting...
0:00:42.666667,60,1,Dead Ball: Slow play or recovery needed,Open Play: Scanning for teammates recommended,Vision & Switch Play Drills,Auto-Detecting...
0:00:42.833333,60,1,Dead Ball: Slow play or recovery needed,Open Play: Scanning for teammates recommended,Vision & Switch Play Drills,Auto-Detecting...
0:00:43,60,1,Dead Ball: Slow play or recovery needed,Open Play: Scanning for teammates recommended,Vision & Switch Play Drills,Auto-Detecting...
0:00:43.166667,60,2,Dead Ball: Slow play or recovery needed,Alert: Heavy Touch under Pressure,Tight Space Dribbling (Cone Drills),Auto-Detecting...
0:00:43.333333,60,1,Dead Ball: Slow play or recovery needed,Open Play: Scanning for teammates recommended,Vision & Switch Play Drills,Auto-Detecting...
0:00:43.500000,60,1,Dead Ball: Slow play or recovery needed,Open Play: Scanning for teammates recommended,Vision & Switch Play Drills,Auto-Detecting...
0:00:43.666667,60,1,Dead Ball: Slow play or recovery needed,Open Play: Scanning for teammates recommended,Vision & Switch Play Drills,Auto-Detecting...
0:00:43.833333,100,6,Calculating...,Control: Excellent Close-quarter Handling,Maintain Daily Progress,Auto-Detecting...
0:00:44,100,4,Pass Intensity: High (Good for breaking lines),Control: Excellent Close-quarter Handling,Maintain Daily Progress,Auto-Detecting...
0:00:44.166667,100,3,Calculating...,Control: Excellent Close-quarter Handling,Maintain Daily Progress,Auto-Detecting...
0:00:44.333333,100,3,Calculating...,Control: Excellent Close-quarter Handling,Maintain Daily Progress,Auto-Detecting...
0:00:44.500000,100,3,Calculating...,Control: Excellent Close-quarter Handling,Maintain Daily Progress,Auto-Detecting...
0:00:44.666667,100,2,Calculating...,Control: Excellent Close-quarter Handling,Maintain Daily Progress,Auto-Detecting...
0:00:44.833333,100,3,Calculating...,Control: Excellent Close-quarter Handling,Maintain Daily Progress,Auto-Detecting...
0:00:45,100,2,Calculating...,Control: Excellent Close-quarter Handling,Maintain Daily Progress,Auto-Detecting...
0:00:45.166667,100,2,Calculating...,Control: Excellent Close-quarter Handling,Maintain Daily Progress,Auto-Detecting...
0:00:45.333333,100,2,Calculating...,Control: Excellent Close-quarter Handling,Maintain Daily Progress,Auto-Detecting...
0:00:45.500000,100,3,Calculating...,Control: Excellent Close-quarter Handling,Maintain Daily Progress,Auto-Detecting...
0:00:45.666667,100,2,Calculating...,Control: Excellent Close-quarter Handling,Maintain Daily Progress,Auto-Detecting...
0:00:45.833333,100,2,Calculating...,Control: Excellent Close-quarter Handling,Maintain Daily Progress,Auto-Detecting...
0:00:46,100,2,Calculating...,Control: Excellent Close-quarter Handling,Maintain Daily Progress,Auto-Detecting...
0:00:46.166667,100,2,Calculating...,Control: Excellent Close-quarter Handling,Maintain Daily Progress,Auto-Detecting...
0:00:46.333333,100,3,Calculating...,Control: Excellent Close-quarter Handling,Maintain Daily Progress,Auto-Detecting...
0:00:46.500000,100,3,Calculating...,Control: Excellent Close-quarter Handling,Maintain Daily Progress,Auto-Detecting...
0:00:46.666667,100,3,Calculating...,Control: Excellent Close-quarter Handling,Maintain Daily Progress,Auto-Detecting...
0:00:46.833333,100,3,Calculating...,Control: Excellent Close-quarter Handling,Maintain Daily Progress,Auto-Detecting...
0:00:47,100,3,Calculating...,Control: Excellent Close-quarter Handling,Maintain Daily Progress,Auto-Detecting...
0:00:47.166667,100,3,Calculating...,Control: Excellent Close-quarter Handling,Maintain Daily Progress,Auto-Detecting...
0:00:47.333333,100,3,Calculating...,Control: Excellent Close-quarter Handling,Maintain Daily Progress,Auto-Detecting...
0:00:47.500000,100,4,Calculating...,Control: Excellent Close-quarter Handling,Maintain Daily Progress,Auto-Detecting...
0:00:47.666667,100,4,Calculating...,Control: Excellent Close-quarter Handling,Maintain Daily Progress,Auto-Detecting...
0:00:47.833333,100,4,Calculating...,Control: Excellent Close-quarter Handling,Maintain Daily Progress,Auto-Detecting...
0:00:48,100,4,Calculating...,Control: Excellent Close-quarter Handling,Maintain Daily Progress,Auto-Detecting...
0:00:48.166667,100,2,Pass Intensity: High (Good for breaking lines),Control: Excellent Close-quarter Handling,Maintain Daily Progress,Auto-Detecting...
0:00:48.333333,100,2,Calculating...,Control: Excellent Close-quarter Handling,Maintain Daily Progress,Auto-Detecting...
0:00:48.500000,100,2,Calculating...,Control: Excellent Close-quarter Handling,Maintain Daily Progress,Auto-Detecting...
0:00:48.666667,100,2,Calculating...,Control: Excellent Close-quarter Handling,Maintain Daily Progress,Auto-Detecting...
0:00:48.833333,100,2,Calculating...,Control: Excellent Close-quarter Handling,Maintain Daily Progress,Auto-Detecting...
0:00:49,100,1,Calculating...,Control: Excellent Close-quarter Handling,Maintain Daily Progress,Auto-Detecting...
0:00:49.166667,100,1,Calculating...,Control: Excellent Close-quarter Handling,Maintain Daily Progress,Auto-Detecting...
0:00:49.333333,100,1,Calculating...,Control: Excellent Close-quarter Handling,Maintain Daily Progress,Auto-Detecting...
0:00:49.500000,100,1,Calculating...,Control: Excellent Close-quarter Handling,Maintain Daily Progress,Auto-Detecting...
0:00:49.666667,60,0,Dead Ball: Slow play or recovery needed,Open Play: Scanning for teammates recommended,Vision & Switch Play Drills,Auto-Detecting...
0:00:49.833333,60,0,Dead Ball: Slow play or recovery needed,Open Play: Scanning for teammates recommended,Vision & Switch Play Drills,Auto-Detecting...
0:00:50,60,0,Dead Ball: Slow play or recovery needed,Open Play: Scanning for teammates recommended,Vision & Switch Play Drills,Auto-Detecting...
0:00:50.166667,60,0,Dead Ball: Slow play or recovery needed,Open Play: Scanning for teammates recommended,Vision & Switch Play Drills,Auto-Detecting...
0:00:50.333333,60,0,Dead Ball: Slow play or recovery needed,Open Play: Scanning for teammates recommended,Vision & Switch Play Drills,Auto-Detecting...
0:00:50.500000,100,2,Pass Intensity: High (Good for breaking lines),Control: Excellent Close-quarter Handling,Maintain Daily Progress,Auto-Detecting...
0:00:50.666667,100,2,Calculating...,Control: Excellent Close-quarter Handling,Maintain Daily Progress,Auto-Detecting...
0:00:50.833333,100,2,Calculating...,Control: Excellent Close-quarter Handling,Maintain Daily Progress,Auto-Detecting...
0:00:51,100,2,Calculating...,Control: Excellent Close-quarter Handling,Maintain Daily Progress,Auto-Detecting...
0:00:51.166667,100,2,Calculating...,Control: Excellent Close-quarter Handling,Maintain Daily Progress,Auto-Detecting...
0:00:51.333333,100,2,Calculating...,Control: Excellent Close-quarter Handling,Maintain Daily Progress,Auto-Detecting...
0:00:51.500000,60,3,Pass Intensity: High (Good for breaking lines),Alert: Heavy Touch under Pressure,Tight Space Dribbling (Cone Drills),Auto-Detecting...
0:00:51.666667,60,3,Dead Ball: Slow play or recovery needed,Alert: Heavy Touch under Pressure,Tight Space Dribbling (Cone Drills),Auto-Detecting...
0:00:51.833333,60,3,Dead Ball: Slow play or recovery needed,Alert: Heavy Touch under Pressure,Tight Space Dribbling (Cone Drills),Auto-Detecting...
0:00:52,60,3,Calculating...,Alert: Heavy Touch under Pressure,Tight Space Dribbling (Cone Drills),Auto-Detecting...
0:00:52.166667,60,3,Dead Ball: Slow play or recovery needed,Alert: Heavy Touch under Pressure,Tight Space Dribbling (Cone Drills),Auto-Detecting...
0:00:52.333333,60,3,Dead Ball: Slow play or recovery needed,Alert: Heavy Touch under Pressure,Tight Space Dribbling (Cone Drills),Auto-Detecting...
0:00:52.500000,60,3,Dead Ball: Slow play or recovery needed,Alert: Heavy Touch under Pressure,Tight Space Dribbling (Cone Drills),Auto-Detecting...
0:00:52.666667,60,3,Dead Ball: Slow play or recovery needed,Alert: Heavy Touch under Pressure,Tight Space Dribbling (Cone Drills),Auto-Detecting...
0:00:52.833333,60,3,Dead Ball: Slow play or recovery needed,Alert: Heavy Touch under Pressure,Tight Space Dribbling (Cone Drills),Auto-Detecting...
0:00:53,60,3,Dead Ball: Slow play or recovery needed,Alert: Heavy Touch under Pressure,Tight Space Dribbling (Cone Drills),Auto-Detecting...
0:00:53.166667,60,3,Dead Ball: Slow play or recovery needed,Alert: Heavy Touch under Pressure,Tight Space Dribbling (Cone Drills),Auto-Detecting...
0:00:53.333333,60,3,Dead Ball: Slow play or recovery needed,Alert: Heavy Touch under Pressure,Tight Space Dribbling (Cone Drills),Auto-Detecting...
0:00:53.500000,60,3,Dead Ball: Slow play or recovery needed,Alert: Heavy Touch under Pressure,Tight Space Dribbling (Cone Drills),Auto-Detecting...
0:00:53.666667,60,0,Pass Intensity: High (Good for breaking lines),Open Play: Scanning for teammates recommended,Vision & Switch Play Drills,Auto-Detecting...
0:00:53.833333,60,1,Pass Intensity: High (Good for breaking lines),Open Play: Scanning for teammates recommended,Vision & Switch Play Drills,Auto-Detecting...
0:00:54,60,1,Pass Intensity: High (Good for breaking lines),Open Play: Scanning for teammates recommended,Vision & Switch Play Drills,Auto-Detecting...
0:00:54.166667,100,1,Calculating...,Control: Excellent Close-quarter Handling,Maintain Daily Progress,Auto-Detecting...
0:00:54.333333,100,1,Calculating...,Control: Excellent Close-quarter Handling,Maintain Daily Progress,Auto-Detecting...
0:00:54.500000,60,1,Calculating...,Open Play: Scanning for teammates recommended,Vision & Switch Play Drills,Auto-Detecting...
0:00:54.666667,60,1,Calculating...,Open Play: Scanning for teammates recommended,Vision & Switch Play Drills,Auto-Detecting...
0:00:54.833333,60,0,Calculating...,Open Play: Scanning for teammates recommended,Vision & Switch Play Drills,Auto-Detecting...
0:00:55,60,0,Calculating...,Open Play: Scanning for teammates recommended,Vision & Switch Play Drills,Auto-Detecting...
0:00:55.166667,60,0,Calculating...,Open Play: Scanning for teammates recommended,Vision & Switch Play Drills,Auto-Detecting...
0:00:55.333333,60,0,Calculating...,Open Play: Scanning for teammates recommended,Vision & Switch Play Drills,Auto-Detecting...
0:00:55.500000,60,0,Calculating...,Open Play: Scanning for teammates recommended,Vision & Switch Play Drills,Auto-Detecting...
0:00:55.666667,60,0,Calculating...,Open Play: Scanning for teammates recommended,Vision & Switch Play Drills,Auto-Detecting...
0:00:55.833333,60,0,Calculating...,Open Play: Scanning for teammates recommended,Vision & Switch Play Drills,Auto-Detecting...
0:00:56,60,0,Calculating...,Open Play: Scanning for teammates recommended,Vision & Switch Play Drills,Auto-Detecting...
0:00:56.166667,60,0,Calculating...,Open Play: Scanning for teammates recommended,Vision & Switch Play Drills,Auto-Detecting...
0:00:56.333333,60,0,Calculating...,Open Play: Scanning for teammates recommended,Vision & Switch Play Drills,Auto-Detecting...
0:00:56.500000,60,0,Calculating...,Open Play: Scanning for teammates recommended,Vision & Switch Play Drills,Auto-Detecting...
0:00:56.666667,60,0,Pass Intensity: High (Good for breaking lines),Open Play: Scanning for teammates recommended,Vision & Switch Play Drills,Auto-Detecting...
0:00:56.833333,60,0,Calculating...,Open Play: Scanning for teammates recommended,Vision & Switch Play Drills,Auto-Detecting...
0:00:57,60,0,Pass Intensity: High (Good for breaking lines),Open Play: Scanning for teammates recommended,Vision & Switch Play Drills,Auto-Detecting...
0:00:57.166667,60,0,Calculating...,Open Play: Scanning for teammates recommended,Vision & Switch Play Drills,Auto-Detecting...
0:00:57.333333,60,0,Dead Ball: Slow play or recovery needed,Open Play: Scanning for teammates recommended,Vision & Switch Play Drills,Auto-Detecting...
0:00:57.500000,60,0,Dead Ball: Slow play or recovery needed,Open Play: Scanning for teammates recommended,Vision & Switch Play Drills,Auto-Detecting...
0:00:57.666667,60,0,Dead Ball: Slow play or recovery needed,Open Play: Scanning for teammates recommended,Vision & Switch Play Drills,Auto-Detecting...
0:00:57.833333,60,0,Dead Ball: Slow play or recovery needed,Open Play: Scanning for teammates recommended,Vision & Switch Play Drills,Auto-Detecting...
0:00:58,60,0,Dead Ball: Slow play or recovery needed,Open Play: Scanning for teammates recommended,Vision & Switch Play Drills,Auto-Detecting...
0:00:58.166667,60,0,Dead Ball: Slow play or recovery needed,Open Play: Scanning for teammates recommended,Vision & Switch Play Drills,Auto-Detecting...
0:00:58.333333,60,0,Dead Ball: Slow play or recovery needed,Open Play: Scanning for teammates recommended,Vision & Switch Play Drills,Auto-Detecting...
0:00:58.500000,60,0,Dead Ball: Slow play or recovery needed,Open Play: Scanning for teammates recommended,Vision & Switch Play Drills,Auto-Detecting...
0:00:58.666667,60,0,Dead Ball: Slow play or recovery needed,Open Play: Scanning for teammates recommended,Vision & Switch Play Drills,Auto-Detecting...
0:00:58.833333,60,0,Dead Ball: Slow play or recovery needed,Open Play: Scanning for teammates recommended,Vision & Switch Play Drills,Auto-Detecting...
0:00:59,60,0,Dead Ball: Slow play or recovery needed,Open Play: Scanning for teammates recommended,Vision & Switch Play Drills,Auto-Detecting...
0:00:59.166667,60,0,Dead Ball: Slow play or recovery needed,Open Play: Scanning for teammates recommended,Vision & Switch Play Drills,Auto-Detecting...
0:00:59.333333,60,0,Dead Ball: Slow play or recovery needed,Open Play: Scanning for teammates recommended,Vision & Switch Play Drills,Auto-Detecting...
0:00:59.500000,60,0,Pass Intensity: High (Good for breaking lines),Open Play: Scanning for teammates recommended,Vision & Switch Play Drills,Auto-Detecting...
0:00:59.666667,60,0,Pass Intensity: High (Good for breaking lines),Open Play: Scanning for teammates recommended,Vision & Switch Play Drills,Auto-Detecting...
0:00:59.833333,60,0,Dead Ball: Slow play or recovery needed,Open Play: Scanning for teammates recommended,Vision & Switch Play Drills,Auto-Detecting...
0:01:00,60,0,Dead Ball: Slow play or recovery needed,Open Play: Scanning for teammates recommended,Vision & Switch Play Drills,Auto-Detecting...
0:01:00.166667,60,0,Dead Ball: Slow play or recovery needed,Open Play: Scanning for teammates recommended,Vision & Switch Play Drills,Auto-Detecting...
0:01:00.333333,60,0,Dead Ball: Slow play or recovery needed,Open Play: Scanning for teammates recommended,Vision & Switch Play Drills,Auto-Detecting...
0:01:00.500000,60,0,Dead Ball: Slow play or recovery needed,Open Play: Scanning for teammates recommended,Vision & Switch Play Drills,Auto-Detecting...
0:01:00.666667,60,0,Dead Ball: Slow play or recovery needed,Open Play: Scanning for teammates recommended,Vision & Switch Play Drills,Auto-Detecting...
0:01:00.833333,60,0,Dead Ball: Slow play or recovery needed,Open Play: Scanning for teammates recommended,Vision & Switch Play Drills,Auto-Detecting...
0:01:01,60,0,Dead Ball: Slow play or recovery needed,Open Play: Scanning for teammates recommended,Vision & Switch Play Drills,Auto-Detecting...
0:01:01.166667,60,0,Dead Ball: Slow play or recovery needed,Open Play: Scanning for teammates recommended,Vision & Switch Play Drills,Auto-Detecting...
0:01:01.333333,60,0,Dead Ball: Slow play or recovery needed,Open Play: Scanning for teammates recommended,Vision & Switch Play Drills,Auto-Detecting...
0:01:01.500000,60,0,Dead Ball: Slow play or recovery needed,Open Play: Scanning for teammates recommended,Vision & Switch Play Drills,Auto-Detecting...
0:01:01.666667,60,0,Dead Ball: Slow play or recovery needed,Open Play: Scanning for teammates recommended,Vision & Switch Play Drills,Auto-Detecting...
0:01:01.833333,60,0,Dead Ball: Slow play or recovery needed,Open Play: Scanning for teammates recommended,Vision & Switch Play Drills,Auto-Detecting...
0:01:02,60,0,Dead Ball: Slow play or recovery needed,Open Play: Scanning for teammates recommended,Vision & Switch Play Drills,Auto-Detecting...
0:01:02.166667,60,0,Dead Ball: Slow play or recovery needed,Open Play: Scanning for teammates recommended,Vision & Switch Play Drills,Auto-Detecting...
0:01:02.333333,60,0,Dead Ball: Slow play or recovery needed,Open Play: Scanning for teammates recommended,Vision & Switch Play Drills,Auto-Detecting...
0:01:02.500000,60,0,Dead Ball: Slow play or recovery needed,Open Play: Scanning for teammates recommended,Vision & Switch Play Drills,Auto-Detecting...
0:01:02.666667,60,0,Dead Ball: Slow play or recovery needed,Open Play: Scanning for teammates recommended,Vision & Switch Play Drills,Auto-Detecting...
0:01:02.833333,60,0,Dead Ball: Slow play or recovery needed,Open Play: Scanning for teammates recommended,Vision & Switch Play Drills,Auto-Detecting...
0:01:03,60,0,Dead Ball: Slow play or recovery needed,Open Play: Scanning for teammates recommended,Vision & Switch Play Drills,Auto-Detecting...
0:01:03.166667,60,0,Dead Ball: Slow play or recovery needed,Open Play: Scanning for teammates recommended,Vision & Switch Play Drills,Auto-Detecting...
0:01:03.333333,60,0,Dead Ball: Slow play or recovery needed,Open Play: Scanning for teammates recommended,Vision & Switch Play Drills,Auto-Detecting...
0:01:03.500000,60,0,Dead Ball: Slow play or recovery needed,Open Play: Scanning for teammates recommended,Vision & Switch Play Drills,Auto-Detecting...
0:01:03.666667,60,0,Dead Ball: Slow play or recovery needed,Open Play: Scanning for teammates recommended,Vision & Switch Play Drills,Auto-Detecting...
0:01:03.833333,60,0,Dead Ball: Slow play or recovery needed,Open Play: Scanning for teammates recommended,Vision & Switch Play Drills,Auto-Detecting...
0:01:04,60,1,Pass Intensity: High (Good for breaking lines),Open Play: Scanning for teammates recommended,Vision & Switch Play Drills,Auto-Detecting...
0:01:04.166667,60,0,Pass Intensity: High (Good for breaking lines),Open Play: Scanning for teammates recommended,Vision & Switch Play Drills,Auto-Detecting...
0:01:04.333333,60,1,Pass Intensity: High (Good for breaking lines),Open Play: Scanning for teammates recommended,Vision & Switch Play Drills,Auto-Detecting...
0:01:04.500000,60,0,Dead Ball: Slow play or recovery needed,Open Play: Scanning for teammates recommended,Vision & Switch Play Drills,Auto-Detecting...
0:01:04.666667,60,0,Dead Ball: Slow play or recovery needed,Open Play: Scanning for teammates recommended,Vision & Switch Play Drills,Auto-Detecting...
0:01:04.833333,60,0,Dead Ball: Slow play or recovery needed,Open Play: Scanning for teammates recommended,Vision & Switch Play Drills,Auto-Detecting...
0:01:05,60,0,Dead Ball: Slow play or recovery needed,Open Play: Scanning for teammates recommended,Vision & Switch Play Drills,Auto-Detecting...
0:01:05.166667,60,0,Dead Ball: Slow play or recovery needed,Open Play: Scanning for teammates recommended,Vision & Switch Play Drills,Auto-Detecting...
0:01:05.333333,60,0,Dead Ball: Slow play or recovery needed,Open Play: Scanning for teammates recommended,Vision & Switch Play Drills,Auto-Detecting...
0:01:05.500000,60,0,Dead Ball: Slow play or recovery needed,Open Play: Scanning for teammates recommended,Vision & Switch Play Drills,Auto-Detecting...
0:01:05.666667,60,0,Dead Ball: Slow play or recovery needed,Open Play: Scanning for teammates recommended,Vision & Switch Play Drills,Auto-Detecting...
0:01:05.833333,60,0,Dead Ball: Slow play or recovery needed,Open Play: Scanning for teammates recommended,Vision & Switch Play Drills,Auto-Detecting...
0:01:06,60,0,Dead Ball: Slow play or recovery needed,Open Play: Scanning for teammates recommended,Vision & Switch Play Drills,Auto-Detecting...
0:01:06.166667,60,0,Dead Ball: Slow play or recovery needed,Open Play: Scanning for teammates recommended,Vision & Switch Play Drills,Auto-Detecting...
0:01:06.333333,60,0,Dead Ball: Slow play or recovery needed,Open Play: Scanning for teammates recommended,Vision & Switch Play Drills,Auto-Detecting...
0:01:06.500000,60,0,Dead Ball: Slow play or recovery needed,Open Play: Scanning for teammates recommended,Vision & Switch Play Drills,Auto-Detecting...
0:01:06.666667,60,0,Pass Intensity: High (Good for breaking lines),Open Play: Scanning for teammates recommended,Vision & Switch Play Drills,Auto-Detecting...
0:01:06.833333,60,0,Dead Ball: Slow play or recovery needed,Open Play: Scanning for teammates recommended,Vision & Switch Play Drills,Auto-Detecting...
0:01:07,60,0,Pass Intensity: High (Good for breaking lines),Open Play: Scanning for teammates recommended,Vision & Switch Play Drills,Auto-Detecting...
0:01:07.166667,60,1,Dead Ball: Slow play or recovery needed,Open Play: Scanning for teammates recommended,Vision & Switch Play Drills,Auto-Detecting...
0:01:07.333333,60,0,Pass Intensity: High (Good for breaking lines),Open Play: Scanning for teammates recommended,Vision & Switch Play Drills,Auto-Detecting...
0:01:07.500000,60,0,Dead Ball: Slow play or recovery needed,Open Play: Scanning for teammates recommended,Vision & Switch Play Drills,Auto-Detecting...
0:01:07.666667,60,0,Pass Intensity: High (Good for breaking lines),Open Play: Scanning for teammates recommended,Vision & Switch Play Drills,Auto-Detecting...
0:01:07.833333,60,0,Pass Intensity: High (Good for breaking lines),Open Play: Scanning for teammates recommended,Vision & Switch Play Drills,Auto-Detecting...
0:01:08,60,0,Calculating...,Open Play: Scanning for teammates recommended,Vision & Switch Play Drills,Auto-Detecting...
0:01:08.166667,60,0,Calculating...,Open Play: Scanning for teammates recommended,Vision & Switch Play Drills,Auto-Detecting...
0:01:08.333333,60,0,Pass Intensity: High (Good for breaking lines),Open Play: Scanning for teammates recommended,Vision & Switch Play Drills,Auto-Detecting...
0:01:08.500000,60,0,Calculating...,Open Play: Scanning for teammates recommended,Vision & Switch Play Drills,Auto-Detecting...
0:01:08.666667,60,0,Calculating...,Open Play: Scanning for teammates recommended,Vision & Switch Play Drills,Auto-Detecting...
0:01:08.833333,60,0,Calculating...,Open Play: Scanning for teammates recommended,Vision & Switch Play Drills,Auto-Detecting...
0:01:09,60,0,Calculating...,Open Play: Scanning for teammates recommended,Vision & Switch Play Drills,Auto-Detecting...
0:01:09.166667,60,0,Calculating...,Open Play: Scanning for teammates recommended,Vision & Switch Play Drills,Auto-Detecting...
0:01:09.333333,60,0,Calculating...,Open Play: Scanning for teammates recommended,Vision & Switch Play Drills,Auto-Detecting...
0:01:09.500000,60,0,Calculating...,Open Play: Scanning for teammates recommended,Vision & Switch Play Drills,Auto-Detecting...
0:01:09.666667,60,2,Calculating...,Open Play: Scanning for teammates recommended,Vision & Switch Play Drills,Auto-Detecting...
0:01:09.833333,100,3,Calculating...,Control: Excellent Close-quarter Handling,Maintain Daily Progress,Auto-Detecting...
0:01:10,100,2,Calculating...,Control: Excellent Close-quarter Handling,Maintain Daily Progress,Auto-Detecting...
0:01:10.166667,60,1,Pass Intensity: High (Good for breaking lines),Open Play: Scanning for teammates recommended,Vision & Switch Play Drills,Auto-Detecting...
0:01:10.333333,60,0,Dead Ball: Slow play or recovery needed,Open Play: Scanning for teammates recommended,Vision & Switch Play Drills,Auto-Detecting...
0:01:10.500000,60,0,Calculating...,Open Play: Scanning for teammates recommended,Vision & Switch Play Drills,Auto-Detecting...
0:01:10.666667,60,0,Calculating...,Open Play: Scanning for teammates recommended,Vision & Switch Play Drills,Auto-Detecting...
0:01:10.833333,60,0,Calculating...,Open Play: Scanning for teammates recommended,Vision & Switch Play Drills,Auto-Detecting...
0:01:11,60,0,Calculating...,Open Play: Scanning for teammates recommended,Vision & Switch Play Drills,Auto-Detecting...
0:01:11.166667,60,0,Calculating...,Open Play: Scanning for teammates recommended,Vision & Switch Play Drills,Auto-Detecting...
0:01:11.333333,60,0,Calculating...,Open Play: Scanning for teammates recommended,Vision & Switch Play Drills,Auto-Detecting...
0:01:11.500000,60,0,Calculating...,Open Play: Scanning for teammates recommended,Vision & Switch Play Drills,Auto-Detecting...
0:01:11.666667,60,0,Dead Ball: Slow play or recovery needed,Open Play: Scanning for teammates recommended,Vision & Switch Play Drills,Auto-Detecting...
0:01:11.833333,60,0,Calculating...,Open Play: Scanning for teammates recommended,Vision & Switch Play Drills,Auto-Detecting...
0:01:12,60,0,Calculating...,Open Play: Scanning for teammates recommended,Vision & Switch Play Drills,Auto-Detecting...
0:01:12.166667,60,1,Pass Intensity: High (Good for breaking lines),Open Play: Scanning for teammates recommended,Vision & Switch Play Drills,Auto-Detecting...
0:01:12.333333,60,1,Calculating...,Open Play: Scanning for teammates recommended,Vision & Switch Play Drills,Auto-Detecting...
0:01:12.500000,60,1,Pass Intensity: High (Good for breaking lines),Open Play: Scanning for teammates recommended,Vision & Switch Play Drills,Auto-Detecting...
0:01:12.666667,60,1,Calculating...,Open Play: Scanning for teammates recommended,Vision & Switch Play Drills,Auto-Detecting...
0:01:12.833333,60,3,Calculating...,Alert: Heavy Touch under Pressure,Tight Space Dribbling (Cone Drills),Auto-Detecting...
0:01:13,60,2,Dead Ball: Slow play or recovery needed,Alert: Heavy Touch under Pressure,Tight Space Dribbling (Cone Drills),Auto-Detecting...
0:01:13.166667,60,2,Dead Ball: Slow play or recovery needed,Alert: Heavy Touch under Pressure,Tight Space Dribbling (Cone Drills),Auto-Detecting...
0:01:13.333333,60,2,Dead Ball: Slow play or recovery needed,Alert: Heavy Touch under Pressure,Tight Space Dribbling (Cone Drills),Auto-Detecting...
0:01:13.500000,60,3,Dead Ball: Slow play or recovery needed,Alert: Heavy Touch under Pressure,Tight Space Dribbling (Cone Drills),Auto-Detecting...
0:01:13.666667,60,2,Dead Ball: Slow play or recovery needed,Alert: Heavy Touch under Pressure,Tight Space Dribbling (Cone Drills),Auto-Detecting...
0:01:13.833333,60,2,Dead Ball: Slow play or recovery needed,Alert: Heavy Touch under Pressure,Tight Space Dribbling (Cone Drills),Auto-Detecting...
0:01:14,60,3,Dead Ball: Slow play or recovery needed,Alert: Heavy Touch under Pressure,Tight Space Dribbling (Cone Drills),Auto-Detecting...
0:01:14.166667,60,2,Dead Ball: Slow play or recovery needed,Alert: Heavy Touch under Pressure,Tight Space Dribbling (Cone Drills),Auto-Detecting...
0:01:14.333333,60,1,Dead Ball: Slow play or recovery needed,Open Play: Scanning for teammates recommended,Vision & Switch Play Drills,Auto-Detecting...
0:01:14.500000,60,1,Dead Ball: Slow play or recovery needed,Open Play: Scanning for teammates recommended,Vision & Switch Play Drills,Auto-Detecting...
0:01:14.666667,60,2,Dead Ball: Slow play or recovery needed,Open Play: Scanning for teammates recommended,Vision & Switch Play Drills,Auto-Detecting...
0:01:14.833333,60,1,Dead Ball: Slow play or recovery needed,Open Play: Scanning for teammates recommended,Vision & Switch Play Drills,Auto-Detecting...
0:01:15,60,2,Dead Ball: Slow play or recovery needed,Open Play: Scanning for teammates recommended,Vision & Switch Play Drills,Auto-Detecting...
0:01:15.166667,60,2,Dead Ball: Slow play or recovery needed,Open Play: Scanning for teammates recommended,Vision & Switch Play Drills,Auto-Detecting...
0:01:15.333333,60,2,Dead Ball: Slow play or recovery needed,Alert: Heavy Touch under Pressure,Tight Space Dribbling (Cone Drills),Auto-Detecting...
0:01:15.500000,60,1,Dead Ball: Slow play or recovery needed,Open Play: Scanning for teammates recommended,Vision & Switch Play Drills,Auto-Detecting...
0:01:15.666667,60,0,Pass Intensity: High (Good for breaking lines),Open Play: Scanning for teammates recommended,Vision & Switch Play Drills,Auto-Detecting...
0:01:15.833333,60,0,Calculating...,Open Play: Scanning for teammates recommended,Vision & Switch Play Drills,Auto-Detecting...
0:01:16,60,0,Calculating...,Open Play: Scanning for teammates recommended,Vision & Switch Play Drills,Auto-Detecting...
0:01:16.166667,60,0,Pass Intensity: High (Good for breaking lines),Open Play: Scanning for teammates recommended,Vision & Switch Play Drills,Auto-Detecting...
0:01:16.333333,60,0,Dead Ball: Slow play or recovery needed,Open Play: Scanning for teammates recommended,Vision & Switch Play Drills,Auto-Detecting...
0:01:16.500000,60,0,Dead Ball: Slow play or recovery needed,Open Play: Scanning for teammates recommended,Vision & Switch Play Drills,Auto-Detecting...
0:01:16.666667,60,0,Dead Ball: Slow play or recovery needed,Open Play: Scanning for teammates recommended,Vision & Switch Play Drills,Auto-Detecting...
0:01:16.833333,60,0,Dead Ball: Slow play or recovery needed,Open Play: Scanning for teammates recommended,Vision & Switch Play Drills,Auto-Detecting...
0:01:17,60,0,Dead Ball: Slow play or recovery needed,Open Play: Scanning for teammates recommended,Vision & Switch Play Drills,Auto-Detecting...
0:01:17.166667,60,0,Dead Ball: Slow play or recovery needed,Open Play: Scanning for teammates recommended,Vision & Switch Play Drills,Auto-Detecting...
0:01:17.333333,60,0,Dead Ball: Slow play or recovery needed,Open Play: Scanning for teammates recommended,Vision & Switch Play Drills,Auto-Detecting...
0:01:17.500000,60,0,Dead Ball: Slow play or recovery needed,Open Play: Scanning for teammates recommended,Vision & Switch Play Drills,Auto-Detecting...
0:01:17.666667,60,0,Pass Intensity: High (Good for breaking lines),Open Play: Scanning for teammates recommended,Vision & Switch Play Drills,Auto-Detecting...
0:01:17.833333,60,1,Pass Intensity: High (Good for breaking lines),Open Play: Scanning for teammates recommended,Vision & Switch Play Drills,Auto-Detecting...
0:01:18,60,1,Pass Intensity: High (Good for breaking lines),Open Play: Scanning for teammates recommended,Vision & Switch Play Drills,Auto-Detecting...
0:01:18.166667,60,0,Calculating...,Open Play: Scanning for teammates recommended,Vision & Switch Play Drills,Auto-Detecting...
0:01:18.333333,60,0,Pass Intensity: High (Good for breaking lines),Open Play: Scanning for teammates recommended,Vision & Switch Play Drills,Auto-Detecting...
0:01:18.500000,60,0,Calculating...,Open Play: Scanning for teammates recommended,Vision & Switch Play Drills,Auto-Detecting...
0:01:18.666667,60,0,Calculating...,Open Play: Scanning for teammates recommended,Vision & Switch Play Drills,Auto-Detecting...
0:01:18.833333,60,0,Calculating...,Open Play: Scanning for teammates recommended,Vision & Switch Play Drills,Auto-Detecting...
0:01:19,60,0,Dead Ball: Slow play or recovery needed,Open Play: Scanning for teammates recommended,Vision & Switch Play Drills,Auto-Detecting...
0:01:19.166667,60,0,Dead Ball: Slow play or recovery needed,Open Play: Scanning for teammates recommended,Vision & Switch Play Drills,Auto-Detecting...
0:01:19.333333,60,0,Dead Ball: Slow play or recovery needed,Open Play: Scanning for teammates recommended,Vision & Switch Play Drills,Auto-Detecting...
0:01:19.500000,60,0,Dead Ball: Slow play or recovery needed,Open Play: Scanning for teammates recommended,Vision & Switch Play Drills,Auto-Detecting...
0:01:19.666667,60,0,Dead Ball: Slow play or recovery needed,Open Play: Scanning for teammates recommended,Vision & Switch Play Drills,Auto-Detecting...
0:01:19.833333,60,0,Dead Ball: Slow play or recovery needed,Open Play: Scanning for teammates recommended,Vision & Switch Play Drills,Auto-Detecting...
0:01:20,60,0,Calculating...,Open Play: Scanning for teammates recommended,Vision & Switch Play Drills,Auto-Detecting...
0:01:20.166667,60,0,Dead Ball: Slow play or recovery needed,Open Play: Scanning for teammates recommended,Vision & Switch Play Drills,Auto-Detecting...
0:01:20.333333,60,0,Calculating...,Open Play: Scanning for teammates recommended,Vision & Switch Play Drills,Auto-Detecting...
0:01:20.500000,60,0,Calculating...,Open Play: Scanning for teammates recommended,Vision & Switch Play Drills,Auto-Detecting...
0:01:20.666667,60,0,Calculating...,Open Play: Scanning for teammates recommended,Vision & Switch Play Drills,Auto-Detecting...
0:01:20.833333,60,0,Dead Ball: Slow play or recovery needed,Open Play: Scanning for teammates recommended,Vision & Switch Play Drills,Auto-Detecting...
0:01:21,60,0,Dead Ball: Slow play or recovery needed,Open Play: Scanning for teammates recommended,Vision & Switch Play Drills,Auto-Detecting...
0:01:21.166667,60,0,Dead Ball: Slow play or recovery needed,Open Play: Scanning for teammates recommended,Vision & Switch Play Drills,Auto-Detecting...
0:01:21.333333,60,0,Dead Ball: Slow play or recovery needed,Open Play: Scanning for teammates recommended,Vision & Switch Play Drills,Auto-Detecting...
0:01:21.500000,60,0,Calculating...,Open Play: Scanning for teammates recommended,Vision & Switch Play Drills,Auto-Detecting...
0:01:21.666667,60,0,Dead Ball: Slow play or recovery needed,Open Play: Scanning for teammates recommended,Vision & Switch Play Drills,Auto-Detecting...
0:01:21.833333,60,0,Dead Ball: Slow play or recovery needed,Open Play: Scanning for teammates recommended,Vision & Switch Play Drills,Auto-Detecting...
0:01:22,60,1,Dead Ball: Slow play or recovery needed,Open Play: Scanning for teammates recommended,Vision & Switch Play Drills,Auto-Detecting...
0:01:22.166667,60,1,Dead Ball: Slow play or recovery needed,Open Play: Scanning for teammates recommended,Vision & Switch Play Drills,Auto-Detecting...
0:01:22.333333,60,0,Dead Ball: Slow play or recovery needed,Open Play: Scanning for teammates recommended,Vision & Switch Play Drills,Auto-Detecting...
0:01:22.500000,60,0,Dead Ball: Slow play or recovery needed,Open Play: Scanning for teammates recommended,Vision & Switch Play Drills,Auto-Detecting...
0:01:22.666667,60,0,Dead Ball: Slow play or recovery needed,Open Play: Scanning for teammates recommended,Vision & Switch Play Drills,Auto-Detecting...
0:01:22.833333,60,0,Dead Ball: Slow play or recovery needed,Open Play: Scanning for teammates recommended,Vision & Switch Play Drills,Auto-Detecting...
0:01:23,60,0,Dead Ball: Slow play or recovery needed,Open Play: Scanning for teammates recommended,Vision & Switch Play Drills,Auto-Detecting...
0:01:23.166667,60,1,Pass Intensity: High (Good for breaking lines),Open Play: Scanning for teammates recommended,Vision & Switch Play Drills,Auto-Detecting...
0:01:23.333333,60,0,Calculating...,Open Play: Scanning for teammates recommended,Vision & Switch Play Drills,Auto-Detecting...
0:01:23.500000,60,0,Calculating...,Open Play: Scanning for teammates recommended,Vision & Switch Play Drills,Auto-Detecting...
0:01:23.666667,60,0,Calculating...,Open Play: Scanning for teammates recommended,Vision & Switch Play Drills,Auto-Detecting...
0:01:23.833333,60,0,Pass Intensity: High (Good for breaking lines),Open Play: Scanning for teammates recommended,Vision & Switch Play Drills,Auto-Detecting...
0:01:24,60,0,Calculating...,Open Play: Scanning for teammates recommended,Vision & Switch Play Drills,Auto-Detecting...
0:01:24.166667,60,0,Calculating...,Open Play: Scanning for teammates recommended,Vision & Switch Play Drills,Auto-Detecting...
0:01:24.333333,60,0,Dead Ball: Slow play or recovery needed,Open Play: Scanning for teammates recommended,Vision & Switch Play Drills,Auto-Detecting...
0:01:24.500000,60,0,Calculating...,Open Play: Scanning for teammates recommended,Vision & Switch Play Drills,Auto-Detecting...
0:01:24.666667,60,0,Calculating...,Open Play: Scanning for teammates recommended,Vision & Switch Play Drills,Auto-Detecting...
0:01:24.833333,60,0,Calculating...,Open Play: Scanning for teammates recommended,Vision & Switch Play Drills,Auto-Detecting...
0:01:25,60,0,Dead Ball: Slow play or recovery needed,Open Play: Scanning for teammates recommended,Vision & Switch Play Drills,Auto-Detecting...
0:01:25.166667,60,1,Dead Ball: Slow play or recovery needed,Open Play: Scanning for teammates recommended,Vision & Switch Play Drills,Auto-Detecting...
0:01:25.333333,60,0,Calculating...,Open Play: Scanning for teammates recommended,Vision & Switch Play Drills,Auto-Detecting...
0:01:25.500000,60,0,Pass Intensity: High (Good for breaking lines),Open Play: Scanning for teammates recommended,Vision & Switch Play Drills,Auto-Detecting...
0:01:25.666667,60,0,Calculating...,Open Play: Scanning for teammates recommended,Vision & Switch Play Drills,Auto-Detecting...
0:01:25.833333,60,0,Calculating...,Open Play: Scanning for teammates recommended,Vision & Switch Play Drills,Auto-Detecting...
0:01:26,60,1,Calculating...,Open Play: Scanning for teammates recommended,Vision & Switch Play Drills,Auto-Detecting...
0:01:26.166667,60,0,Calculating...,Open Play: Scanning for teammates recommended,Vision & Switch Play Drills,Auto-Detecting...
0:01:26.333333,60,2,Pass Intensity: High (Good for breaking lines),Open Play: Scanning for teammates recommended,Vision & Switch Play Drills,Auto-Detecting...
0:01:26.500000,60,0,Calculating...,Open Play: Scanning for teammates recommended,Vision & Switch Play Drills,Auto-Detecting...
0:01:26.666667,60,0,Calculating...,Open Play: Scanning for teammates recommended,Vision & Switch Play Drills,Auto-Detecting...
0:01:26.833333,60,0,Calculating...,Open Play: Scanning for teammates recommended,Vision & Switch Play Drills,Auto-Detecting...
0:01:27,60,0,Calculating...,Open Play: Scanning for teammates recommended,Vision & Switch Play Drills,Auto-Detecting...
0:01:27.166667,60,1,Calculating...,Open Play: Scanning for teammates recommended,Vision & Switch Play Drills,Auto-Detecting...
0:01:27.333333,60,0,Calculating...,Open Play: Scanning for teammates recommended,Vision & Switch Play Drills,Auto-Detecting...
0:01:27.500000,60,1,Pass Intensity: High (Good for breaking lines),Open Play: Scanning for teammates recommended,Vision & Switch Play Drills,Auto-Detecting...
0:01:27.666667,60,0,Pass Intensity: High (Good for breaking lines),Open Play: Scanning for teammates recommended,Vision & Switch Play Drills,Auto-Detecting...
0:01:27.833333,60,0,Pass Intensity: High (Good for breaking lines),Open Play: Scanning for teammates recommended,Vision & Switch Play Drills,Auto-Detecting...
0:01:28,60,0,Dead Ball: Slow play or recovery needed,Open Play: Scanning for teammates recommended,Vision & Switch Play Drills,Auto-Detecting...
0:01:28.166667,60,0,Dead Ball: Slow play or recovery needed,Open Play: Scanning for teammates recommended,Vision & Switch Play Drills,Auto-Detecting...
0:01:28.333333,60,0,Dead Ball: Slow play or recovery needed,Open Play: Scanning for teammates recommended,Vision & Switch Play Drills,Auto-Detecting...
0:01:28.500000,60,0,Dead Ball: Slow play or recovery needed,Open Play: Scanning for teammates recommended,Vision & Switch Play Drills,Auto-Detecting...
0:01:28.666667,60,0,Dead Ball: Slow play or recovery needed,Open Play: Scanning for teammates recommended,Vision & Switch Play Drills,Auto-Detecting...
0:01:28.833333,60,0,Dead Ball: Slow play or recovery needed,Open Play: Scanning for teammates recommended,Vision & Switch Play Drills,Auto-Detecting...
0:01:29,60,0,Calculating...,Open Play: Scanning for teammates recommended,Vision & Switch Play Drills,Auto-Detecting...
0:01:29.166667,60,0,Calculating...,Open Play: Scanning for teammates recommended,Vision & Switch Play Drills,Auto-Detecting...
0:01:29.333333,60,0,Pass Intensity: High (Good for breaking lines),Open Play: Scanning for teammates recommended,Vision & Switch Play Drills,Auto-Detecting...
0:01:29.500000,60,0,Pass Intensity: High (Good for breaking lines),Open Play: Scanning for teammates recommended,Vision & Switch Play Drills,Auto-Detecting...
0:01:29.666667,60,1,Pass Intensity: High (Good for breaking lines),Open Play: Scanning for teammates recommended,Vision & Switch Play Drills,Auto-Detecting...
0:01:29.833333,60,0,Pass Intensity: High (Good for breaking lines),Open Play: Scanning for teammates recommended,Vision & Switch Play Drills,Auto-Detecting...
0:01:30,60,0,Calculating...,Open Play: Scanning for teammates recommended,Vision & Switch Play Drills,Auto-Detecting...
0:01:30.166667,60,0,Pass Intensity: High (Good for breaking lines),Open Play: Scanning for teammates recommended,Vision & Switch Play Drills,Auto-Detecting...
0:01:30.333333,60,1,Pass Intensity: High (Good for breaking lines),Open Play: Scanning for teammates recommended,Vision & Switch Play Drills,Auto-Detecting...
0:01:30.500000,60,0,Pass Intensity: High (Good for breaking lines),Open Play: Scanning for teammates recommended,Vision & Switch Play Drills,Auto-Detecting...
0:01:30.666667,60,0,Pass Intensity: High (Good for breaking lines),Open Play: Scanning for teammates recommended,Vision & Switch Play Drills,Auto-Detecting...
0:01:30.833333,60,0,Pass Intensity: High (Good for breaking lines),Open Play: Scanning for teammates recommended,Vision & Switch Play Drills,Auto-Detecting...
0:01:31,60,0,Calculating...,Open Play: Scanning for teammates recommended,Vision & Switch Play Drills,Auto-Detecting...
0:01:31.166667,60,1,Pass Intensity: High (Good for breaking lines),Open Play: Scanning for teammates recommended,Vision & Switch Play Drills,Auto-Detecting...
0:01:31.333333,60,0,Dead Ball: Slow play or recovery needed,Open Play: Scanning for teammates recommended,Vision & Switch Play Drills,Auto-Detecting...
0:01:31.500000,60,0,Dead Ball: Slow play or recovery needed,Open Play: Scanning for teammates recommended,Vision & Switch Play Drills,Auto-Detecting...
0:01:31.666667,60,0,Pass Intensity: High (Good for breaking lines),Open Play: Scanning for teammates recommended,Vision & Switch Play Drills,Auto-Detecting...
0:01:31.833333,60,0,Dead Ball: Slow play or recovery needed,Open Play: Scanning for teammates recommended,Vision & Switch Play Drills,Auto-Detecting...
0:01:32,60,0,Dead Ball: Slow play or recovery needed,Open Play: Scanning for teammates recommended,Vision & Switch Play Drills,Auto-Detecting...
0:01:32.166667,60,0,Dead Ball: Slow play or recovery needed,Open Play: Scanning for teammates recommended,Vision & Switch Play Drills,Auto-Detecting...
0:01:32.333333,60,0,Calculating...,Open Play: Scanning for teammates recommended,Vision & Switch Play Drills,Auto-Detecting...
0:01:32.500000,60,0,Dead Ball: Slow play or recovery needed,Open Play: Scanning for teammates recommended,Vision & Switch Play Drills,Auto-Detecting...
0:01:32.666667,60,0,Dead Ball: Slow play or recovery needed,Open Play: Scanning for teammates recommended,Vision & Switch Play Drills,Auto-Detecting...
0:01:32.833333,60,0,Calculating...,Open Play: Scanning for teammates recommended,Vision & Switch Play Drills,Auto-Detecting...
0:01:33,60,0,Calculating...,Open Play: Scanning for teammates recommended,Vision & Switch Play Drills,Auto-Detecting...
0:01:33.166667,60,0,Calculating...,Open Play: Scanning for teammates recommended,Vision & Switch Play Drills,Auto-Detecting...
0:01:33.333333,60,0,Calculating...,Open Play: Scanning for teammates recommended,Vision & Switch Play Drills,Auto-Detecting...
0:01:33.500000,60,0,Pass Intensity: High (Good for breaking lines),Open Play: Scanning for teammates recommended,Vision & Switch Play Drills,Auto-Detecting...
0:01:33.666667,60,0,Pass Intensity: High (Good for breaking lines),Open Play: Scanning for teammates recommended,Vision & Switch Play Drills,Auto-Detecting...
0:01:33.833333,60,0,Calculating...,Open Play: Scanning for teammates recommended,Vision & Switch Play Drills,Auto-Detecting...
0:01:34,60,0,Pass Intensity: High (Good for breaking lines),Open Play: Scanning for teammates recommended,Vision & Switch Play Drills,Auto-Detecting...
0:01:34.166667,60,0,Pass Intensity: High (Good for breaking lines),Open Play: Scanning for teammates recommended,Vision & Switch Play Drills,Auto-Detecting...
0:01:34.333333,60,0,Calculating...,Open Play: Scanning for teammates recommended,Vision & Switch Play Drills,Auto-Detecting...
0:01:34.500000,60,0,Dead Ball: Slow play or recovery needed,Open Play: Scanning for teammates recommended,Vision & Switch Play Drills,Auto-Detecting...
0:01:34.666667,60,0,Calculating...,Open Play: Scanning for teammates recommended,Vision & Switch Play Drills,Auto-Detecting...
0:01:34.833333,60,0,Dead Ball: Slow play or recovery needed,Open Play: Scanning for teammates recommended,Vision & Switch Play Drills,Auto-Detecting...
0:01:35,60,0,Dead Ball: Slow play or recovery needed,Open Play: Scanning for teammates recommended,Vision & Switch Play Drills,Auto-Detecting...
0:01:35.166667,60,0,Dead Ball: Slow play or recovery needed,Open Play: Scanning for teammates recommended,Vision & Switch Play Drills,Auto-Detecting...
0:01:35.333333,60,0,Calculating...,Open Play: Scanning for teammates recommended,Vision & Switch Play Drills,Auto-Detecting...
0:01:35.500000,60,0,Calculating...,Open Play: Scanning for teammates recommended,Vision & Switch Play Drills,Auto-Detecting...
0:01:35.666667,60,0,Pass Intensity: High (Good for breaking lines),Open Play: Scanning for teammates recommended,Vision & Switch Play Drills,Auto-Detecting...
0:01:35.833333,60,0,Dead Ball: Slow play or recovery needed,Open Play: Scanning for teammates recommended,Vision & Switch Play Drills,Auto-Detecting...
0:01:36,60,0,Calculating...,Open Play: Scanning for teammates recommended,Vision & Switch Play Drills,Auto-Detecting...
0:01:36.166667,60,0,Calculating...,Open Play: Scanning for teammates recommended,Vision & Switch Play Drills,Auto-Detecting...
0:01:36.333333,60,0,Pass Intensity: High (Good for breaking lines),Open Play: Scanning for teammates recommended,Vision & Switch Play Drills,Auto-Detecting...
0:01:36.500000,60,0,Dead Ball: Slow play or recovery needed,Open Play: Scanning for teammates recommended,Vision & Switch Play Drills,Auto-Detecting...
0:01:36.666667,60,0,Dead Ball: Slow play or recovery needed,Open Play: Scanning for teammates recommended,Vision & Switch Play Drills,Auto-Detecting...
0:01:36.833333,60,0,Dead Ball: Slow play or recovery needed,Open Play: Scanning for teammates recommended,Vision & Switch Play Drills,Auto-Detecting...
0:01:37,60,0,Dead Ball: Slow play or recovery needed,Open Play: Scanning for teammates recommended,Vision & Switch Play Drills,Auto-Detecting...
0:01:37.166667,60,0,Dead Ball: Slow play or recovery needed,Open Play: Scanning for teammates recommended,Vision & Switch Play Drills,Auto-Detecting...
0:01:37.333333,60,0,Dead Ball: Slow play or recovery needed,Open Play: Scanning for teammates recommended,Vision & Switch Play Drills,Auto-Detecting...
0:01:37.500000,60,0,Pass Intensity: High (Good for breaking lines),Open Play: Scanning for teammates recommended,Vision & Switch Play Drills,Auto-Detecting...
0:01:37.666667,60,0,Pass Intensity: High (Good for breaking lines),Open Play: Scanning for teammates recommended,Vision & Switch Play Drills,Auto-Detecting...
0:01:37.833333,60,0,Dead Ball: Slow play or recovery needed,Open Play: Scanning for teammates recommended,Vision & Switch Play Drills,Auto-Detecting...
0:01:38,100,1,Pass Intensity: High (Good for breaking lines),Control: Excellent Close-quarter Handling,Maintain Daily Progress,Auto-Detecting...
0:01:38.166667,60,0,Pass Intensity: High (Good for breaking lines),Open Play: Scanning for teammates recommended,Vision & Switch Play Drills,Auto-Detecting...
0:01:38.333333,60,0,Dead Ball: Slow play or recovery needed,Open Play: Scanning for teammates recommended,Vision & Switch Play Drills,Auto-Detecting...
0:01:38.500000,60,0,Dead Ball: Slow play or recovery needed,Open Play: Scanning for teammates recommended,Vision & Switch Play Drills,Auto-Detecting...
0:01:38.666667,60,0,Pass Intensity: High (Good for breaking lines),Open Play: Scanning for teammates recommended,Vision & Switch Play Drills,Auto-Detecting...
0:01:38.833333,60,0,Pass Intensity: High (Good for breaking lines),Open Play: Scanning for teammates recommended,Vision & Switch Play Drills,Auto-Detecting...
0:01:39,60,0,Pass Intensity: High (Good for breaking lines),Open Play: Scanning for teammates recommended,Vision & Switch Play Drills,Auto-Detecting...
0:01:39.166667,60,0,Pass Intensity: High (Good for breaking lines),Open Play: Scanning for teammates recommended,Vision & Switch Play Drills,Auto-Detecting...
0:01:39.333333,60,0,Pass Intensity: High (Good for breaking lines),Open Play: Scanning for teammates recommended,Vision & Switch Play Drills,Auto-Detecting...
0:01:39.500000,60,0,Dead Ball: Slow play or recovery needed,Open Play: Scanning for teammates recommended,Vision & Switch Play Drills,Auto-Detecting...
0:01:39.666667,60,0,Dead Ball: Slow play or recovery needed,Open Play: Scanning for teammates recommended,Vision & Switch Play Drills,Auto-Detecting...
0:01:39.833333,60,0,Dead Ball: Slow play or recovery needed,Open Play: Scanning for teammates recommended,Vision & Switch Play Drills,Auto-Detecting...
0:01:40,60,0,Dead Ball: Slow play or recovery needed,Open Play: Scanning for teammates recommended,Vision & Switch Play Drills,Auto-Detecting...
0:01:40.166667,60,1,Pass Intensity: High (Good for breaking lines),Open Play: Scanning for teammates recommended,Vision & Switch Play Drills,Auto-Detecting...
0:01:40.333333,60,0,Pass Intensity: High (Good for breaking lines),Open Play: Scanning for teammates recommended,Vision & Switch Play Drills,Auto-Detecting...
0:01:40.500000,60,0,Calculating...,Open Play: Scanning for teammates recommended,Vision & Switch Play Drills,Auto-Detecting...
0:01:40.666667,60,0,Calculating...,Open Play: Scanning for teammates recommended,Vision & Switch Play Drills,Auto-Detecting...
0:01:40.833333,60,1,Pass Intensity: High (Good for breaking lines),Open Play: Scanning for teammates recommended,Vision & Switch Play Drills,Auto-Detecting...
0:01:41,60,2,Pass Intensity: High (Good for breaking lines),Alert: Heavy Touch under Pressure,Tight Space Dribbling (Cone Drills),Auto-Detecting...
0:01:41.166667,60,0,Calculating...,Open Play: Scanning for teammates recommended,Vision & Switch Play Drills,Auto-Detecting...
0:01:41.333333,60,1,Pass Intensity: High (Good for breaking lines),Open Play: Scanning for teammates recommended,Vision & Switch Play Drills,Auto-Detecting...
0:01:41.500000,60,0,Calculating...,Open Play: Scanning for teammates recommended,Vision & Switch Play Drills,Auto-Detecting...
0:01:41.666667,60,1,Calculating...,Open Play: Scanning for teammates recommended,Vision & Switch Play Drills,Auto-Detecting...
0:01:41.833333,60,0,Pass Intensity: High (Good for breaking lines),Open Play: Scanning for teammates recommended,Vision & Switch Play Drills,Auto-Detecting...
0:01:42,60,0,Pass Intensity: High (Good for breaking lines),Open Play: Scanning for teammates recommended,Vision & Switch Play Drills,Auto-Detecting...
0:01:42.166667,60,0,Calculating...,Open Play: Scanning for teammates recommended,Vision & Switch Play Drills,Auto-Detecting...
0:01:42.333333,60,0,Calculating...,Open Play: Scanning for teammates recommended,Vision & Switch Play Drills,Auto-Detecting...
0:01:42.500000,60,0,Calculating...,Open Play: Scanning for teammates recommended,Vision & Switch Play Drills,Auto-Detecting...
0:01:42.666667,60,0,Calculating...,Open Play: Scanning for teammates recommended,Vision & Switch Play Drills,Auto-Detecting...
0:01:42.833333,60,0,Calculating...,Open Play: Scanning for teammates recommended,Vision & Switch Play Drills,Auto-Detecting...
0:01:43,60,0,Calculating...,Open Play: Scanning for teammates recommended,Vision & Switch Play Drills,Auto-Detecting...
0:01:43.166667,60,0,Calculating...,Open Play: Scanning for teammates recommended,Vision & Switch Play Drills,Auto-Detecting...
0:01:43.333333,60,0,Calculating...,Open Play: Scanning for teammates recommended,Vision & Switch Play Drills,Auto-Detecting...
0:01:43.500000,60,0,Calculating...,Open Play: Scanning for teammates recommended,Vision & Switch Play Drills,Auto-Detecting...
0:01:43.666667,60,0,Calculating...,Open Play: Scanning for teammates recommended,Vision & Switch Play Drills,Auto-Detecting...
0:01:43.833333,60,0,Calculating...,Open Play: Scanning for teammates recommended,Vision & Switch Play Drills,Auto-Detecting...
0:01:44,60,0,Dead Ball: Slow play or recovery needed,Open Play: Scanning for teammates recommended,Vision & Switch Play Drills,Auto-Detecting...
0:01:44.166667,60,0,Calculating...,Open Play: Scanning for teammates recommended,Vision & Switch Play Drills,Auto-Detecting...
0:01:44.333333,60,0,Dead Ball: Slow play or recovery needed,Open Play: Scanning for teammates recommended,Vision & Switch Play Drills,Auto-Detecting...
0:01:44.500000,60,1,Dead Ball: Slow play or recovery needed,Open Play: Scanning for teammates recommended,Vision & Switch Play Drills,Auto-Detecting...
0:01:44.666667,60,0,Dead Ball: Slow play or recovery needed,Open Play: Scanning for teammates recommended,Vision & Switch Play Drills,Auto-Detecting...
0:01:44.833333,60,0,Dead Ball: Slow play or recovery needed,Open Play: Scanning for teammates recommended,Vision & Switch Play Drills,Auto-Detecting...
0:01:45,60,0,Calculating...,Open Play: Scanning for teammates recommended,Vision & Switch Play Drills,Auto-Detecting...
0:01:45.166667,60,0,Calculating...,Open Play: Scanning for teammates recommended,Vision & Switch Play Drills,Auto-Detecting...
0:01:45.333333,60,0,Calculating...,Open Play: Scanning for teammates recommended,Vision & Switch Play Drills,Auto-Detecting...
0:01:45.500000,60,0,Calculating...,Open Play: Scanning for teammates recommended,Vision & Switch Play Drills,Auto-Detecting...
0:01:45.666667,60,2,Calculating...,Alert: Heavy Touch under Pressure,Tight Space Dribbling (Cone Drills),Auto-Detecting...
0:01:45.833333,60,0,Pass Intensity: High (Good for breaking lines),Open Play: Scanning for teammates recommended,Vision & Switch Play Drills,Auto-Detecting...
0:01:46,60,1,Pass Intensity: High (Good for breaking lines),Open Play: Scanning for teammates recommended,Vision & Switch Play Drills,Auto-Detecting...
0:01:46.166667,60,0,Calculating...,Open Play: Scanning for teammates recommended,Vision & Switch Play Drills,Auto-Detecting...
0:01:46.333333,60,0,Calculating...,Open Play: Scanning for teammates recommended,Vision & Switch Play Drills,Auto-Detecting...
0:01:46.500000,60,1,Calculating...,Open Play: Scanning for teammates recommended,Vision & Switch Play Drills,Auto-Detecting...
0:01:46.666667,60,2,Calculating...,Open Play: Scanning for teammates recommended,Vision & Switch Play Drills,Auto-Detecting...
0:01:46.833333,60,3,Dead Ball: Slow play or recovery needed,Open Play: Scanning for teammates recommended,Vision & Switch Play Drills,Auto-Detecting...
0:01:47,60,2,Dead Ball: Slow play or recovery needed,Open Play: Scanning for teammates recommended,Vision & Switch Play Drills,Auto-Detecting...
0:01:47.166667,60,1,Dead Ball: Slow play or recovery needed,Open Play: Scanning for teammates recommended,Vision & Switch Play Drills,Auto-Detecting...
0:01:47.333333,60,2,Dead Ball: Slow play or recovery needed,Open Play: Scanning for teammates recommended,Vision & Switch Play Drills,Auto-Detecting...
0:01:47.500000,60,2,Dead Ball: Slow play or recovery needed,Open Play: Scanning for teammates recommended,Vision & Switch Play Drills,Auto-Detecting...
0:01:47.666667,60,0,Dead Ball: Slow play or recovery needed,Open Play: Scanning for teammates recommended,Vision & Switch Play Drills,Auto-Detecting...
0:01:47.833333,60,0,Dead Ball: Slow play or recovery needed,Open Play: Scanning for teammates recommended,Vision & Switch Play Drills,Auto-Detecting...
0:01:48,60,2,Dead Ball: Slow play or recovery needed,Open Play: Scanning for teammates recommended,Vision & Switch Play Drills,Auto-Detecting...
0:01:48.166667,60,3,Pass Intensity: High (Good for breaking lines),Open Play: Scanning for teammates recommended,Vision & Switch Play Drills,Auto-Detecting...
0:01:48.333333,60,0,Pass Intensity: High (Good for breaking lines),Open Play: Scanning for teammates recommended,Vision & Switch Play Drills,Auto-Detecting...
0:01:48.500000,60,0,Dead Ball: Slow play or recovery needed,Open Play: Scanning for teammates recommended,Vision & Switch Play Drills,Auto-Detecting...
0:01:48.666667,60,0,Dead Ball: Slow play or recovery needed,Open Play: Scanning for teammates recommended,Vision & Switch Play Drills,Auto-Detecting...
0:01:48.833333,60,0,Dead Ball: Slow play or recovery needed,Open Play: Scanning for teammates recommended,Vision & Switch Play Drills,Auto-Detecting...
0:01:49,60,0,Pass Intensity: High (Good for breaking lines),Open Play: Scanning for teammates recommended,Vision & Switch Play Drills,Auto-Detecting...
0:01:49.166667,60,0,Dead Ball: Slow play or recovery needed,Open Play: Scanning for teammates recommended,Vision & Switch Play Drills,Auto-Detecting...
0:01:49.333333,60,0,Dead Ball: Slow play or recovery needed,Open Play: Scanning for teammates recommended,Vision & Switch Play Drills,Auto-Detecting...
0:01:49.500000,60,0,Calculating...,Open Play: Scanning for teammates recommended,Vision & Switch Play Drills,Auto-Detecting...
0:01:49.666667,60,0,Calculating...,Open Play: Scanning for teammates recommended,Vision & Switch Play Drills,Auto-Detecting...
0:01:49.833333,60,0,Calculating...,Open Play: Scanning for teammates recommended,Vision & Switch Play Drills,Auto-Detecting...
0:01:50,60,3,Pass Intensity: High (Good for breaking lines),Alert: Heavy Touch under Pressure,Tight Space Dribbling (Cone Drills),Auto-Detecting...
0:01:50.166667,60,2,Pass Intensity: High (Good for breaking lines),Alert: Heavy Touch under Pressure,Tight Space Dribbling (Cone Drills),Auto-Detecting...
0:01:50.333333,60,2,Calculating...,Alert: Heavy Touch under Pressure,Tight Space Dribbling (Cone Drills),Auto-Detecting...
0:01:50.500000,100,1,Calculating...,Control: Excellent Close-quarter Handling,Maintain Daily Progress,Auto-Detecting...
0:01:50.666667,60,1,Calculating...,Open Play: Scanning for teammates recommended,Vision & Switch Play Drills,Auto-Detecting...
0:01:50.833333,60,2,Pass Intensity: High (Good for breaking lines),Alert: Heavy Touch under Pressure,Tight Space Dribbling (Cone Drills),Auto-Detecting...
0:01:51,60,3,Pass Intensity: High (Good for breaking lines),Open Play: Scanning for teammates recommended,Vision & Switch Play Drills,Auto-Detecting...
0:01:51.166667,60,1,Calculating...,Open Play: Scanning for teammates recommended,Vision & Switch Play Drills,Auto-Detecting...
0:01:51.333333,60,0,Calculating...,Open Play: Scanning for teammates recommended,Vision & Switch Play Drills,Auto-Detecting...
0:01:51.500000,60,0,Calculating...,Open Play: Scanning for teammates recommended,Vision & Switch Play Drills,Auto-Detecting...
0:01:51.666667,60,0,Calculating...,Open Play: Scanning for teammates recommended,Vision & Switch Play Drills,Auto-Detecting...
0:01:51.833333,60,0,Calculating...,Open Play: Scanning for teammates recommended,Vision & Switch Play Drills,Auto-Detecting...
0:01:52,60,0,Calculating...,Open Play: Scanning for teammates recommended,Vision & Switch Play Drills,Auto-Detecting...
0:01:52.166667,60,0,Pass Intensity: High (Good for breaking lines),Open Play: Scanning for teammates recommended,Vision & Switch Play Drills,Auto-Detecting...
0:01:52.333333,60,0,Dead Ball: Slow play or recovery needed,Open Play: Scanning for teammates recommended,Vision & Switch Play Drills,Auto-Detecting...
0:01:52.500000,60,0,Calculating...,Open Play: Scanning for teammates recommended,Vision & Switch Play Drills,Auto-Detecting...
0:01:52.666667,60,0,Calculating...,Open Play: Scanning for teammates recommended,Vision & Switch Play Drills,Auto-Detecting...
0:01:52.833333,60,0,Calculating...,Open Play: Scanning for teammates recommended,Vision & Switch Play Drills,Auto-Detecting...
0:01:53,60,0,Calculating...,Open Play: Scanning for teammates recommended,Vision & Switch Play Drills,Auto-Detecting...
0:01:53.166667,60,0,Calculating...,Open Play: Scanning for teammates recommended,Vision & Switch Play Drills,Auto-Detecting...
0:01:53.333333,60,1,Calculating...,Open Play: Scanning for teammates recommended,Vision & Switch Play Drills,Auto-Detecting...
0:01:53.500000,60,0,Dead Ball: Slow play or recovery needed,Open Play: Scanning for teammates recommended,Vision & Switch Play Drills,Auto-Detecting...
0:01:53.666667,60,1,Pass Intensity: High (Good for breaking lines),Open Play: Scanning for teammates recommended,Vision & Switch Play Drills,Auto-Detecting...
0:01:53.833333,60,1,Pass Intensity: High (Good for breaking lines),Open Play: Scanning for teammates recommended,Vision & Switch Play Drills,Auto-Detecting...
0:01:54,60,0,Calculating...,Open Play: Scanning for teammates recommended,Vision & Switch Play Drills,Auto-Detecting...
0:01:54.166667,60,2,Pass Intensity: High (Good for breaking lines),Open Play: Scanning for teammates recommended,Vision & Switch Play Drills,Auto-Detecting...
0:01:54.333333,60,1,Pass Intensity: High (Good for breaking lines),Open Play: Scanning for teammates recommended,Vision & Switch Play Drills,Auto-Detecting...
0:01:54.500000,60,0,Calculating...,Open Play: Scanning for teammates recommended,Vision & Switch Play Drills,Auto-Detecting...
0:01:54.666667,60,0,Dead Ball: Slow play or recovery needed,Open Play: Scanning for teammates recommended,Vision & Switch Play Drills,Auto-Detecting...
0:01:54.833333,60,2,Dead Ball: Slow play or recovery needed,Alert: Heavy Touch under Pressure,Tight Space Dribbling (Cone Drills),Auto-Detecting...
0:01:55,60,3,Calculating...,Alert: Heavy Touch under Pressure,Tight Space Dribbling (Cone Drills),Auto-Detecting...
0:01:55.166667,60,2,Calculating...,Alert: Heavy Touch under Pressure,Tight Space Dribbling (Cone Drills),Auto-Detecting...
0:01:55.333333,100,2,Pass Intensity: High (Good for breaking lines),Control: Excellent Close-quarter Handling,Maintain Daily Progress,Auto-Detecting...
0:01:55.500000,60,1,Pass Intensity: High (Good for breaking lines),Open Play: Scanning for teammates recommended,Vision & Switch Play Drills,Auto-Detecting...
0:01:55.666667,60,0,Pass Intensity: High (Good for breaking lines),Open Play: Scanning for teammates recommended,Vision & Switch Play Drills,Auto-Detecting...
0:01:55.833333,60,0,Pass Intensity: High (Good for breaking lines),Open Play: Scanning for teammates recommended,Vision & Switch Play Drills,Auto-Detecting...
0:01:56,60,0,Calculating...,Open Play: Scanning for teammates recommended,Vision & Switch Play Drills,Auto-Detecting...
0:01:56.166667,60,0,Calculating...,Open Play: Scanning for teammates recommended,Vision & Switch Play Drills,Auto-Detecting...
0:01:56.333333,60,0,Pass Intensity: High (Good for breaking lines),Open Play: Scanning for teammates recommended,Vision & Switch Play Drills,Auto-Detecting...
0:01:56.500000,60,0,Pass Intensity: High (Good for breaking lines),Open Play: Scanning for teammates recommended,Vision & Switch Play Drills,Auto-Detecting...
0:01:56.666667,60,0,Pass Intensity: High (Good for breaking lines),Open Play: Scanning for teammates recommended,Vision & Switch Play Drills,Auto-Detecting...
0:01:56.833333,60,0,Pass Intensity: High (Good for breaking lines),Open Play: Scanning for teammates recommended,Vision & Switch Play Drills,Auto-Detecting...
0:01:57,100,1,Pass Intensity: High (Good for breaking lines),Control: Excellent Close-quarter Handling,Maintain Daily Progress,Auto-Detecting...
0:01:57.166667,60,3,Pass Intensity: High (Good for breaking lines),Alert: Heavy Touch under Pressure,Tight Space Dribbling (Cone Drills),Auto-Detecting...
0:01:57.333333,100,3,Calculating...,Control: Excellent Close-quarter Handling,Maintain Daily Progress,Auto-Detecting...
0:01:57.500000,60,0,Pass Intensity: High (Good for breaking lines),Open Play: Scanning for teammates recommended,Vision & Switch Play Drills,Auto-Detecting...
0:01:57.666667,60,0,Pass Intensity: High (Good for breaking lines),Open Play: Scanning for teammates recommended,Vision & Switch Play Drills,Auto-Detecting...
0:01:57.833333,60,0,Pass Intensity: High (Good for breaking lines),Open Play: Scanning for teammates recommended,Vision & Switch Play Drills,Auto-Detecting...
0:01:58,60,2,Pass Intensity: High (Good for breaking lines),Alert: Heavy Touch under Pressure,Tight Space Dribbling (Cone Drills),Auto-Detecting...
0:01:58.166667,60,1,Pass Intensity: High (Good for breaking lines),Open Play: Scanning for teammates recommended,Vision & Switch Play Drills,Auto-Detecting...
0:01:58.333333,60,0,Pass Intensity: High (Good for breaking lines),Open Play: Scanning for teammates recommended,Vision & Switch Play Drills,Auto-Detecting...
0:01:58.500000,60,0,Pass Intensity: High (Good for breaking lines),Open Play: Scanning for teammates recommended,Vision & Switch Play Drills,Auto-Detecting...
0:01:58.666667,60,1,Pass Intensity: High (Good for breaking lines),Open Play: Scanning for teammates recommended,Vision & Switch Play Drills,Auto-Detecting...
0:01:58.833333,60,2,Calculating...,Alert: Heavy Touch under Pressure,Tight Space Dribbling (Cone Drills),Auto-Detecting...
0:01:59,60,0,Pass Intensity: High (Good for breaking lines),Open Play: Scanning for teammates recommended,Vision & Switch Play Drills,Auto-Detecting...
0:01:59.166667,60,0,Calculating...,Open Play: Scanning for teammates recommended,Vision & Switch Play Drills,Auto-Detecting...
0:01:59.333333,60,0,Pass Intensity: High (Good for breaking lines),Open Play: Scanning for teammates recommended,Vision & Switch Play Drills,Auto-Detecting...
0:01:59.500000,60,1,Pass Intensity: High (Good for breaking lines),Open Play: Scanning for teammates recommended,Vision & Switch Play Drills,Auto-Detecting...
0:01:59.666667,100,1,Pass Intensity: High (Good for breaking lines),Control: Excellent Close-quarter Handling,Maintain Daily Progress,Auto-Detecting...
0:01:59.833333,60,1,Calculating...,Open Play: Scanning for teammates recommended,Vision & Switch Play Drills,Auto-Detecting...
0:02:00,60,1,Dead Ball: Slow play or recovery needed,Open Play: Scanning for teammates recommended,Vision & Switch Play Drills,Auto-Detecting...
0:02:00.166667,60,1,Calculating...,Open Play: Scanning for teammates recommended,Vision & Switch Play Drills,Auto-Detecting...
0:02:00.333333,60,1,Dead Ball: Slow play or recovery needed,Open Play: Scanning for teammates recommended,Vision & Switch Play Drills,Auto-Detecting...
0:02:00.500000,60,0,Dead Ball: Slow play or recovery needed,Open Play: Scanning for teammates recommended,Vision & Switch Play Drills,Auto-Detecting...
0:02:00.666667,60,0,Dead Ball: Slow play or recovery needed,Open Play: Scanning for teammates recommended,Vision & Switch Play Drills,Auto-Detecting...
0:02:00.833333,60,0,Dead Ball: Slow play or recovery needed,Open Play: Scanning for teammates recommended,Vision & Switch Play Drills,Auto-Detecting...
0:02:01,60,0,Dead Ball: Slow play or recovery needed,Open Play: Scanning for teammates recommended,Vision & Switch Play Drills,Auto-Detecting...
0:02:01.166667,60,0,Pass Intensity: High (Good for breaking lines),Open Play: Scanning for teammates recommended,Vision & Switch Play Drills,Auto-Detecting...
0:02:01.333333,60,0,Calculating...,Open Play: Scanning for teammates recommended,Vision & Switch Play Drills,Auto-Detecting...
0:02:01.500000,60,0,Pass Intensity: High (Good for breaking lines),Open Play: Scanning for teammates recommended,Vision & Switch Play Drills,Auto-Detecting...
0:02:01.666667,60,0,Calculating...,Open Play: Scanning for teammates recommended,Vision & Switch Play Drills,Auto-Detecting...
0:02:01.833333,60,0,Pass Intensity: High (Good for breaking lines),Open Play: Scanning for teammates recommended,Vision & Switch Play Drills,Auto-Detecting...
0:02:02,60,0,Pass Intensity: High (Good for breaking lines),Open Play: Scanning for teammates recommended,Vision & Switch Play Drills,Auto-Detecting...
0:02:02.166667,60,0,Calculating...,Open Play: Scanning for teammates recommended,Vision & Switch Play Drills,Auto-Detecting...
0:02:02.333333,60,0,Calculating...,Open Play: Scanning for teammates recommended,Vision & Switch Play Drills,Auto-Detecting...
0:02:02.500000,60,0,Pass Intensity: High (Good for breaking lines),Open Play: Scanning for teammates recommended,Vision & Switch Play Drills,Auto-Detecting...
0:02:02.666667,60,2,Pass Intensity: High (Good for breaking lines),Open Play: Scanning for teammates recommended,Vision & Switch Play Drills,Auto-Detecting...
0:02:02.833333,60,0,Calculating...,Open Play: Scanning for teammates recommended,Vision & Switch Play Drills,Auto-Detecting...
0:02:03,60,0,Pass Intensity: High (Good for breaking lines),Open Play: Scanning for teammates recommended,Vision & Switch Play Drills,Auto-Detecting...
0:02:03.166667,60,0,Calculating...,Open Play: Scanning for teammates recommended,Vision & Switch Play Drills,Auto-Detecting...
0:02:03.333333,60,0,Calculating...,Open Play: Scanning for teammates recommended,Vision & Switch Play Drills,Auto-Detecting...
0:02:03.500000,60,0,Pass Intensity: High (Good for breaking lines),Open Play: Scanning for teammates recommended,Vision & Switch Play Drills,Auto-Detecting...
0:02:03.666667,60,0,Calculating...,Open Play: Scanning for teammates recommended,Vision & Switch Play Drills,Auto-Detecting...
0:02:03.833333,60,0,Pass Intensity: High (Good for breaking lines),Open Play: Scanning for teammates recommended,Vision & Switch Play Drills,Auto-Detecting...
0:02:04,60,0,Pass Intensity: High (Good for breaking lines),Open Play: Scanning for teammates recommended,Vision & Switch Play Drills,Auto-Detecting...
0:02:04.166667,60,0,Pass Intensity: High (Good for breaking lines),Open Play: Scanning for teammates recommended,Vision & Switch Play Drills,Auto-Detecting...
0:02:04.333333,60,0,Pass Intensity: High (Good for breaking lines),Open Play: Scanning for teammates recommended,Vision & Switch Play Drills,Auto-Detecting...
0:02:04.500000,60,0,Pass Intensity: High (Good for breaking lines),Open Play: Scanning for teammates recommended,Vision & Switch Play Drills,Auto-Detecting...
0:02:04.666667,60,0,Pass Intensity: High (Good for breaking lines),Open Play: Scanning for teammates recommended,Vision & Switch Play Drills,Auto-Detecting...
0:02:04.833333,60,0,Calculating...,Open Play: Scanning for teammates recommended,Vision & Switch Play Drills,Auto-Detecting...
0:02:05,60,0,Pass Intensity: High (Good for breaking lines),Open Play: Scanning for teammates recommended,Vision & Switch Play Drills,Auto-Detecting...
0:02:05.166667,60,0,Pass Intensity: High (Good for breaking lines),Open Play: Scanning for teammates recommended,Vision & Switch Play Drills,Auto-Detecting...
0:02:05.333333,60,0,Pass Intensity: High (Good for breaking lines),Open Play: Scanning for teammates recommended,Vision & Switch Play Drills,Auto-Detecting...
0:02:05.500000,60,1,Pass Intensity: High (Good for breaking lines),Open Play: Scanning for teammates recommended,Vision & Switch Play Drills,Auto-Detecting...
0:02:05.666667,60,0,Pass Intensity: High (Good for breaking lines),Open Play: Scanning for teammates recommended,Vision & Switch Play Drills,Auto-Detecting...
0:02:05.833333,60,0,Pass Intensity: High (Good for breaking lines),Open Play: Scanning for teammates recommended,Vision & Switch Play Drills,Auto-Detecting...
0:02:06,60,0,Calculating...,Open Play: Scanning for teammates recommended,Vision & Switch Play Drills,Auto-Detecting...
0:02:06.166667,60,1,Pass Intensity: High (Good for breaking lines),Open Play: Scanning for teammates recommended,Vision & Switch Play Drills,Auto-Detecting...
0:02:06.333333,60,1,Pass Intensity: High (Good for breaking lines),Open Play: Scanning for teammates recommended,Vision & Switch Play Drills,Auto-Detecting...
0:02:06.500000,60,1,Calculating...,Open Play: Scanning for teammates recommended,Vision & Switch Play Drills,Auto-Detecting...
0:02:06.666667,60,1,Dead Ball: Slow play or recovery needed,Open Play: Scanning for teammates recommended,Vision & Switch Play Drills,Auto-Detecting...
0:02:06.833333,60,0,Calculating...,Open Play: Scanning for teammates recommended,Vision & Switch Play Drills,Auto-Detecting...
0:02:07,60,0,Dead Ball: Slow play or recovery needed,Open Play: Scanning for teammates recommended,Vision & Switch Play Drills,Auto-Detecting...
0:02:07.166667,60,0,Calculating...,Open Play: Scanning for teammates recommended,Vision & Switch Play Drills,Auto-Detecting...
0:02:07.333333,60,0,Calculating...,Open Play: Scanning for teammates recommended,Vision & Switch Play Drills,Auto-Detecting...
0:02:07.500000,60,0,Pass Intensity: High (Good for breaking lines),Open Play: Scanning for teammates recommended,Vision & Switch Play Drills,Auto-Detecting...
0:02:07.666667,60,0,Calculating...,Open Play: Scanning for teammates recommended,Vision & Switch Play Drills,Auto-Detecting...
0:02:07.833333,60,0,Pass Intensity: High (Good for breaking lines),Open Play: Scanning for teammates recommended,Vision & Switch Play Drills,Auto-Detecting...
0:02:08,60,0,Pass Intensity: High (Good for breaking lines),Open Play: Scanning for teammates recommended,Vision & Switch Play Drills,Auto-Detecting...
0:02:08.166667,60,0,Pass Intensity: High (Good for breaking lines),Open Play: Scanning for teammates recommended,Vision & Switch Play Drills,Auto-Detecting...
0:02:08.333333,60,0,Pass Intensity: High (Good for breaking lines),Open Play: Scanning for teammates recommended,Vision & Switch Play Drills,Auto-Detecting...
0:02:08.500000,60,0,Pass Intensity: High (Good for breaking lines),Open Play: Scanning for teammates recommended,Vision & Switch Play Drills,Auto-Detecting...
0:02:08.666667,60,0,Pass Intensity: High (Good for breaking lines),Open Play: Scanning for teammates recommended,Vision & Switch Play Drills,Auto-Detecting...
0:02:08.833333,60,0,Pass Intensity: High (Good for breaking lines),Open Play: Scanning for teammates recommended,Vision & Switch Play Drills,Auto-Detecting...
0:02:09,60,0,Pass Intensity: High (Good for breaking lines),Open Play: Scanning for teammates recommended,Vision & Switch Play Drills,Auto-Detecting...
0:02:09.166667,60,0,Calculating...,Open Play: Scanning for teammates recommended,Vision & Switch Play Drills,Auto-Detecting...
0:02:09.333333,60,0,Pass Intensity: High (Good for breaking lines),Open Play: Scanning for teammates recommended,Vision & Switch Play Drills,Auto-Detecting...
0:02:09.500000,60,0,Pass Intensity: High (Good for breaking lines),Open Play: Scanning for teammates recommended,Vision & Switch Play Drills,Auto-Detecting...
0:02:09.666667,60,0,Pass Intensity: High (Good for breaking lines),Open Play: Scanning for teammates recommended,Vision & Switch Play Drills,Auto-Detecting...
0:02:09.833333,60,0,Pass Intensity: High (Good for breaking lines),Open Play: Scanning for teammates recommended,Vision & Switch Play Drills,Auto-Detecting...
0:02:10,60,0,Calculating...,Open Play: Scanning for teammates recommended,Vision & Switch Play Drills,Auto-Detecting...
0:02:10.166667,60,0,Calculating...,Open Play: Scanning for teammates recommended,Vision & Switch Play Drills,Auto-Detecting...
0:02:10.333333,60,1,Pass Intensity: High (Good for breaking lines),Open Play: Scanning for teammates recommended,Vision & Switch Play Drills,Auto-Detecting...
0:02:10.500000,100,1,Pass Intensity: High (Good for breaking lines),Control: Excellent Close-quarter Handling,Maintain Daily Progress,Auto-Detecting...
0:02:10.666667,100,1,Calculating...,Control: Excellent Close-quarter Handling,Maintain Daily Progress,Auto-Detecting...
0:02:10.833333,60,0,Calculating...,Open Play: Scanning for teammates recommended,Vision & Switch Play Drills,Auto-Detecting...
0:02:11,60,2,Calculating...,Alert: Heavy Touch under Pressure,Tight Space Dribbling (Cone Drills),Auto-Detecting...
0:02:11.166667,60,2,Calculating...,Open Play: Scanning for teammates recommended,Vision & Switch Play Drills,Auto-Detecting...
0:02:11.333333,60,3,Calculating...,Alert: Heavy Touch under Pressure,Tight Space Dribbling (Cone Drills),Auto-Detecting...
0:02:11.500000,60,1,Calculating...,Open Play: Scanning for teammates recommended,Vision & Switch Play Drills,Auto-Detecting...
0:02:11.666667,60,3,Pass Intensity: High (Good for breaking lines),Alert: Heavy Touch under Pressure,Tight Space Dribbling (Cone Drills),Auto-Detecting...
0:02:11.833333,60,2,Calculating...,Open Play: Scanning for teammates recommended,Vision & Switch Play Drills,Auto-Detecting...
0:02:12,60,1,Calculating...,Open Play: Scanning for teammates recommended,Vision & Switch Play Drills,Auto-Detecting...
0:02:12.166667,60,2,Calculating...,Alert: Heavy Touch under Pressure,Tight Space Dribbling (Cone Drills),Auto-Detecting...
0:02:12.333333,60,0,Calculating...,Open Play: Scanning for teammates recommended,Vision & Switch Play Drills,Auto-Detecting...
0:02:12.500000,60,0,Calculating...,Open Play: Scanning for teammates recommended,Vision & Switch Play Drills,Auto-Detecting...
0:02:12.666667,60,0,Pass Intensity: High (Good for breaking lines),Open Play: Scanning for teammates recommended,Vision & Switch Play Drills,Auto-Detecting...
0:02:12.833333,60,0,Pass Intensity: High (Good for breaking lines),Open Play: Scanning for teammates recommended,Vision & Switch Play Drills,Auto-Detecting...
0:02:13,60,0,Calculating...,Open Play: Scanning for teammates recommended,Vision & Switch Play Drills,Auto-Detecting...
0:02:13.166667,60,0,Calculating...,Open Play: Scanning for teammates recommended,Vision & Switch Play Drills,Auto-Detecting...
0:02:13.333333,60,1,Pass Intensity: High (Good for breaking lines),Open Play: Scanning for teammates recommended,Vision & Switch Play Drills,Auto-Detecting...
0:02:13.500000,60,0,Pass Intensity: High (Good for breaking lines),Open Play: Scanning for teammates recommended,Vision & Switch Play Drills,Auto-Detecting...
0:02:13.666667,60,2,Pass Intensity: High (Good for breaking lines),Alert: Heavy Touch under Pressure,Tight Space Dribbling (Cone Drills),Auto-Detecting...
0:02:13.833333,100,2,Pass Intensity: High (Good for breaking lines),Control: Excellent Close-quarter Handling,Maintain Daily Progress,Auto-Detecting...
0:02:14,60,0,Pass Intensity: High (Good for breaking lines),Open Play: Scanning for teammates recommended,Vision & Switch Play Drills,Auto-Detecting...
0:02:14.166667,60,0,Dead Ball: Slow play or recovery needed,Open Play: Scanning for teammates recommended,Vision & Switch Play Drills,Auto-Detecting...
0:02:14.333333,60,0,Dead Ball: Slow play or recovery needed,Open Play: Scanning for teammates recommended,Vision & Switch Play Drills,Auto-Detecting...
0:02:14.500000,60,0,Dead Ball: Slow play or recovery needed,Open Play: Scanning for teammates recommended,Vision & Switch Play Drills,Auto-Detecting...
0:02:14.666667,60,0,Dead Ball: Slow play or recovery needed,Open Play: Scanning for teammates recommended,Vision & Switch Play Drills,Auto-Detecting...
0:02:14.833333,60,0,Dead Ball: Slow play or recovery needed,Open Play: Scanning for teammates recommended,Vision & Switch Play Drills,Auto-Detecting...
0:02:15,60,0,Dead Ball: Slow play or recovery needed,Open Play: Scanning for teammates recommended,Vision & Switch Play Drills,Auto-Detecting...
0:02:15.166667,60,0,Dead Ball: Slow play or recovery needed,Open Play: Scanning for teammates recommended,Vision & Switch Play Drills,Auto-Detecting...
0:02:15.333333,60,0,Dead Ball: Slow play or recovery needed,Open Play: Scanning for teammates recommended,Vision & Switch Play Drills,Auto-Detecting...
0:02:15.500000,60,1,Dead Ball: Slow play or recovery needed,Open Play: Scanning for teammates recommended,Vision & Switch Play Drills,Auto-Detecting...
0:02:15.666667,60,1,Pass Intensity: High (Good for breaking lines),Open Play: Scanning for teammates recommended,Vision & Switch Play Drills,Auto-Detecting...
0:02:15.833333,60,0,Pass Intensity: High (Good for breaking lines),Open Play: Scanning for teammates recommended,Vision & Switch Play Drills,Auto-Detecting...
0:02:16,60,0,Pass Intensity: High (Good for breaking lines),Open Play: Scanning for teammates recommended,Vision & Switch Play Drills,Auto-Detecting...
0:02:16.166667,60,0,Pass Intensity: High (Good for breaking lines),Open Play: Scanning for teammates recommended,Vision & Switch Play Drills,Auto-Detecting...
0:02:16.333333,60,0,Calculating...,Open Play: Scanning for teammates recommended,Vision & Switch Play Drills,Auto-Detecting...
0:02:16.500000,60,0,Pass Intensity: High (Good for breaking lines),Open Play: Scanning for teammates recommended,Vision & Switch Play Drills,Auto-Detecting...
0:02:16.666667,60,0,Pass Intensity: High (Good for breaking lines),Open Play: Scanning for teammates recommended,Vision & Switch Play Drills,Auto-Detecting...
0:02:16.833333,60,0,Pass Intensity: High (Good for breaking lines),Open Play: Scanning for teammates recommended,Vision & Switch Play Drills,Auto-Detecting...
0:02:17,60,0,Pass Intensity: High (Good for breaking lines),Open Play: Scanning for teammates recommended,Vision & Switch Play Drills,Auto-Detecting...
0:02:17.166667,60,0,Pass Intensity: High (Good for breaking lines),Open Play: Scanning for teammates recommended,Vision & Switch Play Drills,Auto-Detecting...
0:02:17.333333,60,0,Pass Intensity: High (Good for breaking lines),Open Play: Scanning for teammates recommended,Vision & Switch Play Drills,Auto-Detecting...
0:02:17.500000,60,0,Pass Intensity: High (Good for breaking lines),Open Play: Scanning for teammates recommended,Vision & Switch Play Drills,Auto-Detecting...
0:02:17.666667,60,0,Pass Intensity: High (Good for breaking lines),Open Play: Scanning for teammates recommended,Vision & Switch Play Drills,Auto-Detecting...
0:02:17.833333,60,0,Pass Intensity: High (Good for breaking lines),Open Play: Scanning for teammates recommended,Vision & Switch Play Drills,Auto-Detecting...
0:02:18,60,0,Pass Intensity: High (Good for breaking lines),Open Play: Scanning for teammates recommended,Vision & Switch Play Drills,Auto-Detecting...
0:02:18.166667,60,0,Pass Intensity: High (Good for breaking lines),Open Play: Scanning for teammates recommended,Vision & Switch Play Drills,Auto-Detecting...
0:02:18.333333,60,1,Pass Intensity: High (Good for breaking lines),Open Play: Scanning for teammates recommended,Vision & Switch Play Drills,Auto-Detecting...
0:02:18.500000,60,0,Pass Intensity: High (Good for breaking lines),Open Play: Scanning for teammates recommended,Vision & Switch Play Drills,Auto-Detecting...
0:02:18.666667,60,0,Pass Intensity: High (Good for breaking lines),Open Play: Scanning for teammates recommended,Vision & Switch Play Drills,Auto-Detecting...
0:02:18.833333,60,0,Pass Intensity: High (Good for breaking lines),Open Play: Scanning for teammates recommended,Vision & Switch Play Drills,Auto-Detecting...
0:02:19,100,1,Pass Intensity: High (Good for breaking lines),Control: Excellent Close-quarter Handling,Maintain Daily Progress,Auto-Detecting...
0:02:19.166667,60,0,Pass Intensity: High (Good for breaking lines),Open Play: Scanning for teammates recommended,Vision & Switch Play Drills,Auto-Detecting...
0:02:19.333333,60,0,Pass Intensity: High (Good for breaking lines),Open Play: Scanning for teammates recommended,Vision & Switch Play Drills,Auto-Detecting...
0:02:19.500000,60,0,Pass Intensity: High (Good for breaking lines),Open Play: Scanning for teammates recommended,Vision & Switch Play Drills,Auto-Detecting...
0:02:19.666667,60,0,Pass Intensity: High (Good for breaking lines),Open Play: Scanning for teammates recommended,Vision & Switch Play Drills,Auto-Detecting...
0:02:19.833333,60,0,Pass Intensity: High (Good for breaking lines),Open Play: Scanning for teammates recommended,Vision & Switch Play Drills,Auto-Detecting...
0:02:20,60,0,Pass Intensity: High (Good for breaking lines),Open Play: Scanning for teammates recommended,Vision & Switch Play Drills,Auto-Detecting...
0:02:20.166667,60,1,Pass Intensity: High (Good for breaking lines),Open Play: Scanning for teammates recommended,Vision & Switch Play Drills,Auto-Detecting...
0:02:20.333333,60,0,Pass Intensity: High (Good for breaking lines),Open Play: Scanning for teammates recommended,Vision & Switch Play Drills,Auto-Detecting...
0:02:20.500000,100,1,Pass Intensity: High (Good for breaking lines),Control: Excellent Close-quarter Handling,Maintain Daily Progress,Auto-Detecting...
0:02:20.666667,60,0,Pass Intensity: High (Good for breaking lines),Open Play: Scanning for teammates recommended,Vision & Switch Play Drills,Auto-Detecting...
0:02:20.833333,60,0,Pass Intensity: High (Good for breaking lines),Open Play: Scanning for teammates recommended,Vision & Switch Play Drills,Auto-Detecting...
0:02:21,60,0,Pass Intensity: High (Good for breaking lines),Open Play: Scanning for teammates recommended,Vision & Switch Play Drills,Auto-Detecting...
0:02:21.166667,60,1,Pass Intensity: High (Good for breaking lines),Open Play: Scanning for teammates recommended,Vision & Switch Play Drills,Auto-Detecting...
0:02:21.333333,60,0,Pass Intensity: High (Good for breaking lines),Open Play: Scanning for teammates recommended,Vision & Switch Play Drills,Auto-Detecting...
0:02:21.500000,60,0,Pass Intensity: High (Good for breaking lines),Open Play: Scanning for teammates recommended,Vision & Switch Play Drills,Auto-Detecting...
0:02:21.666667,60,0,Pass Intensity: High (Good for breaking lines),Open Play: Scanning for teammates recommended,Vision & Switch Play Drills,Auto-Detecting...
0:02:21.833333,60,0,Pass Intensity: High (Good for breaking lines),Open Play: Scanning for teammates recommended,Vision & Switch Play Drills,Auto-Detecting...
0:02:22,60,1,Pass Intensity: High (Good for breaking lines),Open Play: Scanning for teammates recommended,Vision & Switch Play Drills,Auto-Detecting...
0:02:22.166667,60,0,Pass Intensity: High (Good for breaking lines),Open Play: Scanning for teammates recommended,Vision & Switch Play Drills,Auto-Detecting...
0:02:22.333333,60,0,Pass Intensity: High (Good for breaking lines),Open Play: Scanning for teammates recommended,Vision & Switch Play Drills,Auto-Detecting...
0:02:22.500000,100,1,Pass Intensity: High (Good for breaking lines),Control: Excellent Close-quarter Handling,Maintain Daily Progress,Auto-Detecting...
0:02:22.666667,60,0,Pass Intensity: High (Good for breaking lines),Open Play: Scanning for teammates recommended,Vision & Switch Play Drills,Auto-Detecting...
0:02:22.833333,60,0,Calculating...,Open Play: Scanning for teammates recommended,Vision & Switch Play Drills,Auto-Detecting...
0:02:23,60,0,Pass Intensity: High (Good for breaking lines),Open Play: Scanning for teammates recommended,Vision & Switch Play Drills,Auto-Detecting...
0:02:23.166667,60,0,Pass Intensity: High (Good for breaking lines),Open Play: Scanning for teammates recommended,Vision & Switch Play Drills,Auto-Detecting...
0:02:23.333333,60,1,Pass Intensity: High (Good for breaking lines),Open Play: Scanning for teammates recommended,Vision & Switch Play Drills,Auto-Detecting...
0:02:23.500000,60,0,Pass Intensity: High (Good for breaking lines),Open Play: Scanning for teammates recommended,Vision & Switch Play Drills,Auto-Detecting...
0:02:23.666667,60,0,Calculating...,Open Play: Scanning for teammates recommended,Vision & Switch Play Drills,Auto-Detecting...
0:02:23.833333,60,1,Pass Intensity: High (Good for breaking lines),Open Play: Scanning for teammates recommended,Vision & Switch Play Drills,Auto-Detecting...
0:02:24,60,0,Pass Intensity: High (Good for breaking lines),Open Play: Scanning for teammates recommended,Vision & Switch Play Drills,Auto-Detecting...
0:02:24.166667,60,0,Pass Intensity: High (Good for breaking lines),Open Play: Scanning for teammates recommended,Vision & Switch Play Drills,Auto-Detecting...
0:02:24.333333,60,0,Dead Ball: Slow play or recovery needed,Open Play: Scanning for teammates recommended,Vision & Switch Play Drills,Auto-Detecting...
0:02:24.500000,60,1,Dead Ball: Slow play or recovery needed,Open Play: Scanning for teammates recommended,Vision & Switch Play Drills,Auto-Detecting...
0:02:24.666667,60,0,Dead Ball: Slow play or recovery needed,Open Play: Scanning for teammates recommended,Vision & Switch Play Drills,Auto-Detecting...
0:02:24.833333,60,0,Dead Ball: Slow play or recovery needed,Open Play: Scanning for teammates recommended,Vision & Switch Play Drills,Auto-Detecting...
0:02:25,60,0,Dead Ball: Slow play or recovery needed,Open Play: Scanning for teammates recommended,Vision & Switch Play Drills,Auto-Detecting...
0:02:25.166667,60,0,Dead Ball: Slow play or recovery needed,Open Play: Scanning for teammates recommended,Vision & Switch Play Drills,Auto-Detecting...
0:02:25.333333,60,0,Dead Ball: Slow play or recovery needed,Open Play: Scanning for teammates recommended,Vision & Switch Play Drills,Auto-Detecting...
0:02:25.500000,60,0,Dead Ball: Slow play or recovery needed,Open Play: Scanning for teammates recommended,Vision & Switch Play Drills,Auto-Detecting...
0:02:25.666667,60,0,Dead Ball: Slow play or recovery needed,Open Play: Scanning for teammates recommended,Vision & Switch Play Drills,Auto-Detecting...
0:02:25.833333,60,0,Dead Ball: Slow play or recovery needed,Open Play: Scanning for teammates recommended,Vision & Switch Play Drills,Auto-Detecting...
0:02:26,60,1,Dead Ball: Slow play or recovery needed,Open Play: Scanning for teammates recommended,Vision & Switch Play Drills,Auto-Detecting...
0:02:26.166667,60,1,Dead Ball: Slow play or recovery needed,Open Play: Scanning for teammates recommended,Vision & Switch Play Drills,Auto-Detecting...
0:02:26.333333,60,2,Dead Ball: Slow play or recovery needed,Open Play: Scanning for teammates recommended,Vision & Switch Play Drills,Auto-Detecting...
0:02:26.500000,60,0,Dead Ball: Slow play or recovery needed,Open Play: Scanning for teammates recommended,Vision & Switch Play Drills,Auto-Detecting...
0:02:26.666667,60,2,Dead Ball: Slow play or recovery needed,Open Play: Scanning for teammates recommended,Vision & Switch Play Drills,Auto-Detecting...
0:02:26.833333,60,1,Dead Ball: Slow play or recovery needed,Open Play: Scanning for teammates recommended,Vision & Switch Play Drills,Auto-Detecting...
0:02:27,60,1,Dead Ball: Slow play or recovery needed,Open Play: Scanning for teammates recommended,Vision & Switch Play Drills,Auto-Detecting...
0:02:27.166667,60,0,Dead Ball: Slow play or recovery needed,Open Play: Scanning for teammates recommended,Vision & Switch Play Drills,Auto-Detecting...
0:02:27.333333,60,0,Dead Ball: Slow play or recovery needed,Open Play: Scanning for teammates recommended,Vision & Switch Play Drills,Auto-Detecting...
0:02:27.500000,60,0,Dead Ball: Slow play or recovery needed,Open Play: Scanning for teammates recommended,Vision & Switch Play Drills,Auto-Detecting...
0:02:27.666667,60,1,Dead Ball: Slow play or recovery needed,Open Play: Scanning for teammates recommended,Vision & Switch Play Drills,Auto-Detecting...
0:02:27.833333,60,0,Dead Ball: Slow play or recovery needed,Open Play: Scanning for teammates recommended,Vision & Switch Play Drills,Auto-Detecting...
0:02:28,60,1,Calculating...,Open Play: Scanning for teammates recommended,Vision & Switch Play Drills,Auto-Detecting...
0:02:28.166667,60,1,Calculating...,Open Play: Scanning for teammates recommended,Vision & Switch Play Drills,Auto-Detecting...
0:02:28.333333,60,1,Calculating...,Open Play: Scanning for teammates recommended,Vision & Switch Play Drills,Auto-Detecting...
0:02:28.500000,60,2,Calculating...,Open Play: Scanning for teammates recommended,Vision & Switch Play Drills,Auto-Detecting...
0:02:28.666667,60,2,Calculating...,Open Play: Scanning for teammates recommended,Vision & Switch Play Drills,Auto-Detecting...
0:02:28.833333,60,1,Dead Ball: Slow play or recovery needed,Open Play: Scanning for teammates recommended,Vision & Switch Play Drills,Auto-Detecting...
0:02:29,60,0,Calculating...,Open Play: Scanning for teammates recommended,Vision & Switch Play Drills,Auto-Detecting...
0:02:29.166667,60,0,Dead Ball: Slow play or recovery needed,Open Play: Scanning for teammates recommended,Vision & Switch Play Drills,Auto-Detecting...
0:02:29.333333,60,1,Calculating...,Open Play: Scanning for teammates recommended,Vision & Switch Play Drills,Auto-Detecting...
0:02:29.500000,60,0,Dead Ball: Slow play or recovery needed,Open Play: Scanning for teammates recommended,Vision & Switch Play Drills,Auto-Detecting...
0:02:29.666667,60,0,Dead Ball: Slow play or recovery needed,Open Play: Scanning for teammates recommended,Vision & Switch Play Drills,Auto-Detecting...
0:02:29.833333,60,0,Dead Ball: Slow play or recovery needed,Open Play: Scanning for teammates recommended,Vision & Switch Play Drills,Auto-Detecting...
0:02:30,60,0,Dead Ball: Slow play or recovery needed,Open Play: Scanning for teammates recommended,Vision & Switch Play Drills,Auto-Detecting...
0:02:30.166667,60,0,Dead Ball: Slow play or recovery needed,Open Play: Scanning for teammates recommended,Vision & Switch Play Drills,Auto-Detecting...
0:02:30.333333,60,0,Dead Ball: Slow play or recovery needed,Open Play: Scanning for teammates recommended,Vision & Switch Play Drills,Auto-Detecting...
0:02:30.500000,60,0,Dead Ball: Slow play or recovery needed,Open Play: Scanning for teammates recommended,Vision & Switch Play Drills,Auto-Detecting...
0:02:30.666667,60,0,Dead Ball: Slow play or recovery needed,Open Play: Scanning for teammates recommended,Vision & Switch Play Drills,Auto-Detecting...
0:02:30.833333,60,0,Dead Ball: Slow play or recovery needed,Open Play: Scanning for teammates recommended,Vision & Switch Play Drills,Auto-Detecting...
0:02:31,60,0,Dead Ball: Slow play or recovery needed,Open Play: Scanning for teammates recommended,Vision & Switch Play Drills,Auto-Detecting...
0:02:31.166667,60,0,Dead Ball: Slow play or recovery needed,Open Play: Scanning for teammates recommended,Vision & Switch Play Drills,Auto-Detecting...
0:02:31.333333,60,0,Dead Ball: Slow play or recovery needed,Open Play: Scanning for teammates recommended,Vision & Switch Play Drills,Auto-Detecting...
0:02:31.500000,60,0,Dead Ball: Slow play or recovery needed,Open Play: Scanning for teammates recommended,Vision & Switch Play Drills,Auto-Detecting...
0:02:31.666667,60,0,Dead Ball: Slow play or recovery needed,Open Play: Scanning for teammates recommended,Vision & Switch Play Drills,Auto-Detecting...
0:02:31.833333,60,0,Dead Ball: Slow play or recovery needed,Open Play: Scanning for teammates recommended,Vision & Switch Play Drills,Auto-Detecting...
0:02:32,60,0,Dead Ball: Slow play or recovery needed,Open Play: Scanning for teammates recommended,Vision & Switch Play Drills,Auto-Detecting...
0:02:32.166667,60,0,Dead Ball: Slow play or recovery needed,Open Play: Scanning for teammates recommended,Vision & Switch Play Drills,Auto-Detecting...
0:02:32.333333,60,0,Dead Ball: Slow play or recovery needed,Open Play: Scanning for teammates recommended,Vision & Switch Play Drills,Auto-Detecting...
0:02:32.500000,60,0,Dead Ball: Slow play or recovery needed,Open Play: Scanning for teammates recommended,Vision & Switch Play Drills,Auto-Detecting...
0:02:32.666667,60,0,Dead Ball: Slow play or recovery needed,Open Play: Scanning for teammates recommended,Vision & Switch Play Drills,Auto-Detecting...
0:02:32.833333,60,0,Dead Ball: Slow play or recovery needed,Open Play: Scanning for teammates recommended,Vision & Switch Play Drills,Auto-Detecting...
0:02:33,60,1,Pass Intensity: High (Good for breaking lines),Open Play: Scanning for teammates recommended,Vision & Switch Play Drills,Auto-Detecting...
0:02:33.166667,60,1,Dead Ball: Slow play or recovery needed,Open Play: Scanning for teammates recommended,Vision & Switch Play Drills,Auto-Detecting...
0:02:33.333333,60,1,Dead Ball: Slow play or recovery needed,Open Play: Scanning for teammates recommended,Vision & Switch Play Drills,Auto-Detecting...
0:02:33.500000,60,1,Dead Ball: Slow play or recovery needed,Open Play: Scanning for teammates recommended,Vision & Switch Play Drills,Auto-Detecting...
0:02:33.666667,60,1,Dead Ball: Slow play or recovery needed,Open Play: Scanning for teammates recommended,Vision & Switch Play Drills,Auto-Detecting...
0:02:33.833333,60,1,Dead Ball: Slow play or recovery needed,Open Play: Scanning for teammates recommended,Vision & Switch Play Drills,Auto-Detecting...
0:02:34,60,1,Dead Ball: Slow play or recovery needed,Open Play: Scanning for teammates recommended,Vision & Switch Play Drills,Auto-Detecting...
0:02:34.166667,60,1,Dead Ball: Slow play or recovery needed,Open Play: Scanning for teammates recommended,Vision & Switch Play Drills,Auto-Detecting...
0:02:34.333333,60,1,Dead Ball: Slow play or recovery needed,Open Play: Scanning for teammates recommended,Vision & Switch Play Drills,Auto-Detecting...
0:02:34.500000,60,0,Calculating...,Open Play: Scanning for teammates recommended,Vision & Switch Play Drills,Auto-Detecting...
0:02:34.666667,60,0,Calculating...,Open Play: Scanning for teammates recommended,Vision & Switch Play Drills,Auto-Detecting...
0:02:34.833333,60,0,Dead Ball: Slow play or recovery needed,Open Play: Scanning for teammates recommended,Vision & Switch Play Drills,Auto-Detecting...
0:02:35,60,1,Pass Intensity: High (Good for breaking lines),Open Play: Scanning for teammates recommended,Vision & Switch Play Drills,Auto-Detecting...
0:02:35.166667,60,0,Pass Intensity: High (Good for breaking lines),Open Play: Scanning for teammates recommended,Vision & Switch Play Drills,Auto-Detecting...
0:02:35.333333,60,0,Pass Intensity: High (Good for breaking lines),Open Play: Scanning for teammates recommended,Vision & Switch Play Drills,Auto-Detecting...
0:02:35.500000,60,0,Pass Intensity: High (Good for breaking lines),Open Play: Scanning for teammates recommended,Vision & Switch Play Drills,Auto-Detecting...
0:02:35.666667,60,0,Pass Intensity: High (Good for breaking lines),Open Play: Scanning for teammates recommended,Vision & Switch Play Drills,Auto-Detecting...
0:02:35.833333,60,0,Calculating...,Open Play: Scanning for teammates recommended,Vision & Switch Play Drills,Auto-Detecting...
0:02:36,60,0,Pass Intensity: High (Good for breaking lines),Open Play: Scanning for teammates recommended,Vision & Switch Play Drills,Auto-Detecting...
0:02:36.166667,60,0,Pass Intensity: High (Good for breaking lines),Open Play: Scanning for teammates recommended,Vision & Switch Play Drills,Auto-Detecting...
0:02:36.333333,60,4,Pass Intensity: High (Good for breaking lines),Alert: Heavy Touch under Pressure,Tight Space Dribbling (Cone Drills),Auto-Detecting...
0:02:36.500000,60,0,Calculating...,Open Play: Scanning for teammates recommended,Vision & Switch Play Drills,Auto-Detecting...
0:02:36.666667,60,0,Dead Ball: Slow play or recovery needed,Open Play: Scanning for teammates recommended,Vision & Switch Play Drills,Auto-Detecting...
0:02:36.833333,60,0,Dead Ball: Slow play or recovery needed,Open Play: Scanning for teammates recommended,Vision & Switch Play Drills,Auto-Detecting...
0:02:37,60,0,Calculating...,Open Play: Scanning for teammates recommended,Vision & Switch Play Drills,Auto-Detecting...
0:02:37.166667,60,0,Calculating...,Open Play: Scanning for teammates recommended,Vision & Switch Play Drills,Auto-Detecting...
0:02:37.333333,60,1,Calculating...,Open Play: Scanning for teammates recommended,Vision & Switch Play Drills,Auto-Detecting...
0:02:37.500000,60,0,Pass Intensity: High (Good for breaking lines),Open Play: Scanning for teammates recommended,Vision & Switch Play Drills,Auto-Detecting...
0:02:37.666667,60,0,Pass Intensity: High (Good for breaking lines),Open Play: Scanning for teammates recommended,Vision & Switch Play Drills,Auto-Detecting...
0:02:37.833333,60,0,Dead Ball: Slow play or recovery needed,Open Play: Scanning for teammates recommended,Vision & Switch Play Drills,Auto-Detecting...
0:02:38,60,0,Dead Ball: Slow play or recovery needed,Open Play: Scanning for teammates recommended,Vision & Switch Play Drills,Auto-Detecting...
0:02:38.166667,60,1,Pass Intensity: High (Good for breaking lines),Open Play: Scanning for teammates recommended,Vision & Switch Play Drills,Auto-Detecting...
0:02:38.333333,60,0,Dead Ball: Slow play or recovery needed,Open Play: Scanning for teammates recommended,Vision & Switch Play Drills,Auto-Detecting...
0:02:38.500000,60,0,Dead Ball: Slow play or recovery needed,Open Play: Scanning for teammates recommended,Vision & Switch Play Drills,Auto-Detecting...
0:02:38.666667,60,0,Dead Ball: Slow play or recovery needed,Open Play: Scanning for teammates recommended,Vision & Switch Play Drills,Auto-Detecting...
0:02:38.833333,60,0,Calculating...,Open Play: Scanning for teammates recommended,Vision & Switch Play Drills,Auto-Detecting...
0:02:39,60,0,Calculating...,Open Play: Scanning for teammates recommended,Vision & Switch Play Drills,Auto-Detecting...
0:02:39.166667,60,0,Calculating...,Open Play: Scanning for teammates recommended,Vision & Switch Play Drills,Auto-Detecting...
0:02:39.333333,60,0,Calculating...,Open Play: Scanning for teammates recommended,Vision & Switch Play Drills,Auto-Detecting...
0:02:39.500000,60,0,Calculating...,Open Play: Scanning for teammates recommended,Vision & Switch Play Drills,Auto-Detecting...
0:02:39.666667,60,0,Calculating...,Open Play: Scanning for teammates recommended,Vision & Switch Play Drills,Auto-Detecting...
0:02:39.833333,60,1,Pass Intensity: High (Good for breaking lines),Open Play: Scanning for teammates recommended,Vision & Switch Play Drills,Auto-Detecting...
0:02:40,60,0,Calculating...,Open Play: Scanning for teammates recommended,Vision & Switch Play Drills,Auto-Detecting...
0:02:40.166667,60,0,Calculating...,Open Play: Scanning for teammates recommended,Vision & Switch Play Drills,Auto-Detecting...
0:02:40.333333,60,0,Pass Intensity: High (Good for breaking lines),Open Play: Scanning for teammates recommended,Vision & Switch Play Drills,Auto-Detecting...
0:02:40.500000,60,0,Pass Intensity: High (Good for breaking lines),Open Play: Scanning for teammates recommended,Vision & Switch Play Drills,Auto-Detecting...
0:02:40.666667,60,0,Pass Intensity: High (Good for breaking lines),Open Play: Scanning for teammates recommended,Vision & Switch Play Drills,Auto-Detecting...
0:02:40.833333,100,1,Pass Intensity: High (Good for breaking lines),Control: Excellent Close-quarter Handling,Maintain Daily Progress,Auto-Detecting...
0:02:41,60,1,Pass Intensity: High (Good for breaking lines),Open Play: Scanning for teammates recommended,Vision & Switch Play Drills,Auto-Detecting...
0:02:41.166667,60,0,Pass Intensity: High (Good for breaking lines),Open Play: Scanning for teammates recommended,Vision & Switch Play Drills,Auto-Detecting...
0:02:41.333333,60,0,Pass Intensity: High (Good for breaking lines),Open Play: Scanning for teammates recommended,Vision & Switch Play Drills,Auto-Detecting...
0:02:41.500000,60,0,Calculating...,Open Play: Scanning for teammates recommended,Vision & Switch Play Drills,Auto-Detecting...
0:02:41.666667,60,0,Calculating...,Open Play: Scanning for teammates recommended,Vision & Switch Play Drills,Auto-Detecting...
0:02:41.833333,60,0,Calculating...,Open Play: Scanning for teammates recommended,Vision & Switch Play Drills,Auto-Detecting...
0:02:42,60,1,Pass Intensity: High (Good for breaking lines),Open Play: Scanning for teammates recommended,Vision & Switch Play Drills,Auto-Detecting...
0:02:42.166667,60,0,Calculating...,Open Play: Scanning for teammates recommended,Vision & Switch Play Drills,Auto-Detecting...
0:02:42.333333,60,0,Pass Intensity: High (Good for breaking lines),Open Play: Scanning for teammates recommended,Vision & Switch Play Drills,Auto-Detecting...
0:02:42.500000,60,0,Pass Intensity: High (Good for breaking lines),Open Play: Scanning for teammates recommended,Vision & Switch Play Drills,Auto-Detecting...
0:02:42.666667,60,0,Pass Intensity: High (Good for breaking lines),Open Play: Scanning for teammates recommended,Vision & Switch Play Drills,Auto-Detecting...
0:02:42.833333,60,0,Pass Intensity: High (Good for breaking lines),Open Play: Scanning for teammates recommended,Vision & Switch Play Drills,Auto-Detecting...
0:02:43,60,0,Pass Intensity: High (Good for breaking lines),Open Play: Scanning for teammates recommended,Vision & Switch Play Drills,Auto-Detecting...
0:02:43.166667,60,1,Pass Intensity: High (Good for breaking lines),Open Play: Scanning for teammates recommended,Vision & Switch Play Drills,Auto-Detecting...
0:02:43.333333,100,4,Pass Intensity: High (Good for breaking lines),Control: Excellent Close-quarter Handling,Maintain Daily Progress,Auto-Detecting...
0:02:43.500000,60,3,Pass Intensity: High (Good for breaking lines),Open Play: Scanning for teammates recommended,Vision & Switch Play Drills,Auto-Detecting...
0:02:43.666667,60,0,Pass Intensity: High (Good for breaking lines),Open Play: Scanning for teammates recommended,Vision & Switch Play Drills,Auto-Detecting...
0:02:43.833333,60,0,Dead Ball: Slow play or recovery needed,Open Play: Scanning for teammates recommended,Vision & Switch Play Drills,Auto-Detecting...
0:02:44,60,0,Calculating...,Open Play: Scanning for teammates recommended,Vision & Switch Play Drills,Auto-Detecting...
0:02:44.166667,60,0,Pass Intensity: High (Good for breaking lines),Open Play: Scanning for teammates recommended,Vision & Switch Play Drills,Auto-Detecting...
0:02:44.333333,60,0,Dead Ball: Slow play or recovery needed,Open Play: Scanning for teammates recommended,Vision & Switch Play Drills,Auto-Detecting...
0:02:44.500000,60,0,Dead Ball: Slow play or recovery needed,Open Play: Scanning for teammates recommended,Vision & Switch Play Drills,Auto-Detecting...
0:02:44.666667,60,0,Dead Ball: Slow play or recovery needed,Open Play: Scanning for teammates recommended,Vision & Switch Play Drills,Auto-Detecting...
0:02:44.833333,60,1,Dead Ball: Slow play or recovery needed,Open Play: Scanning for teammates recommended,Vision & Switch Play Drills,Auto-Detecting...
0:02:45,60,1,Dead Ball: Slow play or recovery needed,Open Play: Scanning for teammates recommended,Vision & Switch Play Drills,Auto-Detecting...
0:02:45.166667,60,1,Pass Intensity: High (Good for breaking lines),Open Play: Scanning for teammates recommended,Vision & Switch Play Drills,Auto-Detecting...
0:02:45.333333,60,2,Dead Ball: Slow play or recovery needed,Open Play: Scanning for teammates recommended,Vision & Switch Play Drills,Auto-Detecting...
0:02:45.500000,60,0,Dead Ball: Slow play or recovery needed,Open Play: Scanning for teammates recommended,Vision & Switch Play Drills,Auto-Detecting...
0:02:45.666667,60,1,Dead Ball: Slow play or recovery needed,Open Play: Scanning for teammates recommended,Vision & Switch Play Drills,Auto-Detecting...
0:02:45.833333,60,1,Dead Ball: Slow play or recovery needed,Open Play: Scanning for teammates recommended,Vision & Switch Play Drills,Auto-Detecting...
0:02:46,60,2,Calculating...,Open Play: Scanning for teammates recommended,Vision & Switch Play Drills,Auto-Detecting...
0:02:46.166667,60,2,Dead Ball: Slow play or recovery needed,Alert: Heavy Touch under Pressure,Tight Space Dribbling (Cone Drills),Auto-Detecting...
0:02:46.333333,60,2,Calculating...,Alert: Heavy Touch under Pressure,Tight Space Dribbling (Cone Drills),Auto-Detecting...
0:02:46.500000,60,0,Pass Intensity: High (Good for breaking lines),Open Play: Scanning for teammates recommended,Vision & Switch Play Drills,Auto-Detecting...
0:02:46.666667,60,0,Calculating...,Open Play: Scanning for teammates recommended,Vision & Switch Play Drills,Auto-Detecting...
0:02:46.833333,60,0,Calculating...,Open Play: Scanning for teammates recommended,Vision & Switch Play Drills,Auto-Detecting...
0:02:47,60,0,Dead Ball: Slow play or recovery needed,Open Play: Scanning for teammates recommended,Vision & Switch Play Drills,Auto-Detecting...
0:02:47.166667,60,0,Dead Ball: Slow play or recovery needed,Open Play: Scanning for teammates recommended,Vision & Switch Play Drills,Auto-Detecting...
0:02:47.333333,60,0,Pass Intensity: High (Good for breaking lines),Open Play: Scanning for teammates recommended,Vision & Switch Play Drills,Auto-Detecting...
0:02:47.500000,60,0,Dead Ball: Slow play or recovery needed,Open Play: Scanning for teammates recommended,Vision & Switch Play Drills,Auto-Detecting...
0:02:47.666667,60,0,Dead Ball: Slow play or recovery needed,Open Play: Scanning for teammates recommended,Vision & Switch Play Drills,Auto-Detecting...
0:02:47.833333,60,1,Dead Ball: Slow play or recovery needed,Open Play: Scanning for teammates recommended,Vision & Switch Play Drills,Auto-Detecting...
0:02:48,60,0,Dead Ball: Slow play or recovery needed,Open Play: Scanning for teammates recommended,Vision & Switch Play Drills,Auto-Detecting...
0:02:48.166667,60,0,Dead Ball: Slow play or recovery needed,Open Play: Scanning for teammates recommended,Vision & Switch Play Drills,Auto-Detecting...
0:02:48.333333,60,0,Dead Ball: Slow play or recovery needed,Open Play: Scanning for teammates recommended,Vision & Switch Play Drills,Auto-Detecting...
0:02:48.500000,60,0,Dead Ball: Slow play or recovery needed,Open Play: Scanning for teammates recommended,Vision & Switch Play Drills,Auto-Detecting...
0:02:48.666667,60,0,Dead Ball: Slow play or recovery needed,Open Play: Scanning for teammates recommended,Vision & Switch Play Drills,Auto-Detecting...
0:02:48.833333,60,0,Dead Ball: Slow play or recovery needed,Open Play: Scanning for teammates recommended,Vision & Switch Play Drills,Auto-Detecting...
0:02:49,60,0,Dead Ball: Slow play or recovery needed,Open Play: Scanning for teammates recommended,Vision & Switch Play Drills,Auto-Detecting...
0:02:49.166667,60,0,Dead Ball: Slow play or recovery needed,Open Play: Scanning for teammates recommended,Vision & Switch Play Drills,Auto-Detecting...
0:02:49.333333,60,0,Dead Ball: Slow play or recovery needed,Open Play: Scanning for teammates recommended,Vision & Switch Play Drills,Auto-Detecting...
0:02:49.500000,60,0,Dead Ball: Slow play or recovery needed,Open Play: Scanning for teammates recommended,Vision & Switch Play Drills,Auto-Detecting...
0:02:49.666667,60,0,Dead Ball: Slow play or recovery needed,Open Play: Scanning for teammates recommended,Vision & Switch Play Drills,Auto-Detecting...
0:02:49.833333,60,1,Dead Ball: Slow play or recovery needed,Open Play: Scanning for teammates recommended,Vision & Switch Play Drills,Auto-Detecting...
0:02:50,60,0,Dead Ball: Slow play or recovery needed,Open Play: Scanning for teammates recommended,Vision & Switch Play Drills,Auto-Detecting...
0:02:50.166667,60,0,Dead Ball: Slow play or recovery needed,Open Play: Scanning for teammates recommended,Vision & Switch Play Drills,Auto-Detecting...
0:02:50.333333,60,0,Dead Ball: Slow play or recovery needed,Open Play: Scanning for teammates recommended,Vision & Switch Play Drills,Auto-Detecting...
0:02:50.500000,60,0,Dead Ball: Slow play or recovery needed,Open Play: Scanning for teammates recommended,Vision & Switch Play Drills,Auto-Detecting...
0:02:50.666667,60,1,Dead Ball: Slow play or recovery needed,Open Play: Scanning for teammates recommended,Vision & Switch Play Drills,Auto-Detecting...
0:02:50.833333,60,0,Dead Ball: Slow play or recovery needed,Open Play: Scanning for teammates recommended,Vision & Switch Play Drills,Auto-Detecting...
0:02:51,60,1,Calculating...,Open Play: Scanning for teammates recommended,Vision & Switch Play Drills,Auto-Detecting...
0:02:51.166667,60,0,Pass Intensity: High (Good for breaking lines),Open Play: Scanning for teammates recommended,Vision & Switch Play Drills,Auto-Detecting...
0:02:51.333333,60,0,Calculating...,Open Play: Scanning for teammates recommended,Vision & Switch Play Drills,Auto-Detecting...
0:02:51.500000,60,1,Calculating...,Open Play: Scanning for teammates recommended,Vision & Switch Play Drills,Auto-Detecting...
0:02:51.666667,60,0,Pass Intensity: High (Good for breaking lines),Open Play: Scanning for teammates recommended,Vision & Switch Play Drills,Auto-Detecting...
0:02:51.833333,60,1,Pass Intensity: High (Good for breaking lines),Open Play: Scanning for teammates recommended,Vision & Switch Play Drills,Auto-Detecting...
0:02:52,60,0,Pass Intensity: High (Good for breaking lines),Open Play: Scanning for teammates recommended,Vision & Switch Play Drills,Auto-Detecting...
0:02:52.166667,60,0,Calculating...,Open Play: Scanning for teammates recommended,Vision & Switch Play Drills,Auto-Detecting...
0:02:52.333333,60,0,Pass Intensity: High (Good for breaking lines),Open Play: Scanning for teammates recommended,Vision & Switch Play Drills,Auto-Detecting...
0:02:52.500000,60,0,Calculating...,Open Play: Scanning for teammates recommended,Vision & Switch Play Drills,Auto-Detecting...
0:02:52.666667,60,0,Calculating...,Open Play: Scanning for teammates recommended,Vision & Switch Play Drills,Auto-Detecting...
0:02:52.833333,60,1,Pass Intensity: High (Good for breaking lines),Open Play: Scanning for teammates recommended,Vision & Switch Play Drills,Auto-Detecting...
0:02:53,60,0,Calculating...,Open Play: Scanning for teammates recommended,Vision & Switch Play Drills,Auto-Detecting...
0:02:53.166667,60,0,Calculating...,Open Play: Scanning for teammates recommended,Vision & Switch Play Drills,Auto-Detecting...
0:02:53.333333,60,0,Dead Ball: Slow play or recovery needed,Open Play: Scanning for teammates recommended,Vision & Switch Play Drills,Auto-Detecting...
0:02:53.500000,60,1,Calculating...,Open Play: Scanning for teammates recommended,Vision & Switch Play Drills,Auto-Detecting...
0:02:53.666667,60,0,Calculating...,Open Play: Scanning for teammates recommended,Vision & Switch Play Drills,Auto-Detecting...
0:02:53.833333,60,0,Pass Intensity: High (Good for breaking lines),Open Play: Scanning for teammates recommended,Vision & Switch Play Drills,Auto-Detecting...
0:02:54,60,0,Calculating...,Open Play: Scanning for teammates recommended,Vision & Switch Play Drills,Auto-Detecting...
0:02:54.166667,60,0,Calculating...,Open Play: Scanning for teammates recommended,Vision & Switch Play Drills,Auto-Detecting...
0:02:54.333333,60,0,Calculating...,Open Play: Scanning for teammates recommended,Vision & Switch Play Drills,Auto-Detecting...
0:02:54.500000,60,0,Calculating...,Open Play: Scanning for teammates recommended,Vision & Switch Play Drills,Auto-Detecting...
0:02:54.666667,60,0,Calculating...,Open Play: Scanning for teammates recommended,Vision & Switch Play Drills,Auto-Detecting...
0:02:54.833333,60,0,Calculating...,Open Play: Scanning for teammates recommended,Vision & Switch Play Drills,Auto-Detecting...
0:02:55,60,0,Calculating...,Open Play: Scanning for teammates recommended,Vision & Switch Play Drills,Auto-Detecting...
0:02:55.166667,100,2,Pass Intensity: High (Good for breaking lines),Control: Excellent Close-quarter Handling,Maintain Daily Progress,Auto-Detecting...
0:02:55.333333,60,2,Pass Intensity: High (Good for breaking lines),Open Play: Scanning for teammates recommended,Vision & Switch Play Drills,Auto-Detecting...
0:02:55.500000,60,3,Pass Intensity: High (Good for breaking lines),Alert: Heavy Touch under Pressure,Tight Space Dribbling (Cone Drills),Auto-Detecting...
0:02:55.666667,100,3,Calculating...,Control: Excellent Close-quarter Handling,Maintain Daily Progress,Auto-Detecting...
0:02:55.833333,100,6,Calculating...,Control: Excellent Close-quarter Handling,Maintain Daily Progress,Auto-Detecting...
0:02:56,60,0,Pass Intensity: High (Good for breaking lines),Open Play: Scanning for teammates recommended,Vision & Switch Play Drills,Auto-Detecting...
0:02:56.166667,60,0,Dead Ball: Slow play or recovery needed,Open Play: Scanning for teammates recommended,Vision & Switch Play Drills,Auto-Detecting...
0:02:56.333333,60,1,Pass Intensity: High (Good for breaking lines),Open Play: Scanning for teammates recommended,Vision & Switch Play Drills,Auto-Detecting...
0:02:56.500000,100,2,Calculating...,Control: Excellent Close-quarter Handling,Maintain Daily Progress,Auto-Detecting...
0:02:56.666667,60,1,Calculating...,Open Play: Scanning for teammates recommended,Vision & Switch Play Drills,Auto-Detecting...
0:02:56.833333,100,4,Pass Intensity: High (Good for breaking lines),Control: Excellent Close-quarter Handling,Maintain Daily Progress,Auto-Detecting...
0:02:57,100,2,Calculating...,Control: Excellent Close-quarter Handling,Maintain Daily Progress,Auto-Detecting...
0:02:57.166667,100,1,Calculating...,Control: Excellent Close-quarter Handling,Maintain Daily Progress,Auto-Detecting...
0:02:57.333333,60,2,Pass Intensity: High (Good for breaking lines),Alert: Heavy Touch under Pressure,Tight Space Dribbling (Cone Drills),Auto-Detecting...
0:02:57.500000,100,2,Pass Intensity: High (Good for breaking lines),Control: Excellent Close-quarter Handling,Maintain Daily Progress,Auto-Detecting...
0:02:57.666667,60,0,Pass Intensity: High (Good for breaking lines),Open Play: Scanning for teammates recommended,Vision & Switch Play Drills,Auto-Detecting...
0:02:57.833333,100,1,Pass Intensity: High (Good for breaking lines),Control: Excellent Close-quarter Handling,Maintain Daily Progress,Auto-Detecting...
0:02:58,100,2,Pass Intensity: High (Good for breaking lines),Control: Excellent Close-quarter Handling,Maintain Daily Progress,Auto-Detecting...
0:02:58.166667,60,1,Calculating...,Open Play: Scanning for teammates recommended,Vision & Switch Play Drills,Auto-Detecting...
0:02:58.333333,60,1,Calculating...,Open Play: Scanning for teammates recommended,Vision & Switch Play Drills,Auto-Detecting...
0:02:58.500000,60,0,Pass Intensity: High (Good for breaking lines),Open Play: Scanning for teammates recommended,Vision & Switch Play Drills,Auto-Detecting...
0:02:58.666667,60,0,Pass Intensity: High (Good for breaking lines),Open Play: Scanning for teammates recommended,Vision & Switch Play Drills,Auto-Detecting...
0:02:58.833333,60,0,Calculating...,Open Play: Scanning for teammates recommended,Vision & Switch Play Drills,Auto-Detecting...
0:02:59,60,0,Pass Intensity: High (Good for breaking lines),Open Play: Scanning for teammates recommended,Vision & Switch Play Drills,Auto-Detecting...
0:02:59.166667,100,1,Pass Intensity: High (Good for breaking lines),Control: Excellent Close-quarter Handling,Maintain Daily Progress,Auto-Detecting...
0:02:59.333333,60,0,Pass Intensity: High (Good for breaking lines),Open Play: Scanning for teammates recommended,Vision & Switch Play Drills,Auto-Detecting...
0:02:59.500000,60,0,Calculating...,Open Play: Scanning for teammates recommended,Vision & Switch Play Drills,Auto-Detecting...
0:02:59.666667,60,0,Calculating...,Open Play: Scanning for teammates recommended,Vision & Switch Play Drills,Auto-Detecting...
0:02:59.833333,60,0,Calculating...,Open Play: Scanning for teammates recommended,Vision & Switch Play Drills,Auto-Detecting...
0:03:00,60,0,Pass Intensity: High (Good for breaking lines),Open Play: Scanning for teammates recommended,Vision & Switch Play Drills,Auto-Detecting...
0:03:00.166667,60,0,Calculating...,Open Play: Scanning for teammates recommended,Vision & Switch Play Drills,Auto-Detecting...
0:03:00.333333,60,1,Calculating...,Open Play: Scanning for teammates recommended,Vision & Switch Play Drills,Auto-Detecting...
0:03:00.500000,60,1,Calculating...,Open Play: Scanning for teammates recommended,Vision & Switch Play Drills,Auto-Detecting...
0:03:00.666667,60,0,Pass Intensity: High (Good for breaking lines),Open Play: Scanning for teammates recommended,Vision & Switch Play Drills,Auto-Detecting...
0:03:00.833333,60,0,Calculating...,Open Play: Scanning for teammates recommended,Vision & Switch Play Drills,Auto-Detecting...
0:03:01,60,0,Calculating...,Open Play: Scanning for teammates recommended,Vision & Switch Play Drills,Auto-Detecting...
0:03:01.166667,60,0,Pass Intensity: High (Good for breaking lines),Open Play: Scanning for teammates recommended,Vision & Switch Play Drills,Auto-Detecting...
0:03:01.333333,60,0,Calculating...,Open Play: Scanning for teammates recommended,Vision & Switch Play Drills,Auto-Detecting...
0:03:01.500000,60,1,Calculating...,Open Play: Scanning for teammates recommended,Vision & Switch Play Drills,Auto-Detecting...
0:03:01.666667,60,0,Pass Intensity: High (Good for breaking lines),Open Play: Scanning for teammates recommended,Vision & Switch Play Drills,Auto-Detecting...
0:03:01.833333,60,0,Calculating...,Open Play: Scanning for teammates recommended,Vision & Switch Play Drills,Auto-Detecting...
0:03:02,60,0,Calculating...,Open Play: Scanning for teammates recommended,Vision & Switch Play Drills,Auto-Detecting...
0:03:02.166667,60,0,Pass Intensity: High (Good for breaking lines),Open Play: Scanning for teammates recommended,Vision & Switch Play Drills,Auto-Detecting...
0:03:02.333333,60,0,Calculating...,Open Play: Scanning for teammates recommended,Vision & Switch Play Drills,Auto-Detecting...
0:03:02.500000,60,0,Pass Intensity: High (Good for breaking lines),Open Play: Scanning for teammates recommended,Vision & Switch Play Drills,Auto-Detecting...
0:03:02.666667,60,0,Calculating...,Open Play: Scanning for teammates recommended,Vision & Switch Play Drills,Auto-Detecting...
0:03:02.833333,60,0,Dead Ball: Slow play or recovery needed,Open Play: Scanning for teammates recommended,Vision & Switch Play Drills,Auto-Detecting...
0:03:03,60,0,Pass Intensity: High (Good for breaking lines),Open Play: Scanning for teammates recommended,Vision & Switch Play Drills,Auto-Detecting...
0:03:03.166667,60,1,Pass Intensity: High (Good for breaking lines),Open Play: Scanning for teammates recommended,Vision & Switch Play Drills,Auto-Detecting...
0:03:03.333333,60,0,Pass Intensity: High (Good for breaking lines),Open Play: Scanning for teammates recommended,Vision & Switch Play Drills,Auto-Detecting...
0:03:03.500000,60,1,Pass Intensity: High (Good for breaking lines),Open Play: Scanning for teammates recommended,Vision & Switch Play Drills,Auto-Detecting...
0:03:03.666667,60,0,Pass Intensity: High (Good for breaking lines),Open Play: Scanning for teammates recommended,Vision & Switch Play Drills,Auto-Detecting...
0:03:03.833333,60,0,Pass Intensity: High (Good for breaking lines),Open Play: Scanning for teammates recommended,Vision & Switch Play Drills,Auto-Detecting...
0:03:04,60,0,Pass Intensity: High (Good for breaking lines),Open Play: Scanning for teammates recommended,Vision & Switch Play Drills,Auto-Detecting...
0:03:04.166667,60,1,Pass Intensity: High (Good for breaking lines),Open Play: Scanning for teammates recommended,Vision & Switch Play Drills,Auto-Detecting...
0:03:04.333333,60,0,Pass Intensity: High (Good for breaking lines),Open Play: Scanning for teammates recommended,Vision & Switch Play Drills,Auto-Detecting...
0:03:04.500000,60,0,Calculating...,Open Play: Scanning for teammates recommended,Vision & Switch Play Drills,Auto-Detecting...
0:03:04.666667,60,0,Pass Intensity: High (Good for breaking lines),Open Play: Scanning for teammates recommended,Vision & Switch Play Drills,Auto-Detecting...
0:03:04.833333,60,1,Pass Intensity: High (Good for breaking lines),Open Play: Scanning for teammates recommended,Vision & Switch Play Drills,Auto-Detecting...
0:03:05,60,1,Pass Intensity: High (Good for breaking lines),Open Play: Scanning for teammates recommended,Vision & Switch Play Drills,Auto-Detecting...
0:03:05.166667,60,2,Calculating...,Alert: Heavy Touch under Pressure,Tight Space Dribbling (Cone Drills),Auto-Detecting...
0:03:05.333333,60,1,Calculating...,Open Play: Scanning for teammates recommended,Vision & Switch Play Drills,Auto-Detecting...
0:03:05.500000,60,1,Pass Intensity: High (Good for breaking lines),Open Play: Scanning for teammates recommended,Vision & Switch Play Drills,Auto-Detecting...
0:03:05.666667,60,0,Calculating...,Open Play: Scanning for teammates recommended,Vision & Switch Play Drills,Auto-Detecting...
0:03:05.833333,60,0,Dead Ball: Slow play or recovery needed,Open Play: Scanning for teammates recommended,Vision & Switch Play Drills,Auto-Detecting...
0:03:06,60,0,Dead Ball: Slow play or recovery needed,Open Play: Scanning for teammates recommended,Vision & Switch Play Drills,Auto-Detecting...
0:03:06.166667,60,1,Calculating...,Open Play: Scanning for teammates recommended,Vision & Switch Play Drills,Auto-Detecting...
0:03:06.333333,60,1,Calculating...,Open Play: Scanning for teammates recommended,Vision & Switch Play Drills,Auto-Detecting...
0:03:06.500000,60,1,Calculating...,Open Play: Scanning for teammates recommended,Vision & Switch Play Drills,Auto-Detecting...
0:03:06.666667,60,1,Calculating...,Open Play: Scanning for teammates recommended,Vision & Switch Play Drills,Auto-Detecting...
0:03:06.833333,60,0,Pass Intensity: High (Good for breaking lines),Open Play: Scanning for teammates recommended,Vision & Switch Play Drills,Auto-Detecting...
0:03:07,60,0,Calculating...,Open Play: Scanning for teammates recommended,Vision & Switch Play Drills,Auto-Detecting...
0:03:07.166667,60,0,Dead Ball: Slow play or recovery needed,Open Play: Scanning for teammates recommended,Vision & Switch Play Drills,Auto-Detecting...
0:03:07.333333,60,0,Calculating...,Open Play: Scanning for teammates recommended,Vision & Switch Play Drills,Auto-Detecting...
0:03:07.500000,60,0,Calculating...,Open Play: Scanning for teammates recommended,Vision & Switch Play Drills,Auto-Detecting...
0:03:07.666667,60,0,Calculating...,Open Play: Scanning for teammates recommended,Vision & Switch Play Drills,Auto-Detecting...
0:03:07.833333,60,0,Dead Ball: Slow play or recovery needed,Open Play: Scanning for teammates recommended,Vision & Switch Play Drills,Auto-Detecting...
0:03:08,60,0,Calculating...,Open Play: Scanning for teammates recommended,Vision & Switch Play Drills,Auto-Detecting...
0:03:08.166667,60,1,Pass Intensity: High (Good for breaking lines),Open Play: Scanning for teammates recommended,Vision & Switch Play Drills,Auto-Detecting...
0:03:08.333333,60,0,Pass Intensity: High (Good for breaking lines),Open Play: Scanning for teammates recommended,Vision & Switch Play Drills,Auto-Detecting...
0:03:08.500000,60,0,Calculating...,Open Play: Scanning for teammates recommended,Vision & Switch Play Drills,Auto-Detecting...
0:03:08.666667,60,2,Pass Intensity: High (Good for breaking lines),Alert: Heavy Touch under Pressure,Tight Space Dribbling (Cone Drills),Auto-Detecting...
0:03:08.833333,60,1,Pass Intensity: High (Good for breaking lines),Open Play: Scanning for teammates recommended,Vision & Switch Play Drills,Auto-Detecting...
0:03:09,60,1,Calculating...,Open Play: Scanning for teammates recommended,Vision & Switch Play Drills,Auto-Detecting...
0:03:09.166667,60,0,Pass Intensity: High (Good for breaking lines),Open Play: Scanning for teammates recommended,Vision & Switch Play Drills,Auto-Detecting...
0:03:09.333333,60,0,Pass Intensity: High (Good for breaking lines),Open Play: Scanning for teammates recommended,Vision & Switch Play Drills,Auto-Detecting...
0:03:09.500000,60,0,Calculating...,Open Play: Scanning for teammates recommended,Vision & Switch Play Drills,Auto-Detecting...
0:03:09.666667,60,0,Calculating...,Open Play: Scanning for teammates recommended,Vision & Switch Play Drills,Auto-Detecting...
0:03:09.833333,60,1,Pass Intensity: High (Good for breaking lines),Open Play: Scanning for teammates recommended,Vision & Switch Play Drills,Auto-Detecting...
0:03:10,60,1,Pass Intensity: High (Good for breaking lines),Open Play: Scanning for teammates recommended,Vision & Switch Play Drills,Auto-Detecting...
0:03:10.166667,60,0,Pass Intensity: High (Good for breaking lines),Open Play: Scanning for teammates recommended,Vision & Switch Play Drills,Auto-Detecting...
0:03:10.333333,60,0,Dead Ball: Slow play or recovery needed,Open Play: Scanning for teammates recommended,Vision & Switch Play Drills,Auto-Detecting...
0:03:10.500000,60,0,Calculating...,Open Play: Scanning for teammates recommended,Vision & Switch Play Drills,Auto-Detecting...
0:03:10.666667,60,0,Pass Intensity: High (Good for breaking lines),Open Play: Scanning for teammates recommended,Vision & Switch Play Drills,Auto-Detecting...
0:03:10.833333,60,1,Pass Intensity: High (Good for breaking lines),Open Play: Scanning for teammates recommended,Vision & Switch Play Drills,Auto-Detecting...
0:03:11,60,1,Pass Intensity: High (Good for breaking lines),Open Play: Scanning for teammates recommended,Vision & Switch Play Drills,Auto-Detecting...
0:03:11.166667,60,0,Pass Intensity: High (Good for breaking lines),Open Play: Scanning for teammates recommended,Vision & Switch Play Drills,Auto-Detecting...
0:03:11.333333,60,0,Calculating...,Open Play: Scanning for teammates recommended,Vision & Switch Play Drills,Auto-Detecting...
0:03:11.500000,60,0,Pass Intensity: High (Good for breaking lines),Open Play: Scanning for teammates recommended,Vision & Switch Play Drills,Auto-Detecting...
0:03:11.666667,60,0,Pass Intensity: High (Good for breaking lines),Open Play: Scanning for teammates recommended,Vision & Switch Play Drills,Auto-Detecting...
0:03:11.833333,60,0,Dead Ball: Slow play or recovery needed,Open Play: Scanning for teammates recommended,Vision & Switch Play Drills,Auto-Detecting...
0:03:12,60,0,Pass Intensity: High (Good for breaking lines),Open Play: Scanning for teammates recommended,Vision & Switch Play Drills,Auto-Detecting...
0:03:12.166667,60,0,Dead Ball: Slow play or recovery needed,Open Play: Scanning for teammates recommended,Vision & Switch Play Drills,Auto-Detecting...
0:03:12.333333,60,0,Pass Intensity: High (Good for breaking lines),Open Play: Scanning for teammates recommended,Vision & Switch Play Drills,Auto-Detecting...
0:03:12.500000,60,1,Pass Intensity: High (Good for breaking lines),Open Play: Scanning for teammates recommended,Vision & Switch Play Drills,Auto-Detecting...
0:03:12.666667,60,0,Pass Intensity: High (Good for breaking lines),Open Play: Scanning for teammates recommended,Vision & Switch Play Drills,Auto-Detecting...
0:03:12.833333,60,0,Dead Ball: Slow play or recovery needed,Open Play: Scanning for teammates recommended,Vision & Switch Play Drills,Auto-Detecting...
0:03:13,60,0,Calculating...,Open Play: Scanning for teammates recommended,Vision & Switch Play Drills,Auto-Detecting...
0:03:13.166667,60,0,Pass Intensity: High (Good for breaking lines),Open Play: Scanning for teammates recommended,Vision & Switch Play Drills,Auto-Detecting...
0:03:13.333333,60,0,Pass Intensity: High (Good for breaking lines),Open Play: Scanning for teammates recommended,Vision & Switch Play Drills,Auto-Detecting...
0:03:13.500000,60,0,Dead Ball: Slow play or recovery needed,Open Play: Scanning for teammates recommended,Vision & Switch Play Drills,Auto-Detecting...
0:03:13.666667,60,0,Calculating...,Open Play: Scanning for teammates recommended,Vision & Switch Play Drills,Auto-Detecting...
0:03:13.833333,60,0,Calculating...,Open Play: Scanning for teammates recommended,Vision & Switch Play Drills,Auto-Detecting...
0:03:14,60,0,Calculating...,Open Play: Scanning for teammates recommended,Vision & Switch Play Drills,Auto-Detecting...
0:03:14.166667,60,1,Calculating...,Open Play: Scanning for teammates recommended,Vision & Switch Play Drills,Auto-Detecting...
0:03:14.333333,100,1,Calculating...,Control: Excellent Close-quarter Handling,Maintain Daily Progress,Auto-Detecting...
0:03:14.500000,60,0,Calculating...,Open Play: Scanning for teammates recommended,Vision & Switch Play Drills,Auto-Detecting...
0:03:14.666667,60,0,Dead Ball: Slow play or recovery needed,Open Play: Scanning for teammates recommended,Vision & Switch Play Drills,Auto-Detecting...
0:03:14.833333,60,0,Dead Ball: Slow play or recovery needed,Open Play: Scanning for teammates recommended,Vision & Switch Play Drills,Auto-Detecting...
0:03:15,60,1,Dead Ball: Slow play or recovery needed,Open Play: Scanning for teammates recommended,Vision & Switch Play Drills,Auto-Detecting...
0:03:15.166667,60,0,Dead Ball: Slow play or recovery needed,Open Play: Scanning for teammates recommended,Vision & Switch Play Drills,Auto-Detecting...
0:03:15.333333,60,0,Dead Ball: Slow play or recovery needed,Open Play: Scanning for teammates recommended,Vision & Switch Play Drills,Auto-Detecting...
0:03:15.500000,60,0,Dead Ball: Slow play or recovery needed,Open Play: Scanning for teammates recommended,Vision & Switch Play Drills,Auto-Detecting...
0:03:15.666667,60,0,Dead Ball: Slow play or recovery needed,Open Play: Scanning for teammates recommended,Vision & Switch Play Drills,Auto-Detecting...
0:03:15.833333,60,0,Dead Ball: Slow play or recovery needed,Open Play: Scanning for teammates recommended,Vision & Switch Play Drills,Auto-Detecting...
0:03:16,60,0,Dead Ball: Slow play or recovery needed,Open Play: Scanning for teammates recommended,Vision & Switch Play Drills,Auto-Detecting...
0:03:16.166667,60,0,Dead Ball: Slow play or recovery needed,Open Play: Scanning for teammates recommended,Vision & Switch Play Drills,Auto-Detecting...
0:03:16.333333,60,1,Dead Ball: Slow play or recovery needed,Open Play: Scanning for teammates recommended,Vision & Switch Play Drills,Auto-Detecting...
0:03:16.500000,60,0,Dead Ball: Slow play or recovery needed,Open Play: Scanning for teammates recommended,Vision & Switch Play Drills,Auto-Detecting...
0:03:16.666667,60,0,Dead Ball: Slow play or recovery needed,Open Play: Scanning for teammates recommended,Vision & Switch Play Drills,Auto-Detecting...
0:03:16.833333,60,0,Calculating...,Open Play: Scanning for teammates recommended,Vision & Switch Play Drills,Auto-Detecting...
0:03:17,60,0,Calculating...,Open Play: Scanning for teammates recommended,Vision & Switch Play Drills,Auto-Detecting...
0:03:17.166667,60,0,Calculating...,Open Play: Scanning for teammates recommended,Vision & Switch Play Drills,Auto-Detecting...
0:03:17.333333,60,0,Dead Ball: Slow play or recovery needed,Open Play: Scanning for teammates recommended,Vision & Switch Play Drills,Auto-Detecting...
0:03:17.500000,60,0,Pass Intensity: High (Good for breaking lines),Open Play: Scanning for teammates recommended,Vision & Switch Play Drills,Auto-Detecting...
0:03:17.666667,60,0,Dead Ball: Slow play or recovery needed,Open Play: Scanning for teammates recommended,Vision & Switch Play Drills,Auto-Detecting...
0:03:17.833333,60,0,Dead Ball: Slow play or recovery needed,Open Play: Scanning for teammates recommended,Vision & Switch Play Drills,Auto-Detecting...
0:03:18,60,0,Dead Ball: Slow play or recovery needed,Open Play: Scanning for teammates recommended,Vision & Switch Play Drills,Auto-Detecting...
0:03:18.166667,60,0,Dead Ball: Slow play or recovery needed,Open Play: Scanning for teammates recommended,Vision & Switch Play Drills,Auto-Detecting...
0:03:18.333333,60,0,Dead Ball: Slow play or recovery needed,Open Play: Scanning for teammates recommended,Vision & Switch Play Drills,Auto-Detecting...
0:03:18.500000,60,0,Dead Ball: Slow play or recovery needed,Open Play: Scanning for teammates recommended,Vision & Switch Play Drills,Auto-Detecting...
0:03:18.666667,60,0,Dead Ball: Slow play or recovery needed,Open Play: Scanning for teammates recommended,Vision & Switch Play Drills,Auto-Detecting...
0:03:18.833333,60,1,Dead Ball: Slow play or recovery needed,Open Play: Scanning for teammates recommended,Vision & Switch Play Drills,Auto-Detecting...
0:03:19,60,0,Dead Ball: Slow play or recovery needed,Open Play: Scanning for teammates recommended,Vision & Switch Play Drills,Auto-Detecting...
0:03:19.166667,60,1,Dead Ball: Slow play or recovery needed,Open Play: Scanning for teammates recommended,Vision & Switch Play Drills,Auto-Detecting...
0:03:19.333333,60,1,Dead Ball: Slow play or recovery needed,Open Play: Scanning for teammates recommended,Vision & Switch Play Drills,Auto-Detecting...
0:03:19.500000,60,1,Dead Ball: Slow play or recovery needed,Open Play: Scanning for teammates recommended,Vision & Switch Play Drills,Auto-Detecting...
0:03:19.666667,100,5,Pass Intensity: High (Good for breaking lines),Control: Excellent Close-quarter Handling,Maintain Daily Progress,Auto-Detecting...
0:03:19.833333,100,5,Calculating...,Control: Excellent Close-quarter Handling,Maintain Daily Progress,Auto-Detecting...
0:03:20,100,4,Calculating...,Control: Excellent Close-quarter Handling,Maintain Daily Progress,Auto-Detecting...
0:03:20.166667,100,3,Calculating...,Control: Excellent Close-quarter Handling,Maintain Daily Progress,Auto-Detecting...
0:03:20.333333,100,4,Pass Intensity: High (Good for breaking lines),Control: Excellent Close-quarter Handling,Maintain Daily Progress,Auto-Detecting...
0:03:20.500000,100,2,Pass Intensity: High (Good for breaking lines),Control: Excellent Close-quarter Handling,Maintain Daily Progress,Auto-Detecting...
0:03:20.666667,60,1,Pass Intensity: High (Good for breaking lines),Open Play: Scanning for teammates recommended,Vision & Switch Play Drills,Auto-Detecting...
0:03:20.833333,100,3,Pass Intensity: High (Good for breaking lines),Control: Excellent Close-quarter Handling,Maintain Daily Progress,Auto-Detecting...
0:03:21,60,1,Pass Intensity: High (Good for breaking lines),Open Play: Scanning for teammates recommended,Vision & Switch Play Drills,Auto-Detecting...
0:03:21.166667,60,0,Pass Intensity: High (Good for breaking lines),Open Play: Scanning for teammates recommended,Vision & Switch Play Drills,Auto-Detecting...
0:03:21.333333,60,0,Calculating...,Open Play: Scanning for teammates recommended,Vision & Switch Play Drills,Auto-Detecting...
0:03:21.500000,60,0,Calculating...,Open Play: Scanning for teammates recommended,Vision & Switch Play Drills,Auto-Detecting...
0:03:21.666667,100,1,Pass Intensity: High (Good for breaking lines),Control: Excellent Close-quarter Handling,Maintain Daily Progress,Auto-Detecting...
0:03:21.833333,60,1,Pass Intensity: High (Good for breaking lines),Open Play: Scanning for teammates recommended,Vision & Switch Play Drills,Auto-Detecting...
0:03:22,60,1,Calculating...,Open Play: Scanning for teammates recommended,Vision & Switch Play Drills,Auto-Detecting...
0:03:22.166667,60,0,Pass Intensity: High (Good for breaking lines),Open Play: Scanning for teammates recommended,Vision & Switch Play Drills,Auto-Detecting...
0:03:22.333333,60,0,Pass Intensity: High (Good for breaking lines),Open Play: Scanning for teammates recommended,Vision & Switch Play Drills,Auto-Detecting...
0:03:22.500000,60,1,Pass Intensity: High (Good for breaking lines),Open Play: Scanning for teammates recommended,Vision & Switch Play Drills,Auto-Detecting...
0:03:22.666667,60,0,Pass Intensity: High (Good for breaking lines),Open Play: Scanning for teammates recommended,Vision & Switch Play Drills,Auto-Detecting...
0:03:22.833333,60,0,Pass Intensity: High (Good for breaking lines),Open Play: Scanning for teammates recommended,Vision & Switch Play Drills,Auto-Detecting...
0:03:23,60,1,Pass Intensity: High (Good for breaking lines),Open Play: Scanning for teammates recommended,Vision & Switch Play Drills,Auto-Detecting...
0:03:23.166667,60,1,Calculating...,Open Play: Scanning for teammates recommended,Vision & Switch Play Drills,Auto-Detecting...
0:03:23.333333,60,0,Calculating...,Open Play: Scanning for teammates recommended,Vision & Switch Play Drills,Auto-Detecting...
0:03:23.500000,60,3,Calculating...,Alert: Heavy Touch under Pressure,Tight Space Dribbling (Cone Drills),Auto-Detecting...
0:03:23.666667,60,2,Dead Ball: Slow play or recovery needed,Open Play: Scanning for teammates recommended,Vision & Switch Play Drills,Auto-Detecting...
0:03:23.833333,60,2,Dead Ball: Slow play or recovery needed,Open Play: Scanning for teammates recommended,Vision & Switch Play Drills,Auto-Detecting...
0:03:24,60,1,Calculating...,Open Play: Scanning for teammates recommended,Vision & Switch Play Drills,Auto-Detecting...
0:03:24.166667,60,0,Pass Intensity: High (Good for breaking lines),Open Play: Scanning for teammates recommended,Vision & Switch Play Drills,Auto-Detecting...
0:03:24.333333,60,0,Dead Ball: Slow play or recovery needed,Open Play: Scanning for teammates recommended,Vision & Switch Play Drills,Auto-Detecting...
0:03:24.500000,60,0,Calculating...,Open Play: Scanning for teammates recommended,Vision & Switch Play Drills,Auto-Detecting...
0:03:24.666667,60,1,Pass Intensity: High (Good for breaking lines),Open Play: Scanning for teammates recommended,Vision & Switch Play Drills,Auto-Detecting...
0:03:24.833333,60,0,Pass Intensity: High (Good for breaking lines),Open Play: Scanning for teammates recommended,Vision & Switch Play Drills,Auto-Detecting...
0:03:25,60,1,Pass Intensity: High (Good for breaking lines),Open Play: Scanning for teammates recommended,Vision & Switch Play Drills,Auto-Detecting...
0:03:25.166667,60,0,Pass Intensity: High (Good for breaking lines),Open Play: Scanning for teammates recommended,Vision & Switch Play Drills,Auto-Detecting...
0:03:25.333333,60,1,Pass Intensity: High (Good for breaking lines),Open Play: Scanning for teammates recommended,Vision & Switch Play Drills,Auto-Detecting...
0:03:25.500000,60,1,Pass Intensity: High (Good for breaking lines),Open Play: Scanning for teammates recommended,Vision & Switch Play Drills,Auto-Detecting...
0:03:25.666667,60,0,Pass Intensity: High (Good for breaking lines),Open Play: Scanning for teammates recommended,Vision & Switch Play Drills,Auto-Detecting...
0:03:25.833333,60,0,Pass Intensity: High (Good for breaking lines),Open Play: Scanning for teammates recommended,Vision & Switch Play Drills,Auto-Detecting...
0:03:26,60,0,Calculating...,Open Play: Scanning for teammates recommended,Vision & Switch Play Drills,Auto-Detecting...
0:03:26.166667,60,0,Pass Intensity: High (Good for breaking lines),Open Play: Scanning for teammates recommended,Vision & Switch Play Drills,Auto-Detecting...
0:03:26.333333,60,0,Pass Intensity: High (Good for breaking lines),Open Play: Scanning for teammates recommended,Vision & Switch Play Drills,Auto-Detecting...
0:03:26.500000,60,0,Pass Intensity: High (Good for breaking lines),Open Play: Scanning for teammates recommended,Vision & Switch Play Drills,Auto-Detecting...
0:03:26.666667,60,0,Pass Intensity: High (Good for breaking lines),Open Play: Scanning for teammates recommended,Vision & Switch Play Drills,Auto-Detecting...
0:03:26.833333,60,1,Pass Intensity: High (Good for breaking lines),Open Play: Scanning for teammates recommended,Vision & Switch Play Drills,Auto-Detecting...
0:03:27,60,0,Pass Intensity: High (Good for breaking lines),Open Play: Scanning for teammates recommended,Vision & Switch Play Drills,Auto-Detecting...
0:03:27.166667,60,0,Pass Intensity: High (Good for breaking lines),Open Play: Scanning for teammates recommended,Vision & Switch Play Drills,Auto-Detecting...
0:03:27.333333,60,0,Calculating...,Open Play: Scanning for teammates recommended,Vision & Switch Play Drills,Auto-Detecting...
0:03:27.500000,60,0,Calculating...,Open Play: Scanning for teammates recommended,Vision & Switch Play Drills,Auto-Detecting...
0:03:27.666667,60,0,Pass Intensity: High (Good for breaking lines),Open Play: Scanning for teammates recommended,Vision & Switch Play Drills,Auto-Detecting...
0:03:27.833333,60,0,Pass Intensity: High (Good for breaking lines),Open Play: Scanning for teammates recommended,Vision & Switch Play Drills,Auto-Detecting...
0:03:28,60,0,Pass Intensity: High (Good for breaking lines),Open Play: Scanning for teammates recommended,Vision & Switch Play Drills,Auto-Detecting...
0:03:28.166667,60,0,Pass Intensity: High (Good for breaking lines),Open Play: Scanning for teammates recommended,Vision & Switch Play Drills,Auto-Detecting...
0:03:28.333333,60,0,Calculating...,Open Play: Scanning for teammates recommended,Vision & Switch Play Drills,Auto-Detecting...
0:03:28.500000,60,0,Calculating...,Open Play: Scanning for teammates recommended,Vision & Switch Play Drills,Auto-Detecting...
0:03:28.666667,60,0,Pass Intensity: High (Good for breaking lines),Open Play: Scanning for teammates recommended,Vision & Switch Play Drills,Auto-Detecting...
0:03:28.833333,60,0,Pass Intensity: High (Good for breaking lines),Open Play: Scanning for teammates recommended,Vision & Switch Play Drills,Auto-Detecting...
0:03:29,60,0,Pass Intensity: High (Good for breaking lines),Open Play: Scanning for teammates recommended,Vision & Switch Play Drills,Auto-Detecting...
0:03:29.166667,60,0,Pass Intensity: High (Good for breaking lines),Open Play: Scanning for teammates recommended,Vision & Switch Play Drills,Auto-Detecting...
0:03:29.333333,60,0,Pass Intensity: High (Good for breaking lines),Open Play: Scanning for teammates recommended,Vision & Switch Play Drills,Auto-Detecting...
0:03:29.500000,60,0,Pass Intensity: High (Good for breaking lines),Open Play: Scanning for teammates recommended,Vision & Switch Play Drills,Auto-Detecting...
0:03:29.666667,60,0,Pass Intensity: High (Good for breaking lines),Open Play: Scanning for teammates recommended,Vision & Switch Play Drills,Auto-Detecting...
0:03:29.833333,60,1,Pass Intensity: High (Good for breaking lines),Open Play: Scanning for teammates recommended,Vision & Switch Play Drills,Auto-Detecting...
0:03:30,60,0,Pass Intensity: High (Good for breaking lines),Open Play: Scanning for teammates recommended,Vision & Switch Play Drills,Auto-Detecting...
0:03:30.166667,60,0,Pass Intensity: High (Good for breaking lines),Open Play: Scanning for teammates recommended,Vision & Switch Play Drills,Auto-Detecting...
0:03:30.333333,60,0,Pass Intensity: High (Good for breaking lines),Open Play: Scanning for teammates recommended,Vision & Switch Play Drills,Auto-Detecting...
0:03:30.500000,60,0,Pass Intensity: High (Good for breaking lines),Open Play: Scanning for teammates recommended,Vision & Switch Play Drills,Auto-Detecting...
0:03:30.666667,60,1,Pass Intensity: High (Good for breaking lines),Open Play: Scanning for teammates recommended,Vision & Switch Play Drills,Auto-Detecting...
0:03:30.833333,60,0,Pass Intensity: High (Good for breaking lines),Open Play: Scanning for teammates recommended,Vision & Switch Play Drills,Auto-Detecting...
0:03:31,60,0,Pass Intensity: High (Good for breaking lines),Open Play: Scanning for teammates recommended,Vision & Switch Play Drills,Auto-Detecting...
0:03:31.166667,60,0,Pass Intensity: High (Good for breaking lines),Open Play: Scanning for teammates recommended,Vision & Switch Play Drills,Auto-Detecting...
0:03:31.333333,60,0,Pass Intensity: High (Good for breaking lines),Open Play: Scanning for teammates recommended,Vision & Switch Play Drills,Auto-Detecting...
0:03:31.500000,60,0,Pass Intensity: High (Good for breaking lines),Open Play: Scanning for teammates recommended,Vision & Switch Play Drills,Auto-Detecting...
0:03:31.666667,60,0,Pass Intensity: High (Good for breaking lines),Open Play: Scanning for teammates recommended,Vision & Switch Play Drills,Auto-Detecting...
0:03:31.833333,60,0,Pass Intensity: High (Good for breaking lines),Open Play: Scanning for teammates recommended,Vision & Switch Play Drills,Auto-Detecting...
0:03:32,60,0,Pass Intensity: High (Good for breaking lines),Open Play: Scanning for teammates recommended,Vision & Switch Play Drills,Auto-Detecting...
0:03:32.166667,60,0,Pass Intensity: High (Good for breaking lines),Open Play: Scanning for teammates recommended,Vision & Switch Play Drills,Auto-Detecting...
0:03:32.333333,60,0,Pass Intensity: High (Good for breaking lines),Open Play: Scanning for teammates recommended,Vision & Switch Play Drills,Auto-Detecting...
0:03:32.500000,60,3,Pass Intensity: High (Good for breaking lines),Open Play: Scanning for teammates recommended,Vision & Switch Play Drills,Auto-Detecting...
0:03:32.666667,60,1,Pass Intensity: High (Good for breaking lines),Open Play: Scanning for teammates recommended,Vision & Switch Play Drills,Auto-Detecting...
0:03:32.833333,60,0,Pass Intensity: High (Good for breaking lines),Open Play: Scanning for teammates recommended,Vision & Switch Play Drills,Auto-Detecting...
0:03:33,60,0,Pass Intensity: High (Good for breaking lines),Open Play: Scanning for teammates recommended,Vision & Switch Play Drills,Auto-Detecting...
0:03:33.166667,60,2,Pass Intensity: High (Good for breaking lines),Open Play: Scanning for teammates recommended,Vision & Switch Play Drills,Auto-Detecting...
0:03:33.333333,60,0,Pass Intensity: High (Good for breaking lines),Open Play: Scanning for teammates recommended,Vision & Switch Play Drills,Auto-Detecting...
0:03:33.500000,60,0,Calculating...,Open Play: Scanning for teammates recommended,Vision & Switch Play Drills,Auto-Detecting...
0:03:33.666667,60,0,Dead Ball: Slow play or recovery needed,Open Play: Scanning for teammates recommended,Vision & Switch Play Drills,Auto-Detecting...
0:03:33.833333,60,0,Dead Ball: Slow play or recovery needed,Open Play: Scanning for teammates recommended,Vision & Switch Play Drills,Auto-Detecting...
0:03:34,60,0,Dead Ball: Slow play or recovery needed,Open Play: Scanning for teammates recommended,Vision & Switch Play Drills,Auto-Detecting...
0:03:34.166667,60,0,Calculating...,Open Play: Scanning for teammates recommended,Vision & Switch Play Drills,Auto-Detecting...
0:03:34.333333,60,0,Dead Ball: Slow play or recovery needed,Open Play: Scanning for teammates recommended,Vision & Switch Play Drills,Auto-Detecting...
0:03:34.500000,60,0,Dead Ball: Slow play or recovery needed,Open Play: Scanning for teammates recommended,Vision & Switch Play Drills,Auto-Detecting...
0:03:34.666667,60,0,Calculating...,Open Play: Scanning for teammates recommended,Vision & Switch Play Drills,Auto-Detecting...
0:03:34.833333,60,0,Dead Ball: Slow play or recovery needed,Open Play: Scanning for teammates recommended,Vision & Switch Play Drills,Auto-Detecting...
0:03:35,60,0,Dead Ball: Slow play or recovery needed,Open Play: Scanning for teammates recommended,Vision & Switch Play Drills,Auto-Detecting...
0:03:35.166667,60,0,Dead Ball: Slow play or recovery needed,Open Play: Scanning for teammates recommended,Vision & Switch Play Drills,Auto-Detecting...
0:03:35.333333,60,0,Dead Ball: Slow play or recovery needed,Open Play: Scanning for teammates recommended,Vision & Switch Play Drills,Auto-Detecting...
0:03:35.500000,60,0,Calculating...,Open Play: Scanning for teammates recommended,Vision & Switch Play Drills,Auto-Detecting...
0:03:35.666667,60,0,Dead Ball: Slow play or recovery needed,Open Play: Scanning for teammates recommended,Vision & Switch Play Drills,Auto-Detecting...
0:03:35.833333,60,0,Calculating...,Open Play: Scanning for teammates recommended,Vision & Switch Play Drills,Auto-Detecting...
0:03:36,60,0,Calculating...,Open Play: Scanning for teammates recommended,Vision & Switch Play Drills,Auto-Detecting...
0:03:36.166667,60,0,Calculating...,Open Play: Scanning for teammates recommended,Vision & Switch Play Drills,Auto-Detecting...
0:03:36.333333,60,0,Dead Ball: Slow play or recovery needed,Open Play: Scanning for teammates recommended,Vision & Switch Play Drills,Auto-Detecting...
0:03:36.500000,60,0,Calculating...,Open Play: Scanning for teammates recommended,Vision & Switch Play Drills,Auto-Detecting...
0:03:36.666667,60,1,Calculating...,Open Play: Scanning for teammates recommended,Vision & Switch Play Drills,Auto-Detecting...
0:03:36.833333,60,1,Calculating...,Open Play: Scanning for teammates recommended,Vision & Switch Play Drills,Auto-Detecting...
0:03:37,60,0,Calculating...,Open Play: Scanning for teammates recommended,Vision & Switch Play Drills,Auto-Detecting...
0:03:37.166667,60,1,Calculating...,Open Play: Scanning for teammates recommended,Vision & Switch Play Drills,Auto-Detecting...
0:03:37.333333,60,0,Calculating...,Open Play: Scanning for teammates recommended,Vision & Switch Play Drills,Auto-Detecting...
0:03:37.500000,60,1,Calculating...,Open Play: Scanning for teammates recommended,Vision & Switch Play Drills,Auto-Detecting...
0:03:37.666667,60,1,Pass Intensity: High (Good for breaking lines),Open Play: Scanning for teammates recommended,Vision & Switch Play Drills,Auto-Detecting...
0:03:37.833333,60,1,Calculating...,Open Play: Scanning for teammates recommended,Vision & Switch Play Drills,Auto-Detecting...
0:03:38,60,0,Calculating...,Open Play: Scanning for teammates recommended,Vision & Switch Play Drills,Auto-Detecting...
0:03:38.166667,60,1,Calculating...,Open Play: Scanning for teammates recommended,Vision & Switch Play Drills,Auto-Detecting...
0:03:38.333333,60,0,Calculating...,Open Play: Scanning for teammates recommended,Vision & Switch Play Drills,Auto-Detecting...
0:03:38.500000,60,0,Calculating...,Open Play: Scanning for teammates recommended,Vision & Switch Play Drills,Auto-Detecting...
0:03:38.666667,60,0,Calculating...,Open Play: Scanning for teammates recommended,Vision & Switch Play Drills,Auto-Detecting...
0:03:38.833333,60,0,Pass Intensity: High (Good for breaking lines),Open Play: Scanning for teammates recommended,Vision & Switch Play Drills,Auto-Detecting...
0:03:39,60,0,Dead Ball: Slow play or recovery needed,Open Play: Scanning for teammates recommended,Vision & Switch Play Drills,Auto-Detecting...
0:03:39.166667,60,0,Dead Ball: Slow play or recovery needed,Open Play: Scanning for teammates recommended,Vision & Switch Play Drills,Auto-Detecting...
0:03:39.333333,60,0,Dead Ball: Slow play or recovery needed,Open Play: Scanning for teammates recommended,Vision & Switch Play Drills,Auto-Detecting...
0:03:39.500000,60,0,Dead Ball: Slow play or recovery needed,Open Play: Scanning for teammates recommended,Vision & Switch Play Drills,Auto-Detecting...
0:03:39.666667,60,0,Dead Ball: Slow play or recovery needed,Open Play: Scanning for teammates recommended,Vision & Switch Play Drills,Auto-Detecting...
0:03:39.833333,60,0,Dead Ball: Slow play or recovery needed,Open Play: Scanning for teammates recommended,Vision & Switch Play Drills,Auto-Detecting...
0:03:40,60,0,Dead Ball: Slow play or recovery needed,Open Play: Scanning for teammates recommended,Vision & Switch Play Drills,Auto-Detecting...
0:03:40.166667,60,0,Dead Ball: Slow play or recovery needed,Open Play: Scanning for teammates recommended,Vision & Switch Play Drills,Auto-Detecting...
0:03:40.333333,60,0,Dead Ball: Slow play or recovery needed,Open Play: Scanning for teammates recommended,Vision & Switch Play Drills,Auto-Detecting...
0:03:40.500000,60,0,Dead Ball: Slow play or recovery needed,Open Play: Scanning for teammates recommended,Vision & Switch Play Drills,Auto-Detecting...
0:03:40.666667,60,0,Dead Ball: Slow play or recovery needed,Open Play: Scanning for teammates recommended,Vision & Switch Play Drills,Auto-Detecting...
0:03:40.833333,60,0,Dead Ball: Slow play or recovery needed,Open Play: Scanning for teammates recommended,Vision & Switch Play Drills,Auto-Detecting...
0:03:41,60,0,Dead Ball: Slow play or recovery needed,Open Play: Scanning for teammates recommended,Vision & Switch Play Drills,Auto-Detecting...
0:03:41.166667,60,0,Dead Ball: Slow play or recovery needed,Open Play: Scanning for teammates recommended,Vision & Switch Play Drills,Auto-Detecting...
0:03:41.333333,60,0,Dead Ball: Slow play or recovery needed,Open Play: Scanning for teammates recommended,Vision & Switch Play Drills,Auto-Detecting...
0:03:41.500000,60,0,Dead Ball: Slow play or recovery needed,Open Play: Scanning for teammates recommended,Vision & Switch Play Drills,Auto-Detecting...
0:03:41.666667,60,0,Dead Ball: Slow play or recovery needed,Open Play: Scanning for teammates recommended,Vision & Switch Play Drills,Auto-Detecting...
0:03:41.833333,60,0,Dead Ball: Slow play or recovery needed,Open Play: Scanning for teammates recommended,Vision & Switch Play Drills,Auto-Detecting...
0:03:42,60,0,Dead Ball: Slow play or recovery needed,Open Play: Scanning for teammates recommended,Vision & Switch Play Drills,Auto-Detecting...
0:03:42.166667,60,0,Dead Ball: Slow play or recovery needed,Open Play: Scanning for teammates recommended,Vision & Switch Play Drills,Auto-Detecting...
0:03:42.333333,60,0,Pass Intensity: High (Good for breaking lines),Open Play: Scanning for teammates recommended,Vision & Switch Play Drills,Auto-Detecting...
0:03:42.500000,60,0,Calculating...,Open Play: Scanning for teammates recommended,Vision & Switch Play Drills,Auto-Detecting...
0:03:42.666667,60,1,Calculating...,Open Play: Scanning for teammates recommended,Vision & Switch Play Drills,Auto-Detecting...
0:03:42.833333,60,1,Dead Ball: Slow play or recovery needed,Open Play: Scanning for teammates recommended,Vision & Switch Play Drills,Auto-Detecting...
0:03:43,60,1,Calculating...,Open Play: Scanning for teammates recommended,Vision & Switch Play Drills,Auto-Detecting...
0:03:43.166667,60,0,Pass Intensity: High (Good for breaking lines),Open Play: Scanning for teammates recommended,Vision & Switch Play Drills,Auto-Detecting...
0:03:43.333333,60,0,Pass Intensity: High (Good for breaking lines),Open Play: Scanning for teammates recommended,Vision & Switch Play Drills,Auto-Detecting...
0:03:43.500000,60,1,Pass Intensity: High (Good for breaking lines),Open Play: Scanning for teammates recommended,Vision & Switch Play Drills,Auto-Detecting...
0:03:43.666667,60,1,Dead Ball: Slow play or recovery needed,Open Play: Scanning for teammates recommended,Vision & Switch Play Drills,Auto-Detecting...
0:03:43.833333,60,0,Calculating...,Open Play: Scanning for teammates recommended,Vision & Switch Play Drills,Auto-Detecting...
0:03:44,60,0,Pass Intensity: High (Good for breaking lines),Open Play: Scanning for teammates recommended,Vision & Switch Play Drills,Auto-Detecting...
0:03:44.166667,60,0,Pass Intensity: High (Good for breaking lines),Open Play: Scanning for teammates recommended,Vision & Switch Play Drills,Auto-Detecting...
0:03:44.333333,60,1,Pass Intensity: High (Good for breaking lines),Open Play: Scanning for teammates recommended,Vision & Switch Play Drills,Auto-Detecting...
0:03:44.500000,60,0,Pass Intensity: High (Good for breaking lines),Open Play: Scanning for teammates recommended,Vision & Switch Play Drills,Auto-Detecting...
0:03:44.666667,60,0,Calculating...,Open Play: Scanning for teammates recommended,Vision & Switch Play Drills,Auto-Detecting...
0:03:44.833333,60,1,Pass Intensity: High (Good for breaking lines),Open Play: Scanning for teammates recommended,Vision & Switch Play Drills,Auto-Detecting...
0:03:45,60,0,Pass Intensity: High (Good for breaking lines),Open Play: Scanning for teammates recommended,Vision & Switch Play Drills,Auto-Detecting...
0:03:45.166667,60,0,Pass Intensity: High (Good for breaking lines),Open Play: Scanning for teammates recommended,Vision & Switch Play Drills,Auto-Detecting...
0:03:45.333333,60,0,Pass Intensity: High (Good for breaking lines),Open Play: Scanning for teammates recommended,Vision & Switch Play Drills,Auto-Detecting...
0:03:45.500000,60,0,Calculating...,Open Play: Scanning for teammates recommended,Vision & Switch Play Drills,Auto-Detecting...
0:03:45.666667,60,1,Calculating...,Open Play: Scanning for teammates recommended,Vision & Switch Play Drills,Auto-Detecting...
0:03:45.833333,60,0,Pass Intensity: High (Good for breaking lines),Open Play: Scanning for teammates recommended,Vision & Switch Play Drills,Auto-Detecting...
0:03:46,60,0,Pass Intensity: High (Good for breaking lines),Open Play: Scanning for teammates recommended,Vision & Switch Play Drills,Auto-Detecting...
0:03:46.166667,60,1,Pass Intensity: High (Good for breaking lines),Open Play: Scanning for teammates recommended,Vision & Switch Play Drills,Auto-Detecting...
0:03:46.333333,100,4,Pass Intensity: High (Good for breaking lines),Control: Excellent Close-quarter Handling,Maintain Daily Progress,Auto-Detecting...
0:03:46.500000,100,2,Calculating...,Control: Excellent Close-quarter Handling,Maintain Daily Progress,Auto-Detecting...
0:03:46.666667,60,0,Pass Intensity: High (Good for breaking lines),Open Play: Scanning for teammates recommended,Vision & Switch Play Drills,Auto-Detecting...
0:03:46.833333,60,0,Calculating...,Open Play: Scanning for teammates recommended,Vision & Switch Play Drills,Auto-Detecting...
0:03:47,60,0,Pass Intensity: High (Good for breaking lines),Open Play: Scanning for teammates recommended,Vision & Switch Play Drills,Auto-Detecting...
0:03:47.166667,60,0,Pass Intensity: High (Good for breaking lines),Open Play: Scanning for teammates recommended,Vision & Switch Play Drills,Auto-Detecting...
0:03:47.333333,60,0,Pass Intensity: High (Good for breaking lines),Open Play: Scanning for teammates recommended,Vision & Switch Play Drills,Auto-Detecting...
0:03:47.500000,60,0,Pass Intensity: High (Good for breaking lines),Open Play: Scanning for teammates recommended,Vision & Switch Play Drills,Auto-Detecting...
0:03:47.666667,60,1,Calculating...,Open Play: Scanning for teammates recommended,Vision & Switch Play Drills,Auto-Detecting...
0:03:47.833333,60,0,Calculating...,Open Play: Scanning for teammates recommended,Vision & Switch Play Drills,Auto-Detecting...
0:03:48,60,0,Calculating...,Open Play: Scanning for teammates recommended,Vision & Switch Play Drills,Auto-Detecting...
0:03:48.166667,60,0,Calculating...,Open Play: Scanning for teammates recommended,Vision & Switch Play Drills,Auto-Detecting...
0:03:48.333333,60,0,Calculating...,Open Play: Scanning for teammates recommended,Vision & Switch Play Drills,Auto-Detecting...
0:03:48.500000,60,0,Calculating...,Open Play: Scanning for teammates recommended,Vision & Switch Play Drills,Auto-Detecting...
0:03:48.666667,60,0,Pass Intensity: High (Good for breaking lines),Open Play: Scanning for teammates recommended,Vision & Switch Play Drills,Auto-Detecting...
0:03:48.833333,60,0,Calculating...,Open Play: Scanning for teammates recommended,Vision & Switch Play Drills,Auto-Detecting...
0:03:49,60,0,Pass Intensity: High (Good for breaking lines),Open Play: Scanning for teammates recommended,Vision & Switch Play Drills,Auto-Detecting...
0:03:49.166667,60,0,Calculating...,Open Play: Scanning for teammates recommended,Vision & Switch Play Drills,Auto-Detecting...
0:03:49.333333,60,0,Pass Intensity: High (Good for breaking lines),Open Play: Scanning for teammates recommended,Vision & Switch Play Drills,Auto-Detecting...
0:03:49.500000,60,0,Pass Intensity: High (Good for breaking lines),Open Play: Scanning for teammates recommended,Vision & Switch Play Drills,Auto-Detecting...
0:03:49.666667,60,0,Pass Intensity: High (Good for breaking lines),Open Play: Scanning for teammates recommended,Vision & Switch Play Drills,Auto-Detecting...
0:03:49.833333,60,1,Pass Intensity: High (Good for breaking lines),Open Play: Scanning for teammates recommended,Vision & Switch Play Drills,Auto-Detecting...
0:03:50,60,0,Pass Intensity: High (Good for breaking lines),Open Play: Scanning for teammates recommended,Vision & Switch Play Drills,Auto-Detecting...
0:03:50.166667,60,0,Pass Intensity: High (Good for breaking lines),Open Play: Scanning for teammates recommended,Vision & Switch Play Drills,Auto-Detecting...
0:03:50.333333,60,0,Pass Intensity: High (Good for breaking lines),Open Play: Scanning for teammates recommended,Vision & Switch Play Drills,Auto-Detecting...
0:03:50.500000,100,1,Pass Intensity: High (Good for breaking lines),Control: Excellent Close-quarter Handling,Maintain Daily Progress,Auto-Detecting...
0:03:50.666667,60,0,Pass Intensity: High (Good for breaking lines),Open Play: Scanning for teammates recommended,Vision & Switch Play Drills,Auto-Detecting...
0:03:50.833333,60,0,Pass Intensity: High (Good for breaking lines),Open Play: Scanning for teammates recommended,Vision & Switch Play Drills,Auto-Detecting...
0:03:51,60,0,Pass Intensity: High (Good for breaking lines),Open Play: Scanning for teammates recommended,Vision & Switch Play Drills,Auto-Detecting...
0:03:51.166667,60,0,Pass Intensity: High (Good for breaking lines),Open Play: Scanning for teammates recommended,Vision & Switch Play Drills,Auto-Detecting...
0:03:51.333333,60,0,Pass Intensity: High (Good for breaking lines),Open Play: Scanning for teammates recommended,Vision & Switch Play Drills,Auto-Detecting...
0:03:51.500000,60,0,Pass Intensity: High (Good for breaking lines),Open Play: Scanning for teammates recommended,Vision & Switch Play Drills,Auto-Detecting...
0:03:51.666667,60,0,Pass Intensity: High (Good for breaking lines),Open Play: Scanning for teammates recommended,Vision & Switch Play Drills,Auto-Detecting...
0:03:51.833333,60,0,Pass Intensity: High (Good for breaking lines),Open Play: Scanning for teammates recommended,Vision & Switch Play Drills,Auto-Detecting...
0:03:52,60,0,Pass Intensity: High (Good for breaking lines),Open Play: Scanning for teammates recommended,Vision & Switch Play Drills,Auto-Detecting...
0:03:52.166667,60,0,Pass Intensity: High (Good for breaking lines),Open Play: Scanning for teammates recommended,Vision & Switch Play Drills,Auto-Detecting...
0:03:52.333333,60,0,Pass Intensity: High (Good for breaking lines),Open Play: Scanning for teammates recommended,Vision & Switch Play Drills,Auto-Detecting...
0:03:52.500000,60,3,Pass Intensity: High (Good for breaking lines),Alert: Heavy Touch under Pressure,Tight Space Dribbling (Cone Drills),Auto-Detecting...
0:03:52.666667,60,0,Pass Intensity: High (Good for breaking lines),Open Play: Scanning for teammates recommended,Vision & Switch Play Drills,Auto-Detecting...
0:03:52.833333,60,0,Calculating...,Open Play: Scanning for teammates recommended,Vision & Switch Play Drills,Auto-Detecting...
0:03:53,60,0,Dead Ball: Slow play or recovery needed,Open Play: Scanning for teammates recommended,Vision & Switch Play Drills,Auto-Detecting...
0:03:53.166667,60,0,Calculating...,Open Play: Scanning for teammates recommended,Vision & Switch Play Drills,Auto-Detecting...
0:03:53.333333,60,1,Calculating...,Open Play: Scanning for teammates recommended,Vision & Switch Play Drills,Auto-Detecting...
0:03:53.500000,60,0,Calculating...,Open Play: Scanning for teammates recommended,Vision & Switch Play Drills,Auto-Detecting...
0:03:53.666667,60,0,Calculating...,Open Play: Scanning for teammates recommended,Vision & Switch Play Drills,Auto-Detecting...
0:03:53.833333,60,1,Pass Intensity: High (Good for breaking lines),Open Play: Scanning for teammates recommended,Vision & Switch Play Drills,Auto-Detecting...
0:03:54,60,0,Pass Intensity: High (Good for breaking lines),Open Play: Scanning for teammates recommended,Vision & Switch Play Drills,Auto-Detecting...
0:03:54.166667,60,0,Pass Intensity: High (Good for breaking lines),Open Play: Scanning for teammates recommended,Vision & Switch Play Drills,Auto-Detecting...
0:03:54.333333,60,0,Calculating...,Open Play: Scanning for teammates recommended,Vision & Switch Play Drills,Auto-Detecting...
0:03:54.500000,60,0,Pass Intensity: High (Good for breaking lines),Open Play: Scanning for teammates recommended,Vision & Switch Play Drills,Auto-Detecting...
0:03:54.666667,60,0,Calculating...,Open Play: Scanning for teammates recommended,Vision & Switch Play Drills,Auto-Detecting...
0:03:54.833333,60,0,Dead Ball: Slow play or recovery needed,Open Play: Scanning for teammates recommended,Vision & Switch Play Drills,Auto-Detecting...
0:03:55,60,1,Calculating...,Open Play: Scanning for teammates recommended,Vision & Switch Play Drills,Auto-Detecting...
0:03:55.166667,60,1,Pass Intensity: High (Good for breaking lines),Open Play: Scanning for teammates recommended,Vision & Switch Play Drills,Auto-Detecting...
0:03:55.333333,100,1,Calculating...,Control: Excellent Close-quarter Handling,Maintain Daily Progress,Auto-Detecting...
0:03:55.500000,60,0,Pass Intensity: High (Good for breaking lines),Open Play: Scanning for teammates recommended,Vision & Switch Play Drills,Auto-Detecting...
0:03:55.666667,60,0,Calculating...,Open Play: Scanning for teammates recommended,Vision & Switch Play Drills,Auto-Detecting...
0:03:55.833333,60,1,Pass Intensity: High (Good for breaking lines),Open Play: Scanning for teammates recommended,Vision & Switch Play Drills,Auto-Detecting...
0:03:56,60,1,Dead Ball: Slow play or recovery needed,Open Play: Scanning for teammates recommended,Vision & Switch Play Drills,Auto-Detecting...
0:03:56.166667,60,1,Dead Ball: Slow play or recovery needed,Open Play: Scanning for teammates recommended,Vision & Switch Play Drills,Auto-Detecting...
0:03:56.333333,60,1,Dead Ball: Slow play or recovery needed,Open Play: Scanning for teammates recommended,Vision & Switch Play Drills,Auto-Detecting...
0:03:56.500000,60,1,Dead Ball: Slow play or recovery needed,Open Play: Scanning for teammates recommended,Vision & Switch Play Drills,Auto-Detecting...
0:03:56.666667,60,1,Dead Ball: Slow play or recovery needed,Open Play: Scanning for teammates recommended,Vision & Switch Play Drills,Auto-Detecting...
0:03:56.833333,60,1,Dead Ball: Slow play or recovery needed,Open Play: Scanning for teammates recommended,Vision & Switch Play Drills,Auto-Detecting...
0:03:57,60,1,Dead Ball: Slow play or recovery needed,Open Play: Scanning for teammates recommended,Vision & Switch Play Drills,Auto-Detecting...
0:03:57.166667,60,1,Dead Ball: Slow play or recovery needed,Open Play: Scanning for teammates recommended,Vision & Switch Play Drills,Auto-Detecting...
0:03:57.333333,60,1,Dead Ball: Slow play or recovery needed,Open Play: Scanning for teammates recommended,Vision & Switch Play Drills,Auto-Detecting...
0:03:57.500000,60,1,Dead Ball: Slow play or recovery needed,Open Play: Scanning for teammates recommended,Vision & Switch Play Drills,Auto-Detecting...
0:03:57.666667,60,1,Dead Ball: Slow play or recovery needed,Open Play: Scanning for teammates recommended,Vision & Switch Play Drills,Auto-Detecting...
0:03:57.833333,60,1,Dead Ball: Slow play or recovery needed,Open Play: Scanning for teammates recommended,Vision & Switch Play Drills,Auto-Detecting...
0:03:58,60,1,Dead Ball: Slow play or recovery needed,Open Play: Scanning for teammates recommended,Vision & Switch Play Drills,Auto-Detecting...
0:03:58.166667,60,1,Dead Ball: Slow play or recovery needed,Open Play: Scanning for teammates recommended,Vision & Switch Play Drills,Auto-Detecting...
0:03:58.333333,60,1,Dead Ball: Slow play or recovery needed,Open Play: Scanning for teammates recommended,Vision & Switch Play Drills,Auto-Detecting...
0:03:58.500000,60,1,Dead Ball: Slow play or recovery needed,Open Play: Scanning for teammates recommended,Vision & Switch Play Drills,Auto-Detecting...
0:03:58.666667,60,1,Dead Ball: Slow play or recovery needed,Open Play: Scanning for teammates recommended,Vision & Switch Play Drills,Auto-Detecting...
0:03:58.833333,60,1,Dead Ball: Slow play or recovery needed,Open Play: Scanning for teammates recommended,Vision & Switch Play Drills,Auto-Detecting...
0:03:59,60,1,Dead Ball: Slow play or recovery needed,Open Play: Scanning for teammates recommended,Vision & Switch Play Drills,Auto-Detecting...
0:03:59.166667,60,1,Dead Ball: Slow play or recovery needed,Open Play: Scanning for teammates recommended,Vision & Switch Play Drills,Auto-Detecting...
0:03:59.333333,60,1,Dead Ball: Slow play or recovery needed,Open Play: Scanning for teammates recommended,Vision & Switch Play Drills,Auto-Detecting...
0:03:59.500000,60,1,Dead Ball: Slow play or recovery needed,Open Play: Scanning for teammates recommended,Vision & Switch Play Drills,Auto-Detecting...
0:03:59.666667,60,1,Dead Ball: Slow play or recovery needed,Open Play: Scanning for teammates recommended,Vision & Switch Play Drills,Auto-Detecting...
0:03:59.833333,60,1,Dead Ball: Slow play or recovery needed,Open Play: Scanning for teammates recommended,Vision & Switch Play Drills,Auto-Detecting...
0:04:00,60,1,Dead Ball: Slow play or recovery needed,Open Play: Scanning for teammates recommended,Vision & Switch Play Drills,Auto-Detecting...
0:04:00.166667,60,1,Dead Ball: Slow play or recovery needed,Open Play: Scanning for teammates recommended,Vision & Switch Play Drills,Auto-Detecting...
0:04:00.333333,60,1,Dead Ball: Slow play or recovery needed,Open Play: Scanning for teammates recommended,Vision & Switch Play Drills,Auto-Detecting...
0:04:00.500000,60,1,Dead Ball: Slow play or recovery needed,Open Play: Scanning for teammates recommended,Vision & Switch Play Drills,Auto-Detecting...
0:04:00.666667,60,1,Dead Ball: Slow play or recovery needed,Open Play: Scanning for teammates recommended,Vision & Switch Play Drills,Auto-Detecting...
0:04:00.833333,60,1,Dead Ball: Slow play or recovery needed,Open Play: Scanning for teammates recommended,Vision & Switch Play Drills,Auto-Detecting...
0:04:01,60,0,Pass Intensity: High (Good for breaking lines),Open Play: Scanning for teammates recommended,Vision & Switch Play Drills,Auto-Detecting...
0:04:01.166667,60,0,Dead Ball: Slow play or recovery needed,Open Play: Scanning for teammates recommended,Vision & Switch Play Drills,Auto-Detecting...
0:04:01.333333,60,0,Dead Ball: Slow play or recovery needed,Open Play: Scanning for teammates recommended,Vision & Switch Play Drills,Auto-Detecting...
0:04:01.500000,60,0,Calculating...,Open Play: Scanning for teammates recommended,Vision & Switch Play Drills,Auto-Detecting...
0:04:01.666667,60,1,Dead Ball: Slow play or recovery needed,Open Play: Scanning for teammates recommended,Vision & Switch Play Drills,Auto-Detecting...
0:04:01.833333,60,0,Dead Ball: Slow play or recovery needed,Open Play: Scanning for teammates recommended,Vision & Switch Play Drills,Auto-Detecting...
0:04:02,60,1,Dead Ball: Slow play or recovery needed,Open Play: Scanning for teammates recommended,Vision & Switch Play Drills,Auto-Detecting...
0:04:02.166667,60,0,Dead Ball: Slow play or recovery needed,Open Play: Scanning for teammates recommended,Vision & Switch Play Drills,Auto-Detecting...
0:04:02.333333,100,2,Calculating...,Control: Excellent Close-quarter Handling,Maintain Daily Progress,Auto-Detecting...
0:04:02.500000,60,1,Calculating...,Open Play: Scanning for teammates recommended,Vision & Switch Play Drills,Auto-Detecting...
0:04:02.666667,100,2,Calculating...,Control: Excellent Close-quarter Handling,Maintain Daily Progress,Auto-Detecting...
0:04:02.833333,60,1,Dead Ball: Slow play or recovery needed,Open Play: Scanning for teammates recommended,Vision & Switch Play Drills,Auto-Detecting...
0:04:03,60,0,Pass Intensity: High (Good for breaking lines),Open Play: Scanning for teammates recommended,Vision & Switch Play Drills,Auto-Detecting...
0:04:03.166667,60,0,Calculating...,Open Play: Scanning for teammates recommended,Vision & Switch Play Drills,Auto-Detecting...
0:04:03.333333,60,0,Pass Intensity: High (Good for breaking lines),Open Play: Scanning for teammates recommended,Vision & Switch Play Drills,Auto-Detecting...
0:04:03.500000,60,0,Calculating...,Open Play: Scanning for teammates recommended,Vision & Switch Play Drills,Auto-Detecting...
0:04:03.666667,60,0,Calculating...,Open Play: Scanning for teammates recommended,Vision & Switch Play Drills,Auto-Detecting...
0:04:03.833333,60,0,Calculating...,Open Play: Scanning for teammates recommended,Vision & Switch Play Drills,Auto-Detecting...
0:04:04,60,0,Pass Intensity: High (Good for breaking lines),Open Play: Scanning for teammates recommended,Vision & Switch Play Drills,Auto-Detecting...
0:04:04.166667,60,0,Calculating...,Open Play: Scanning for teammates recommended,Vision & Switch Play Drills,Auto-Detecting...
0:04:04.333333,60,0,Calculating...,Open Play: Scanning for teammates recommended,Vision & Switch Play Drills,Auto-Detecting...
0:04:04.500000,60,0,Calculating...,Open Play: Scanning for teammates recommended,Vision & Switch Play Drills,Auto-Detecting...
0:04:04.666667,60,0,Calculating...,Open Play: Scanning for teammates recommended,Vision & Switch Play Drills,Auto-Detecting...
0:04:04.833333,60,0,Pass Intensity: High (Good for breaking lines),Open Play: Scanning for teammates recommended,Vision & Switch Play Drills,Auto-Detecting...
0:04:05,100,1,Pass Intensity: High (Good for breaking lines),Control: Excellent Close-quarter Handling,Maintain Daily Progress,Auto-Detecting...
0:04:05.166667,100,1,Calculating...,Control: Excellent Close-quarter Handling,Maintain Daily Progress,Auto-Detecting...
0:04:05.333333,60,1,Calculating...,Open Play: Scanning for teammates recommended,Vision & Switch Play Drills,Auto-Detecting...
0:04:05.500000,100,1,Pass Intensity: High (Good for breaking lines),Control: Excellent Close-quarter Handling,Maintain Daily Progress,Auto-Detecting...
0:04:05.666667,60,1,Pass Intensity: High (Good for breaking lines),Open Play: Scanning for teammates recommended,Vision & Switch Play Drills,Auto-Detecting...
0:04:05.833333,60,0,Calculating...,Open Play: Scanning for teammates recommended,Vision & Switch Play Drills,Auto-Detecting...
0:04:06,60,0,Calculating...,Open Play: Scanning for teammates recommended,Vision & Switch Play Drills,Auto-Detecting...
0:04:06.166667,60,0,Calculating...,Open Play: Scanning for teammates recommended,Vision & Switch Play Drills,Auto-Detecting...
0:04:06.333333,60,0,Calculating...,Open Play: Scanning for teammates recommended,Vision & Switch Play Drills,Auto-Detecting...
0:04:06.500000,60,0,Calculating...,Open Play: Scanning for teammates recommended,Vision & Switch Play Drills,Auto-Detecting...
0:04:06.666667,60,1,Pass Intensity: High (Good for breaking lines),Open Play: Scanning for teammates recommended,Vision & Switch Play Drills,Auto-Detecting...
0:04:06.833333,60,0,Pass Intensity: High (Good for breaking lines),Open Play: Scanning for teammates recommended,Vision & Switch Play Drills,Auto-Detecting...
0:04:07,60,0,Calculating...,Open Play: Scanning for teammates recommended,Vision & Switch Play Drills,Auto-Detecting...
0:04:07.166667,100,1,Calculating...,Control: Excellent Close-quarter Handling,Maintain Daily Progress,Auto-Detecting...
0:04:07.333333,100,1,Calculating...,Control: Excellent Close-quarter Handling,Maintain Daily Progress,Auto-Detecting...
0:04:07.500000,60,0,Calculating...,Open Play: Scanning for teammates recommended,Vision & Switch Play Drills,Auto-Detecting...
0:04:07.666667,60,1,Pass Intensity: High (Good for breaking lines),Open Play: Scanning for teammates recommended,Vision & Switch Play Drills,Auto-Detecting...
0:04:07.833333,60,0,Pass Intensity: High (Good for breaking lines),Open Play: Scanning for teammates recommended,Vision & Switch Play Drills,Auto-Detecting...
0:04:08,60,1,Calculating...,Open Play: Scanning for teammates recommended,Vision & Switch Play Drills,Auto-Detecting...
0:04:08.166667,100,1,Pass Intensity: High (Good for breaking lines),Control: Excellent Close-quarter Handling,Maintain Daily Progress,Auto-Detecting...
0:04:08.333333,60,0,Pass Intensity: High (Good for breaking lines),Open Play: Scanning for teammates recommended,Vision & Switch Play Drills,Auto-Detecting...
0:04:08.500000,100,1,Pass Intensity: High (Good for breaking lines),Control: Excellent Close-quarter Handling,Maintain Daily Progress,Auto-Detecting...
0:04:08.666667,60,0,Pass Intensity: High (Good for breaking lines),Open Play: Scanning for teammates recommended,Vision & Switch Play Drills,Auto-Detecting...
0:04:08.833333,60,1,Calculating...,Open Play: Scanning for teammates recommended,Vision & Switch Play Drills,Auto-Detecting...
0:04:09,60,0,Pass Intensity: High (Good for breaking lines),Open Play: Scanning for teammates recommended,Vision & Switch Play Drills,Auto-Detecting...
0:04:09.166667,60,1,Pass Intensity: High (Good for breaking lines),Open Play: Scanning for teammates recommended,Vision & Switch Play Drills,Auto-Detecting...
0:04:09.333333,60,0,Pass Intensity: High (Good for breaking lines),Open Play: Scanning for teammates recommended,Vision & Switch Play Drills,Auto-Detecting...
0:04:09.500000,60,1,Pass Intensity: High (Good for breaking lines),Open Play: Scanning for teammates recommended,Vision & Switch Play Drills,Auto-Detecting...
0:04:09.666667,60,0,Pass Intensity: High (Good for breaking lines),Open Play: Scanning for teammates recommended,Vision & Switch Play Drills,Auto-Detecting...
0:04:09.833333,60,0,Pass Intensity: High (Good for breaking lines),Open Play: Scanning for teammates recommended,Vision & Switch Play Drills,Auto-Detecting...
0:04:10,60,0,Dead Ball: Slow play or recovery needed,Open Play: Scanning for teammates recommended,Vision & Switch Play Drills,Auto-Detecting...
0:04:10.166667,60,0,Dead Ball: Slow play or recovery needed,Open Play: Scanning for teammates recommended,Vision & Switch Play Drills,Auto-Detecting...
0:04:10.333333,60,0,Dead Ball: Slow play or recovery needed,Open Play: Scanning for teammates recommended,Vision & Switch Play Drills,Auto-Detecting...
0:04:10.500000,60,0,Dead Ball: Slow play or recovery needed,Open Play: Scanning for teammates recommended,Vision & Switch Play Drills,Auto-Detecting...
0:04:10.666667,60,0,Dead Ball: Slow play or recovery needed,Open Play: Scanning for teammates recommended,Vision & Switch Play Drills,Auto-Detecting...
0:04:10.833333,60,0,Dead Ball: Slow play or recovery needed,Open Play: Scanning for teammates recommended,Vision & Switch Play Drills,Auto-Detecting...
0:04:11,60,0,Dead Ball: Slow play or recovery needed,Open Play: Scanning for teammates recommended,Vision & Switch Play Drills,Auto-Detecting...
0:04:11.166667,60,0,Dead Ball: Slow play or recovery needed,Open Play: Scanning for teammates recommended,Vision & Switch Play Drills,Auto-Detecting...
0:04:11.333333,60,0,Dead Ball: Slow play or recovery needed,Open Play: Scanning for teammates recommended,Vision & Switch Play Drills,Auto-Detecting...
0:04:11.500000,60,0,Dead Ball: Slow play or recovery needed,Open Play: Scanning for teammates recommended,Vision & Switch Play Drills,Auto-Detecting...
0:04:11.666667,60,0,Dead Ball: Slow play or recovery needed,Open Play: Scanning for teammates recommended,Vision & Switch Play Drills,Auto-Detecting...
0:04:11.833333,60,0,Dead Ball: Slow play or recovery needed,Open Play: Scanning for teammates recommended,Vision & Switch Play Drills,Auto-Detecting...
0:04:12,60,0,Dead Ball: Slow play or recovery needed,Open Play: Scanning for teammates recommended,Vision & Switch Play Drills,Auto-Detecting...
0:04:12.166667,60,0,Dead Ball: Slow play or recovery needed,Open Play: Scanning for teammates recommended,Vision & Switch Play Drills,Auto-Detecting...
0:04:12.333333,60,0,Dead Ball: Slow play or recovery needed,Open Play: Scanning for teammates recommended,Vision & Switch Play Drills,Auto-Detecting...
0:04:12.500000,60,0,Calculating...,Open Play: Scanning for teammates recommended,Vision & Switch Play Drills,Auto-Detecting...
0:04:12.666667,60,0,Dead Ball: Slow play or recovery needed,Open Play: Scanning for teammates recommended,Vision & Switch Play Drills,Auto-Detecting...
0:04:12.833333,60,0,Calculating...,Open Play: Scanning for teammates recommended,Vision & Switch Play Drills,Auto-Detecting...
0:04:13,60,0,Dead Ball: Slow play or recovery needed,Open Play: Scanning for teammates recommended,Vision & Switch Play Drills,Auto-Detecting...
0:04:13.166667,60,0,Calculating...,Open Play: Scanning for teammates recommended,Vision & Switch Play Drills,Auto-Detecting...
0:04:13.333333,60,0,Dead Ball: Slow play or recovery needed,Open Play: Scanning for teammates recommended,Vision & Switch Play Drills,Auto-Detecting...
0:04:13.500000,60,0,Calculating...,Open Play: Scanning for teammates recommended,Vision & Switch Play Drills,Auto-Detecting...
0:04:13.666667,60,0,Dead Ball: Slow play or recovery needed,Open Play: Scanning for teammates recommended,Vision & Switch Play Drills,Auto-Detecting...
0:04:13.833333,60,0,Calculating...,Open Play: Scanning for teammates recommended,Vision & Switch Play Drills,Auto-Detecting...
0:04:14,60,0,Calculating...,Open Play: Scanning for teammates recommended,Vision & Switch Play Drills,Auto-Detecting...
0:04:14.166667,60,0,Calculating...,Open Play: Scanning for teammates recommended,Vision & Switch Play Drills,Auto-Detecting...
0:04:14.333333,60,0,Pass Intensity: High (Good for breaking lines),Open Play: Scanning for teammates recommended,Vision & Switch Play Drills,Auto-Detecting...
0:04:14.500000,60,0,Dead Ball: Slow play or recovery needed,Open Play: Scanning for teammates recommended,Vision & Switch Play Drills,Auto-Detecting...
0:04:14.666667,60,0,Pass Intensity: High (Good for breaking lines),Open Play: Scanning for teammates recommended,Vision & Switch Play Drills,Auto-Detecting...
0:04:14.833333,60,0,Dead Ball: Slow play or recovery needed,Open Play: Scanning for teammates recommended,Vision & Switch Play Drills,Auto-Detecting...
0:04:15,60,0,Pass Intensity: High (Good for breaking lines),Open Play: Scanning for teammates recommended,Vision & Switch Play Drills,Auto-Detecting...
0:04:15.166667,60,0,Pass Intensity: High (Good for breaking lines),Open Play: Scanning for teammates recommended,Vision & Switch Play Drills,Auto-Detecting...
0:04:15.333333,60,0,Pass Intensity: High (Good for breaking lines),Open Play: Scanning for teammates recommended,Vision & Switch Play Drills,Auto-Detecting...
0:04:15.500000,60,0,Pass Intensity: High (Good for breaking lines),Open Play: Scanning for teammates recommended,Vision & Switch Play Drills,Auto-Detecting...
0:04:15.666667,60,0,Pass Intensity: High (Good for breaking lines),Open Play: Scanning for teammates recommended,Vision & Switch Play Drills,Auto-Detecting...
0:04:15.833333,60,0,Pass Intensity: High (Good for breaking lines),Open Play: Scanning for teammates recommended,Vision & Switch Play Drills,Auto-Detecting...
0:04:16,60,0,Calculating...,Open Play: Scanning for teammates recommended,Vision & Switch Play Drills,Auto-Detecting...
0:04:16.166667,60,0,Calculating...,Open Play: Scanning for teammates recommended,Vision & Switch Play Drills,Auto-Detecting...
0:04:16.333333,60,0,Dead Ball: Slow play or recovery needed,Open Play: Scanning for teammates recommended,Vision & Switch Play Drills,Auto-Detecting...
0:04:16.500000,60,0,Pass Intensity: High (Good for breaking lines),Open Play: Scanning for teammates recommended,Vision & Switch Play Drills,Auto-Detecting...
0:04:16.666667,60,0,Dead Ball: Slow play or recovery needed,Open Play: Scanning for teammates recommended,Vision & Switch Play Drills,Auto-Detecting...
0:04:16.833333,60,0,Pass Intensity: High (Good for breaking lines),Open Play: Scanning for teammates recommended,Vision & Switch Play Drills,Auto-Detecting...
0:04:17,60,0,Pass Intensity: High (Good for breaking lines),Open Play: Scanning for teammates recommended,Vision & Switch Play Drills,Auto-Detecting...
0:04:17.166667,60,0,Dead Ball: Slow play or recovery needed,Open Play: Scanning for teammates recommended,Vision & Switch Play Drills,Auto-Detecting...
0:04:17.333333,60,0,Calculating...,Open Play: Scanning for teammates recommended,Vision & Switch Play Drills,Auto-Detecting...
0:04:17.500000,60,0,Calculating...,Open Play: Scanning for teammates recommended,Vision & Switch Play Drills,Auto-Detecting...
0:04:17.666667,60,0,Calculating...,Open Play: Scanning for teammates recommended,Vision & Switch Play Drills,Auto-Detecting...
0:04:17.833333,60,0,Calculating...,Open Play: Scanning for teammates recommended,Vision & Switch Play Drills,Auto-Detecting...
0:04:18,60,2,Calculating...,Open Play: Scanning for teammates recommended,Vision & Switch Play Drills,Auto-Detecting...
0:04:18.166667,60,0,Pass Intensity: High (Good for breaking lines),Open Play: Scanning for teammates recommended,Vision & Switch Play Drills,Auto-Detecting...
0:04:18.333333,100,4,Pass Intensity: High (Good for breaking lines),Control: Excellent Close-quarter Handling,Maintain Daily Progress,Auto-Detecting...
0:04:18.500000,100,6,Calculating...,Control: Excellent Close-quarter Handling,Maintain Daily Progress,Auto-Detecting...
0:04:18.666667,100,4,Calculating...,Control: Excellent Close-quarter Handling,Maintain Daily Progress,Auto-Detecting...
0:04:18.833333,100,1,Calculating...,Control: Excellent Close-quarter Handling,Maintain Daily Progress,Auto-Detecting...
0:04:19,100,1,Calculating...,Control: Excellent Close-quarter Handling,Maintain Daily Progress,Auto-Detecting...
0:04:19.166667,60,0,Pass Intensity: High (Good for breaking lines),Open Play: Scanning for teammates recommended,Vision & Switch Play Drills,Auto-Detecting...
0:04:19.333333,60,0,Pass Intensity: High (Good for breaking lines),Open Play: Scanning for teammates recommended,Vision & Switch Play Drills,Auto-Detecting...
0:04:19.500000,60,0,Pass Intensity: High (Good for breaking lines),Open Play: Scanning for teammates recommended,Vision & Switch Play Drills,Auto-Detecting...
0:04:19.666667,60,0,Pass Intensity: High (Good for breaking lines),Open Play: Scanning for teammates recommended,Vision & Switch Play Drills,Auto-Detecting...
0:04:19.833333,60,0,Calculating...,Open Play: Scanning for teammates recommended,Vision & Switch Play Drills,Auto-Detecting...
0:04:20,60,0,Calculating...,Open Play: Scanning for teammates recommended,Vision & Switch Play Drills,Auto-Detecting...
0:04:20.166667,60,1,Calculating...,Open Play: Scanning for teammates recommended,Vision & Switch Play Drills,Auto-Detecting...
0:04:20.333333,60,1,Pass Intensity: High (Good for breaking lines),Open Play: Scanning for teammates recommended,Vision & Switch Play Drills,Auto-Detecting...
0:04:20.500000,60,1,Calculating...,Open Play: Scanning for teammates recommended,Vision & Switch Play Drills,Auto-Detecting...
0:04:20.666667,60,0,Calculating...,Open Play: Scanning for teammates recommended,Vision & Switch Play Drills,Auto-Detecting...
0:04:20.833333,60,0,Calculating...,Open Play: Scanning for teammates recommended,Vision & Switch Play Drills,Auto-Detecting...
0:04:21,60,0,Pass Intensity: High (Good for breaking lines),Open Play: Scanning for teammates recommended,Vision & Switch Play Drills,Auto-Detecting...
0:04:21.166667,60,0,Pass Intensity: High (Good for breaking lines),Open Play: Scanning for teammates recommended,Vision & Switch Play Drills,Auto-Detecting...
0:04:21.333333,60,1,Pass Intensity: High (Good for breaking lines),Open Play: Scanning for teammates recommended,Vision & Switch Play Drills,Auto-Detecting...
0:04:21.500000,60,1,Calculating...,Open Play: Scanning for teammates recommended,Vision & Switch Play Drills,Auto-Detecting...
0:04:21.666667,100,1,Pass Intensity: High (Good for breaking lines),Control: Excellent Close-quarter Handling,Maintain Daily Progress,Auto-Detecting...
0:04:21.833333,60,1,Calculating...,Open Play: Scanning for teammates recommended,Vision & Switch Play Drills,Auto-Detecting...
0:04:22,60,1,Calculating...,Open Play: Scanning for teammates recommended,Vision & Switch Play Drills,Auto-Detecting...
0:04:22.166667,60,1,Calculating...,Open Play: Scanning for teammates recommended,Vision & Switch Play Drills,Auto-Detecting...
0:04:22.333333,100,3,Calculating...,Control: Excellent Close-quarter Handling,Maintain Daily Progress,Auto-Detecting...
0:04:22.500000,100,3,Calculating...,Control: Excellent Close-quarter Handling,Maintain Daily Progress,Auto-Detecting...
0:04:22.666667,100,3,Calculating...,Control: Excellent Close-quarter Handling,Maintain Daily Progress,Auto-Detecting...
0:04:22.833333,60,1,Calculating...,Open Play: Scanning for teammates recommended,Vision & Switch Play Drills,Auto-Detecting...
0:04:23,100,1,Calculating...,Control: Excellent Close-quarter Handling,Maintain Daily Progress,Auto-Detecting...
0:04:23.166667,100,2,Calculating...,Control: Excellent Close-quarter Handling,Maintain Daily Progress,Auto-Detecting...
0:04:23.333333,60,2,Calculating...,Alert: Heavy Touch under Pressure,Tight Space Dribbling (Cone Drills),Auto-Detecting...
0:04:23.500000,60,2,Dead Ball: Slow play or recovery needed,Alert: Heavy Touch under Pressure,Tight Space Dribbling (Cone Drills),Auto-Detecting...
0:04:23.666667,60,1,Calculating...,Open Play: Scanning for teammates recommended,Vision & Switch Play Drills,Auto-Detecting...
0:04:23.833333,60,1,Calculating...,Open Play: Scanning for teammates recommended,Vision & Switch Play Drills,Auto-Detecting...
0:04:24,100,1,Calculating...,Control: Excellent Close-quarter Handling,Maintain Daily Progress,Auto-Detecting...
0:04:24.166667,60,1,Calculating...,Open Play: Scanning for teammates recommended,Vision & Switch Play Drills,Auto-Detecting...
0:04:24.333333,60,1,Calculating...,Open Play: Scanning for teammates recommended,Vision & Switch Play Drills,Auto-Detecting...
0:04:24.500000,60,0,Calculating...,Open Play: Scanning for teammates recommended,Vision & Switch Play Drills,Auto-Detecting...
0:04:24.666667,60,0,Calculating...,Open Play: Scanning for teammates recommended,Vision & Switch Play Drills,Auto-Detecting...
0:04:24.833333,60,0,Calculating...,Open Play: Scanning for teammates recommended,Vision & Switch Play Drills,Auto-Detecting...
0:04:25,60,0,Dead Ball: Slow play or recovery needed,Open Play: Scanning for teammates recommended,Vision & Switch Play Drills,Auto-Detecting...
0:04:25.166667,60,0,Calculating...,Open Play: Scanning for teammates recommended,Vision & Switch Play Drills,Auto-Detecting...
0:04:25.333333,60,0,Dead Ball: Slow play or recovery needed,Open Play: Scanning for teammates recommended,Vision & Switch Play Drills,Auto-Detecting...
0:04:25.500000,60,2,Pass Intensity: High (Good for breaking lines),Alert: Heavy Touch under Pressure,Tight Space Dribbling (Cone Drills),Auto-Detecting...
0:04:25.666667,60,1,Pass Intensity: High (Good for breaking lines),Open Play: Scanning for teammates recommended,Vision & Switch Play Drills,Auto-Detecting...
0:04:25.833333,60,0,Dead Ball: Slow play or recovery needed,Open Play: Scanning for teammates recommended,Vision & Switch Play Drills,Auto-Detecting...
0:04:26,60,0,Dead Ball: Slow play or recovery needed,Open Play: Scanning for teammates recommended,Vision & Switch Play Drills,Auto-Detecting...
0:04:26.166667,60,0,Dead Ball: Slow play or recovery needed,Open Play: Scanning for teammates recommended,Vision & Switch Play Drills,Auto-Detecting...
0:04:26.333333,60,0,Dead Ball: Slow play or recovery needed,Open Play: Scanning for teammates recommended,Vision & Switch Play Drills,Auto-Detecting...
0:04:26.500000,60,1,Pass Intensity: High (Good for breaking lines),Open Play: Scanning for teammates recommended,Vision & Switch Play Drills,Auto-Detecting...
0:04:26.666667,60,0,Calculating...,Open Play: Scanning for teammates recommended,Vision & Switch Play Drills,Auto-Detecting...
0:04:26.833333,60,1,Calculating...,Open Play: Scanning for teammates recommended,Vision & Switch Play Drills,Auto-Detecting...
0:04:27,60,1,Calculating...,Open Play: Scanning for teammates recommended,Vision & Switch Play Drills,Auto-Detecting...
0:04:27.166667,60,0,Calculating...,Open Play: Scanning for teammates recommended,Vision & Switch Play Drills,Auto-Detecting...
0:04:27.333333,60,0,Calculating...,Open Play: Scanning for teammates recommended,Vision & Switch Play Drills,Auto-Detecting...
0:04:27.500000,60,1,Calculating...,Open Play: Scanning for teammates recommended,Vision & Switch Play Drills,Auto-Detecting...
0:04:27.666667,60,0,Calculating...,Open Play: Scanning for teammates recommended,Vision & Switch Play Drills,Auto-Detecting...
0:04:27.833333,60,3,Calculating...,Open Play: Scanning for teammates recommended,Vision & Switch Play Drills,Auto-Detecting...
0:04:28,60,1,Calculating...,Open Play: Scanning for teammates recommended,Vision & Switch Play Drills,Auto-Detecting...
0:04:28.166667,60,2,Calculating...,Alert: Heavy Touch under Pressure,Tight Space Dribbling (Cone Drills),Auto-Detecting...
0:04:28.333333,60,3,Calculating...,Alert: Heavy Touch under Pressure,Tight Space Dribbling (Cone Drills),Auto-Detecting...
0:04:28.500000,60,2,Calculating...,Open Play: Scanning for teammates recommended,Vision & Switch Play Drills,Auto-Detecting...
0:04:28.666667,60,2,Calculating...,Open Play: Scanning for teammates recommended,Vision & Switch Play Drills,Auto-Detecting...
0:04:28.833333,60,2,Calculating...,Open Play: Scanning for teammates recommended,Vision & Switch Play Drills,Auto-Detecting...
0:04:29,60,3,Dead Ball: Slow play or recovery needed,Alert: Heavy Touch under Pressure,Tight Space Dribbling (Cone Drills),Auto-Detecting...
0:04:29.166667,60,2,Dead Ball: Slow play or recovery needed,Alert: Heavy Touch under Pressure,Tight Space Dribbling (Cone Drills),Auto-Detecting...
0:04:29.333333,60,4,Dead Ball: Slow play or recovery needed,Alert: Heavy Touch under Pressure,Tight Space Dribbling (Cone Drills),Auto-Detecting...
0:04:29.500000,60,1,Pass Intensity: High (Good for breaking lines),Open Play: Scanning for teammates recommended,Vision & Switch Play Drills,Auto-Detecting...
0:04:29.666667,60,2,Dead Ball: Slow play or recovery needed,Open Play: Scanning for teammates recommended,Vision & Switch Play Drills,Auto-Detecting...
0:04:29.833333,60,1,Pass Intensity: High (Good for breaking lines),Open Play: Scanning for teammates recommended,Vision & Switch Play Drills,Auto-Detecting...
0:04:30,60,0,Pass Intensity: High (Good for breaking lines),Open Play: Scanning for teammates recommended,Vision & Switch Play Drills,Auto-Detecting...
0:04:30.166667,60,0,Pass Intensity: High (Good for breaking lines),Open Play: Scanning for teammates recommended,Vision & Switch Play Drills,Auto-Detecting...
0:04:30.333333,60,1,Pass Intensity: High (Good for breaking lines),Open Play: Scanning for teammates recommended,Vision & Switch Play Drills,Auto-Detecting...
0:04:30.500000,60,0,Pass Intensity: High (Good for breaking lines),Open Play: Scanning for teammates recommended,Vision & Switch Play Drills,Auto-Detecting...
0:04:30.666667,60,1,Pass Intensity: High (Good for breaking lines),Open Play: Scanning for teammates recommended,Vision & Switch Play Drills,Auto-Detecting...
0:04:30.833333,60,0,Pass Intensity: High (Good for breaking lines),Open Play: Scanning for teammates recommended,Vision & Switch Play Drills,Auto-Detecting...
0:04:31,60,0,Pass Intensity: High (Good for breaking lines),Open Play: Scanning for teammates recommended,Vision & Switch Play Drills,Auto-Detecting...
0:04:31.166667,60,0,Calculating...,Open Play: Scanning for teammates recommended,Vision & Switch Play Drills,Auto-Detecting...
0:04:31.333333,60,0,Pass Intensity: High (Good for breaking lines),Open Play: Scanning for teammates recommended,Vision & Switch Play Drills,Auto-Detecting...
0:04:31.500000,60,0,Pass Intensity: High (Good for breaking lines),Open Play: Scanning for teammates recommended,Vision & Switch Play Drills,Auto-Detecting...
0:04:31.666667,60,0,Pass Intensity: High (Good for breaking lines),Open Play: Scanning for teammates recommended,Vision & Switch Play Drills,Auto-Detecting...
0:04:31.833333,60,0,Pass Intensity: High (Good for breaking lines),Open Play: Scanning for teammates recommended,Vision & Switch Play Drills,Auto-Detecting...
0:04:32,60,0,Pass Intensity: High (Good for breaking lines),Open Play: Scanning for teammates recommended,Vision & Switch Play Drills,Auto-Detecting...
0:04:32.166667,60,0,Pass Intensity: High (Good for breaking lines),Open Play: Scanning for teammates recommended,Vision & Switch Play Drills,Auto-Detecting...
0:04:32.333333,60,0,Pass Intensity: High (Good for breaking lines),Open Play: Scanning for teammates recommended,Vision & Switch Play Drills,Auto-Detecting...
0:04:32.500000,60,0,Pass Intensity: High (Good for breaking lines),Open Play: Scanning for teammates recommended,Vision & Switch Play Drills,Auto-Detecting...
0:04:32.666667,60,0,Pass Intensity: High (Good for breaking lines),Open Play: Scanning for teammates recommended,Vision & Switch Play Drills,Auto-Detecting...
0:04:32.833333,60,0,Pass Intensity: High (Good for breaking lines),Open Play: Scanning for teammates recommended,Vision & Switch Play Drills,Auto-Detecting...
0:04:33,60,0,Pass Intensity: High (Good for breaking lines),Open Play: Scanning for teammates recommended,Vision & Switch Play Drills,Auto-Detecting...
0:04:33.166667,60,0,Pass Intensity: High (Good for breaking lines),Open Play: Scanning for teammates recommended,Vision & Switch Play Drills,Auto-Detecting...
0:04:33.333333,60,0,Pass Intensity: High (Good for breaking lines),Open Play: Scanning for teammates recommended,Vision & Switch Play Drills,Auto-Detecting...
0:04:33.500000,60,0,Pass Intensity: High (Good for breaking lines),Open Play: Scanning for teammates recommended,Vision & Switch Play Drills,Auto-Detecting...
0:04:33.666667,60,0,Pass Intensity: High (Good for breaking lines),Open Play: Scanning for teammates recommended,Vision & Switch Play Drills,Auto-Detecting...
0:04:33.833333,60,0,Pass Intensity: High (Good for breaking lines),Open Play: Scanning for teammates recommended,Vision & Switch Play Drills,Auto-Detecting...
0:04:34,100,1,Pass Intensity: High (Good for breaking lines),Control: Excellent Close-quarter Handling,Maintain Daily Progress,Auto-Detecting...
0:04:34.166667,60,0,Calculating...,Open Play: Scanning for teammates recommended,Vision & Switch Play Drills,Auto-Detecting...
0:04:34.333333,60,0,Pass Intensity: High (Good for breaking lines),Open Play: Scanning for teammates recommended,Vision & Switch Play Drills,Auto-Detecting...
0:04:34.500000,60,0,Pass Intensity: High (Good for breaking lines),Open Play: Scanning for teammates recommended,Vision & Switch Play Drills,Auto-Detecting...
0:04:34.666667,60,1,Pass Intensity: High (Good for breaking lines),Open Play: Scanning for teammates recommended,Vision & Switch Play Drills,Auto-Detecting...
0:04:34.833333,60,2,Pass Intensity: High (Good for breaking lines),Open Play: Scanning for teammates recommended,Vision & Switch Play Drills,Auto-Detecting...
0:04:35,60,1,Calculating...,Open Play: Scanning for teammates recommended,Vision & Switch Play Drills,Auto-Detecting...
0:04:35.166667,60,0,Calculating...,Open Play: Scanning for teammates recommended,Vision & Switch Play Drills,Auto-Detecting...
0:04:35.333333,60,0,Calculating...,Open Play: Scanning for teammates recommended,Vision & Switch Play Drills,Auto-Detecting...
0:04:35.500000,60,1,Calculating...,Open Play: Scanning for teammates recommended,Vision & Switch Play Drills,Auto-Detecting...
0:04:35.666667,100,2,Calculating...,Control: Excellent Close-quarter Handling,Maintain Daily Progress,Auto-Detecting...
0:04:35.833333,60,0,Calculating...,Open Play: Scanning for teammates recommended,Vision & Switch Play Drills,Auto-Detecting...
0:04:36,60,3,Calculating...,Alert: Heavy Touch under Pressure,Tight Space Dribbling (Cone Drills),Auto-Detecting...
0:04:36.166667,60,2,Calculating...,Open Play: Scanning for teammates recommended,Vision & Switch Play Drills,Auto-Detecting...
0:04:36.333333,100,1,Calculating...,Control: Excellent Close-quarter Handling,Maintain Daily Progress,Auto-Detecting...
0:04:36.500000,60,1,Pass Intensity: High (Good for breaking lines),Open Play: Scanning for teammates recommended,Vision & Switch Play Drills,Auto-Detecting...
0:04:36.666667,60,1,Dead Ball: Slow play or recovery needed,Open Play: Scanning for teammates recommended,Vision & Switch Play Drills,Auto-Detecting...
0:04:36.833333,60,0,Pass Intensity: High (Good for breaking lines),Open Play: Scanning for teammates recommended,Vision & Switch Play Drills,Auto-Detecting...
0:04:37,60,0,Dead Ball: Slow play or recovery needed,Open Play: Scanning for teammates recommended,Vision & Switch Play Drills,Auto-Detecting...
0:04:37.166667,60,0,Dead Ball: Slow play or recovery needed,Open Play: Scanning for teammates recommended,Vision & Switch Play Drills,Auto-Detecting...
0:04:37.333333,60,0,Dead Ball: Slow play or recovery needed,Open Play: Scanning for teammates recommended,Vision & Switch Play Drills,Auto-Detecting...
0:04:37.500000,60,0,Dead Ball: Slow play or recovery needed,Open Play: Scanning for teammates recommended,Vision & Switch Play Drills,Auto-Detecting...
0:04:37.666667,60,0,Dead Ball: Slow play or recovery needed,Open Play: Scanning for teammates recommended,Vision & Switch Play Drills,Auto-Detecting...
0:04:37.833333,60,0,Dead Ball: Slow play or recovery needed,Open Play: Scanning for teammates recommended,Vision & Switch Play Drills,Auto-Detecting...
0:04:38,60,0,Dead Ball: Slow play or recovery needed,Open Play: Scanning for teammates recommended,Vision & Switch Play Drills,Auto-Detecting...
0:04:38.166667,60,0,Dead Ball: Slow play or recovery needed,Open Play: Scanning for teammates recommended,Vision & Switch Play Drills,Auto-Detecting...
0:04:38.333333,60,0,Dead Ball: Slow play or recovery needed,Open Play: Scanning for teammates recommended,Vision & Switch Play Drills,Auto-Detecting...
0:04:38.500000,60,0,Dead Ball: Slow play or recovery needed,Open Play: Scanning for teammates recommended,Vision & Switch Play Drills,Auto-Detecting...
0:04:38.666667,60,0,Dead Ball: Slow play or recovery needed,Open Play: Scanning for teammates recommended,Vision & Switch Play Drills,Auto-Detecting...
0:04:38.833333,60,0,Dead Ball: Slow play or recovery needed,Open Play: Scanning for teammates recommended,Vision & Switch Play Drills,Auto-Detecting...
0:04:39,60,0,Dead Ball: Slow play or recovery needed,Open Play: Scanning for teammates recommended,Vision & Switch Play Drills,Auto-Detecting...
0:04:39.166667,60,0,Dead Ball: Slow play or recovery needed,Open Play: Scanning for teammates recommended,Vision & Switch Play Drills,Auto-Detecting...
0:04:39.333333,60,0,Dead Ball: Slow play or recovery needed,Open Play: Scanning for teammates recommended,Vision & Switch Play Drills,Auto-Detecting...
0:04:39.500000,60,0,Dead Ball: Slow play or recovery needed,Open Play: Scanning for teammates recommended,Vision & Switch Play Drills,Auto-Detecting...
0:04:39.666667,60,0,Pass Intensity: High (Good for breaking lines),Open Play: Scanning for teammates recommended,Vision & Switch Play Drills,Auto-Detecting...
0:04:39.833333,60,1,Pass Intensity: High (Good for breaking lines),Open Play: Scanning for teammates recommended,Vision & Switch Play Drills,Auto-Detecting...
0:04:40,60,1,Calculating...,Open Play: Scanning for teammates recommended,Vision & Switch Play Drills,Auto-Detecting...
0:04:40.166667,60,0,Calculating...,Open Play: Scanning for teammates recommended,Vision & Switch Play Drills,Auto-Detecting...
0:04:40.333333,60,0,Calculating...,Open Play: Scanning for teammates recommended,Vision & Switch Play Drills,Auto-Detecting...
0:04:40.500000,60,0,Pass Intensity: High (Good for breaking lines),Open Play: Scanning for teammates recommended,Vision & Switch Play Drills,Auto-Detecting...
0:04:40.666667,60,0,Calculating...,Open Play: Scanning for teammates recommended,Vision & Switch Play Drills,Auto-Detecting...
0:04:40.833333,60,0,Calculating...,Open Play: Scanning for teammates recommended,Vision & Switch Play Drills,Auto-Detecting...
0:04:41,60,0,Pass Intensity: High (Good for breaking lines),Open Play: Scanning for teammates recommended,Vision & Switch Play Drills,Auto-Detecting...
0:04:41.166667,60,0,Pass Intensity: High (Good for breaking lines),Open Play: Scanning for teammates recommended,Vision & Switch Play Drills,Auto-Detecting...
0:04:41.333333,60,0,Pass Intensity: High (Good for breaking lines),Open Play: Scanning for teammates recommended,Vision & Switch Play Drills,Auto-Detecting...
0:04:41.500000,60,1,Pass Intensity: High (Good for breaking lines),Open Play: Scanning for teammates recommended,Vision & Switch Play Drills,Auto-Detecting...
0:04:41.666667,60,1,Pass Intensity: High (Good for breaking lines),Open Play: Scanning for teammates recommended,Vision & Switch Play Drills,Auto-Detecting...
0:04:41.833333,60,1,Pass Intensity: High (Good for breaking lines),Open Play: Scanning for teammates recommended,Vision & Switch Play Drills,Auto-Detecting...
0:04:42,100,1,Calculating...,Control: Excellent Close-quarter Handling,Maintain Daily Progress,Auto-Detecting...
0:04:42.166667,60,1,Pass Intensity: High (Good for breaking lines),Open Play: Scanning for teammates recommended,Vision & Switch Play Drills,Auto-Detecting...
0:04:42.333333,60,1,Dead Ball: Slow play or recovery needed,Open Play: Scanning for teammates recommended,Vision & Switch Play Drills,Auto-Detecting...
0:04:42.500000,60,1,Dead Ball: Slow play or recovery needed,Open Play: Scanning for teammates recommended,Vision & Switch Play Drills,Auto-Detecting...
0:04:42.666667,60,1,Dead Ball: Slow play or recovery needed,Open Play: Scanning for teammates recommended,Vision & Switch Play Drills,Auto-Detecting...
0:04:42.833333,60,1,Dead Ball: Slow play or recovery needed,Open Play: Scanning for teammates recommended,Vision & Switch Play Drills,Auto-Detecting...
0:04:43,60,1,Dead Ball: Slow play or recovery needed,Open Play: Scanning for teammates recommended,Vision & Switch Play Drills,Auto-Detecting...
0:04:43.166667,60,1,Calculating...,Open Play: Scanning for teammates recommended,Vision & Switch Play Drills,Auto-Detecting...
0:04:43.333333,60,1,Calculating...,Open Play: Scanning for teammates recommended,Vision & Switch Play Drills,Auto-Detecting...
0:04:43.500000,60,1,Calculating...,Open Play: Scanning for teammates recommended,Vision & Switch Play Drills,Auto-Detecting...
0:04:43.666667,60,1,Calculating...,Open Play: Scanning for teammates recommended,Vision & Switch Play Drills,Auto-Detecting...
0:04:43.833333,60,1,Dead Ball: Slow play or recovery needed,Open Play: Scanning for teammates recommended,Vision & Switch Play Drills,Auto-Detecting...
0:04:44,60,1,Calculating...,Open Play: Scanning for teammates recommended,Vision & Switch Play Drills,Auto-Detecting...
0:04:44.166667,60,1,Calculating...,Open Play: Scanning for teammates recommended,Vision & Switch Play Drills,Auto-Detecting...
0:04:44.333333,60,1,Calculating...,Open Play: Scanning for teammates recommended,Vision & Switch Play Drills,Auto-Detecting...
0:04:44.500000,60,1,Calculating...,Open Play: Scanning for teammates recommended,Vision & Switch Play Drills,Auto-Detecting...
0:04:44.666667,60,1,Dead Ball: Slow play or recovery needed,Open Play: Scanning for teammates recommended,Vision & Switch Play Drills,Auto-Detecting...
0:04:44.833333,60,1,Calculating...,Open Play: Scanning for teammates recommended,Vision & Switch Play Drills,Auto-Detecting...
0:04:45,60,1,Dead Ball: Slow play or recovery needed,Open Play: Scanning for teammates recommended,Vision & Switch Play Drills,Auto-Detecting...
0:04:45.166667,60,1,Dead Ball: Slow play or recovery needed,Open Play: Scanning for teammates recommended,Vision & Switch Play Drills,Auto-Detecting...
0:04:45.333333,60,1,Dead Ball: Slow play or recovery needed,Open Play: Scanning for teammates recommended,Vision & Switch Play Drills,Auto-Detecting...
0:04:45.500000,60,1,Dead Ball: Slow play or recovery needed,Open Play: Scanning for teammates recommended,Vision & Switch Play Drills,Auto-Detecting...
0:04:45.666667,60,1,Dead Ball: Slow play or recovery needed,Open Play: Scanning for teammates recommended,Vision & Switch Play Drills,Auto-Detecting...
0:04:45.833333,60,1,Calculating...,Open Play: Scanning for teammates recommended,Vision & Switch Play Drills,Auto-Detecting...
0:04:46,60,1,Calculating...,Open Play: Scanning for teammates recommended,Vision & Switch Play Drills,Auto-Detecting...
0:04:46.166667,60,0,Calculating...,Open Play: Scanning for teammates recommended,Vision & Switch Play Drills,Auto-Detecting...
0:04:46.333333,60,0,Calculating...,Open Play: Scanning for teammates recommended,Vision & Switch Play Drills,Auto-Detecting...
0:04:46.500000,60,0,Calculating...,Open Play: Scanning for teammates recommended,Vision & Switch Play Drills,Auto-Detecting...
0:04:46.666667,60,0,Calculating...,Open Play: Scanning for teammates recommended,Vision & Switch Play Drills,Auto-Detecting...
0:04:46.833333,60,0,Calculating...,Open Play: Scanning for teammates recommended,Vision & Switch Play Drills,Auto-Detecting...
0:04:47,60,0,Dead Ball: Slow play or recovery needed,Open Play: Scanning for teammates recommended,Vision & Switch Play Drills,Auto-Detecting...
0:04:47.166667,60,0,Dead Ball: Slow play or recovery needed,Open Play: Scanning for teammates recommended,Vision & Switch Play Drills,Auto-Detecting...
0:04:47.333333,60,0,Calculating...,Open Play: Scanning for teammates recommended,Vision & Switch Play Drills,Auto-Detecting...
0:04:47.500000,60,0,Dead Ball: Slow play or recovery needed,Open Play: Scanning for teammates recommended,Vision & Switch Play Drills,Auto-Detecting...
0:04:47.666667,60,0,Dead Ball: Slow play or recovery needed,Open Play: Scanning for teammates recommended,Vision & Switch Play Drills,Auto-Detecting...
0:04:47.833333,60,0,Dead Ball: Slow play or recovery needed,Open Play: Scanning for teammates recommended,Vision & Switch Play Drills,Auto-Detecting...
0:04:48,60,0,Calculating...,Open Play: Scanning for teammates recommended,Vision & Switch Play Drills,Auto-Detecting...
0:04:48.166667,60,0,Calculating...,Open Play: Scanning for teammates recommended,Vision & Switch Play Drills,Auto-Detecting...
0:04:48.333333,60,0,Dead Ball: Slow play or recovery needed,Open Play: Scanning for teammates recommended,Vision & Switch Play Drills,Auto-Detecting...
0:04:48.500000,60,0,Dead Ball: Slow play or recovery needed,Open Play: Scanning for teammates recommended,Vision & Switch Play Drills,Auto-Detecting...
0:04:48.666667,60,0,Dead Ball: Slow play or recovery needed,Open Play: Scanning for teammates recommended,Vision & Switch Play Drills,Auto-Detecting...
0:04:48.833333,60,0,Dead Ball: Slow play or recovery needed,Open Play: Scanning for teammates recommended,Vision & Switch Play Drills,Auto-Detecting...
0:04:49,60,0,Dead Ball: Slow play or recovery needed,Open Play: Scanning for teammates recommended,Vision & Switch Play Drills,Auto-Detecting...
0:04:49.166667,60,0,Calculating...,Open Play: Scanning for teammates recommended,Vision & Switch Play Drills,Auto-Detecting...
0:04:49.333333,60,0,Dead Ball: Slow play or recovery needed,Open Play: Scanning for teammates recommended,Vision & Switch Play Drills,Auto-Detecting...
0:04:49.500000,60,0,Dead Ball: Slow play or recovery needed,Open Play: Scanning for teammates recommended,Vision & Switch Play Drills,Auto-Detecting...
0:04:49.666667,60,0,Calculating...,Open Play: Scanning for teammates recommended,Vision & Switch Play Drills,Auto-Detecting...
0:04:49.833333,60,0,Pass Intensity: High (Good for breaking lines),Open Play: Scanning for teammates recommended,Vision & Switch Play Drills,Auto-Detecting...
0:04:50,60,0,Pass Intensity: High (Good for breaking lines),Open Play: Scanning for teammates recommended,Vision & Switch Play Drills,Auto-Detecting...
0:04:50.166667,60,0,Dead Ball: Slow play or recovery needed,Open Play: Scanning for teammates recommended,Vision & Switch Play Drills,Auto-Detecting...
0:04:50.333333,60,0,Dead Ball: Slow play or recovery needed,Open Play: Scanning for teammates recommended,Vision & Switch Play Drills,Auto-Detecting...
0:04:50.500000,60,0,Dead Ball: Slow play or recovery needed,Open Play: Scanning for teammates recommended,Vision & Switch Play Drills,Auto-Detecting...
0:04:50.666667,60,1,Calculating...,Open Play: Scanning for teammates recommended,Vision & Switch Play Drills,Auto-Detecting...
0:04:50.833333,60,0,Calculating...,Open Play: Scanning for teammates recommended,Vision & Switch Play Drills,Auto-Detecting...
0:04:51,60,0,Calculating...,Open Play: Scanning for teammates recommended,Vision & Switch Play Drills,Auto-Detecting...
0:04:51.166667,60,2,Dead Ball: Slow play or recovery needed,Alert: Heavy Touch under Pressure,Tight Space Dribbling (Cone Drills),Auto-Detecting...
0:04:51.333333,60,0,Calculating...,Open Play: Scanning for teammates recommended,Vision & Switch Play Drills,Auto-Detecting...
0:04:51.500000,60,0,Dead Ball: Slow play or recovery needed,Open Play: Scanning for teammates recommended,Vision & Switch Play Drills,Auto-Detecting...
0:04:51.666667,60,0,Calculating...,Open Play: Scanning for teammates recommended,Vision & Switch Play Drills,Auto-Detecting...
0:04:51.833333,60,0,Dead Ball: Slow play or recovery needed,Open Play: Scanning for teammates recommended,Vision & Switch Play Drills,Auto-Detecting...
0:04:52,60,1,Calculating...,Open Play: Scanning for teammates recommended,Vision & Switch Play Drills,Auto-Detecting...
0:04:52.166667,60,1,Calculating...,Open Play: Scanning for teammates recommended,Vision & Switch Play Drills,Auto-Detecting...
0:04:52.333333,60,1,Calculating...,Open Play: Scanning for teammates recommended,Vision & Switch Play Drills,Auto-Detecting...
0:04:52.500000,60,1,Dead Ball: Slow play or recovery needed,Open Play: Scanning for teammates recommended,Vision & Switch Play Drills,Auto-Detecting...
0:04:52.666667,60,1,Dead Ball: Slow play or recovery needed,Open Play: Scanning for teammates recommended,Vision & Switch Play Drills,Auto-Detecting...
0:04:52.833333,60,1,Dead Ball: Slow play or recovery needed,Open Play: Scanning for teammates recommended,Vision & Switch Play Drills,Auto-Detecting...
0:04:53,60,1,Dead Ball: Slow play or recovery needed,Open Play: Scanning for teammates recommended,Vision & Switch Play Drills,Auto-Detecting...
0:04:53.166667,60,2,Calculating...,Open Play: Scanning for teammates recommended,Vision & Switch Play Drills,Auto-Detecting...
0:04:53.333333,60,2,Dead Ball: Slow play or recovery needed,Open Play: Scanning for teammates recommended,Vision & Switch Play Drills,Auto-Detecting...
0:04:53.500000,60,2,Dead Ball: Slow play or recovery needed,Open Play: Scanning for teammates recommended,Vision & Switch Play Drills,Auto-Detecting...
0:04:53.666667,60,2,Dead Ball: Slow play or recovery needed,Open Play: Scanning for teammates recommended,Vision & Switch Play Drills,Auto-Detecting...
0:04:53.833333,60,2,Calculating...,Open Play: Scanning for teammates recommended,Vision & Switch Play Drills,Auto-Detecting...
0:04:54,60,0,Calculating...,Open Play: Scanning for teammates recommended,Vision & Switch Play Drills,Auto-Detecting...
0:04:54.166667,60,0,Dead Ball: Slow play or recovery needed,Open Play: Scanning for teammates recommended,Vision & Switch Play Drills,Auto-Detecting...
0:04:54.333333,60,0,Calculating...,Open Play: Scanning for teammates recommended,Vision & Switch Play Drills,Auto-Detecting...
0:04:54.500000,60,0,Calculating...,Open Play: Scanning for teammates recommended,Vision & Switch Play Drills,Auto-Detecting...
0:04:54.666667,60,0,Pass Intensity: High (Good for breaking lines),Open Play: Scanning for teammates recommended,Vision & Switch Play Drills,Auto-Detecting...
0:04:54.833333,60,0,Calculating...,Open Play: Scanning for teammates recommended,Vision & Switch Play Drills,Auto-Detecting...
0:04:55,60,4,Pass Intensity: High (Good for breaking lines),Alert: Heavy Touch under Pressure,Tight Space Dribbling (Cone Drills),Auto-Detecting...
0:04:55.166667,60,0,Pass Intensity: High (Good for breaking lines),Open Play: Scanning for teammates recommended,Vision & Switch Play Drills,Auto-Detecting...
0:04:55.333333,60,1,Dead Ball: Slow play or recovery needed,Open Play: Scanning for teammates recommended,Vision & Switch Play Drills,Auto-Detecting...
0:04:55.500000,60,0,Dead Ball: Slow play or recovery needed,Open Play: Scanning for teammates recommended,Vision & Switch Play Drills,Auto-Detecting...
0:04:55.666667,60,0,Pass Intensity: High (Good for breaking lines),Open Play: Scanning for teammates recommended,Vision & Switch Play Drills,Auto-Detecting...
0:04:55.833333,60,0,Pass Intensity: High (Good for breaking lines),Open Play: Scanning for teammates recommended,Vision & Switch Play Drills,Auto-Detecting...
0:04:56,60,0,Calculating...,Open Play: Scanning for teammates recommended,Vision & Switch Play Drills,Auto-Detecting...
0:04:56.166667,60,1,Pass Intensity: High (Good for breaking lines),Open Play: Scanning for teammates recommended,Vision & Switch Play Drills,Auto-Detecting...
0:04:56.333333,60,0,Calculating...,Open Play: Scanning for teammates recommended,Vision & Switch Play Drills,Auto-Detecting...
0:04:56.500000,60,1,Calculating...,Open Play: Scanning for teammates recommended,Vision & Switch Play Drills,Auto-Detecting...
0:04:56.666667,60,0,Calculating...,Open Play: Scanning for teammates recommended,Vision & Switch Play Drills,Auto-Detecting...
0:04:56.833333,60,1,Pass Intensity: High (Good for breaking lines),Open Play: Scanning for teammates recommended,Vision & Switch Play Drills,Auto-Detecting...
0:04:57,60,0,Dead Ball: Slow play or recovery needed,Open Play: Scanning for teammates recommended,Vision & Switch Play Drills,Auto-Detecting...
0:04:57.166667,60,0,Dead Ball: Slow play or recovery needed,Open Play: Scanning for teammates recommended,Vision & Switch Play Drills,Auto-Detecting...
0:04:57.333333,60,0,Dead Ball: Slow play or recovery needed,Open Play: Scanning for teammates recommended,Vision & Switch Play Drills,Auto-Detecting...
0:04:57.500000,60,0,Dead Ball: Slow play or recovery needed,Open Play: Scanning for teammates recommended,Vision & Switch Play Drills,Auto-Detecting...
0:04:57.666667,60,0,Dead Ball: Slow play or recovery needed,Open Play: Scanning for teammates recommended,Vision & Switch Play Drills,Auto-Detecting...
0:04:57.833333,60,0,Dead Ball: Slow play or recovery needed,Open Play: Scanning for teammates recommended,Vision & Switch Play Drills,Auto-Detecting...
0:04:58,60,0,Dead Ball: Slow play or recovery needed,Open Play: Scanning for teammates recommended,Vision & Switch Play Drills,Auto-Detecting...
0:04:58.166667,60,0,Dead Ball: Slow play or recovery needed,Open Play: Scanning for teammates recommended,Vision & Switch Play Drills,Auto-Detecting...
0:04:58.333333,60,0,Dead Ball: Slow play or recovery needed,Open Play: Scanning for teammates recommended,Vision & Switch Play Drills,Auto-Detecting...
0:04:58.500000,60,1,Dead Ball: Slow play or recovery needed,Open Play: Scanning for teammates recommended,Vision & Switch Play Drills,Auto-Detecting...
0:04:58.666667,60,2,Dead Ball: Slow play or recovery needed,Open Play: Scanning for teammates recommended,Vision & Switch Play Drills,Auto-Detecting...
0:04:58.833333,60,2,Pass Intensity: High (Good for breaking lines),Open Play: Scanning for teammates recommended,Vision & Switch Play Drills,Auto-Detecting...
0:04:59,60,2,Pass Intensity: High (Good for breaking lines),Alert: Heavy Touch under Pressure,Tight Space Dribbling (Cone Drills),Auto-Detecting...
0:04:59.166667,60,3,Calculating...,Alert: Heavy Touch under Pressure,Tight Space Dribbling (Cone Drills),Auto-Detecting...
0:04:59.333333,60,1,Calculating...,Open Play: Scanning for teammates recommended,Vision & Switch Play Drills,Auto-Detecting...
0:04:59.500000,60,0,Calculating...,Open Play: Scanning for teammates recommended,Vision & Switch Play Drills,Auto-Detecting...
0:04:59.666667,60,2,Pass Intensity: High (Good for breaking lines),Open Play: Scanning for teammates recommended,Vision & Switch Play Drills,Auto-Detecting...
0:04:59.833333,60,0,Calculating...,Open Play: Scanning for teammates recommended,Vision & Switch Play Drills,Auto-Detecting...
0:05:00,60,1,Calculating...,Open Play: Scanning for teammates recommended,Vision & Switch Play Drills,Auto-Detecting...
0:05:00.166667,60,1,Calculating...,Open Play: Scanning for teammates recommended,Vision & Switch Play Drills,Auto-Detecting...
0:05:00.333333,60,1,Calculating...,Open Play: Scanning for teammates recommended,Vision & Switch Play Drills,Auto-Detecting...
0:05:00.500000,60,2,Calculating...,Alert: Heavy Touch under Pressure,Tight Space Dribbling (Cone Drills),Auto-Detecting...
0:05:00.666667,60,0,Pass Intensity: High (Good for breaking lines),Open Play: Scanning for teammates recommended,Vision & Switch Play Drills,Auto-Detecting...
0:05:00.833333,60,0,Calculating...,Open Play: Scanning for teammates recommended,Vision & Switch Play Drills,Auto-Detecting...
0:05:01,60,0,Calculating...,Open Play: Scanning for teammates recommended,Vision & Switch Play Drills,Auto-Detecting...
0:05:01.166667,60,2,Calculating...,Alert: Heavy Touch under Pressure,Tight Space Dribbling (Cone Drills),Auto-Detecting...
0:05:01.333333,60,2,Calculating...,Alert: Heavy Touch under Pressure,Tight Space Dribbling (Cone Drills),Auto-Detecting...
0:05:01.500000,60,1,Calculating...,Open Play: Scanning for teammates recommended,Vision & Switch Play Drills,Auto-Detecting...
0:05:01.666667,60,2,Calculating...,Alert: Heavy Touch under Pressure,Tight Space Dribbling (Cone Drills),Auto-Detecting...
0:05:01.833333,60,3,Dead Ball: Slow play or recovery needed,Open Play: Scanning for teammates recommended,Vision & Switch Play Drills,Auto-Detecting...
0:05:02,60,2,Dead Ball: Slow play or recovery needed,Open Play: Scanning for teammates recommended,Vision & Switch Play Drills,Auto-Detecting...
0:05:02.166667,60,1,Pass Intensity: High (Good for breaking lines),Open Play: Scanning for teammates recommended,Vision & Switch Play Drills,Auto-Detecting...
0:05:02.333333,60,2,Pass Intensity: High (Good for breaking lines),Open Play: Scanning for teammates recommended,Vision & Switch Play Drills,Auto-Detecting...
0:05:02.500000,60,2,Dead Ball: Slow play or recovery needed,Open Play: Scanning for teammates recommended,Vision & Switch Play Drills,Auto-Detecting...
0:05:02.666667,60,1,Dead Ball: Slow play or recovery needed,Open Play: Scanning for teammates recommended,Vision & Switch Play Drills,Auto-Detecting...
0:05:02.833333,60,1,Dead Ball: Slow play or recovery needed,Open Play: Scanning for teammates recommended,Vision & Switch Play Drills,Auto-Detecting...
0:05:03,60,1,Pass Intensity: High (Good for breaking lines),Open Play: Scanning for teammates recommended,Vision & Switch Play Drills,Auto-Detecting...
0:05:03.166667,60,1,Pass Intensity: High (Good for breaking lines),Open Play: Scanning for teammates recommended,Vision & Switch Play Drills,Auto-Detecting...
0:05:03.333333,60,0,Dead Ball: Slow play or recovery needed,Open Play: Scanning for teammates recommended,Vision & Switch Play Drills,Auto-Detecting...
0:05:03.500000,60,0,Pass Intensity: High (Good for breaking lines),Open Play: Scanning for teammates recommended,Vision & Switch Play Drills,Auto-Detecting...
0:05:03.666667,60,1,Dead Ball: Slow play or recovery needed,Open Play: Scanning for teammates recommended,Vision & Switch Play Drills,Auto-Detecting...
0:05:03.833333,60,0,Pass Intensity: High (Good for breaking lines),Open Play: Scanning for teammates recommended,Vision & Switch Play Drills,Auto-Detecting...
0:05:04,60,0,Dead Ball: Slow play or recovery needed,Open Play: Scanning for teammates recommended,Vision & Switch Play Drills,Auto-Detecting...
0:05:04.166667,60,0,Dead Ball: Slow play or recovery needed,Open Play: Scanning for teammates recommended,Vision & Switch Play Drills,Auto-Detecting...
0:05:04.333333,60,0,Pass Intensity: High (Good for breaking lines),Open Play: Scanning for teammates recommended,Vision & Switch Play Drills,Auto-Detecting...
0:05:04.500000,60,0,Dead Ball: Slow play or recovery needed,Open Play: Scanning for teammates recommended,Vision & Switch Play Drills,Auto-Detecting...
0:05:04.666667,60,0,Pass Intensity: High (Good for breaking lines),Open Play: Scanning for teammates recommended,Vision & Switch Play Drills,Auto-Detecting...
0:05:04.833333,60,0,Pass Intensity: High (Good for breaking lines),Open Play: Scanning for teammates recommended,Vision & Switch Play Drills,Auto-Detecting...
0:05:05,60,0,Dead Ball: Slow play or recovery needed,Open Play: Scanning for teammates recommended,Vision & Switch Play Drills,Auto-Detecting...
0:05:05.166667,60,0,Dead Ball: Slow play or recovery needed,Open Play: Scanning for teammates recommended,Vision & Switch Play Drills,Auto-Detecting...
0:05:05.333333,60,1,Dead Ball: Slow play or recovery needed,Open Play: Scanning for teammates recommended,Vision & Switch Play Drills,Auto-Detecting...
0:05:05.500000,60,0,Dead Ball: Slow play or recovery needed,Open Play: Scanning for teammates recommended,Vision & Switch Play Drills,Auto-Detecting...
0:05:05.666667,60,0,Calculating...,Open Play: Scanning for teammates recommended,Vision & Switch Play Drills,Auto-Detecting...
0:05:05.833333,60,1,Calculating...,Open Play: Scanning for teammates recommended,Vision & Switch Play Drills,Auto-Detecting...
0:05:06,60,0,Calculating...,Open Play: Scanning for teammates recommended,Vision & Switch Play Drills,Auto-Detecting...
0:05:06.166667,60,3,Calculating...,Open Play: Scanning for teammates recommended,Vision & Switch Play Drills,Auto-Detecting...
0:05:06.333333,60,1,Calculating...,Open Play: Scanning for teammates recommended,Vision & Switch Play Drills,Auto-Detecting...
0:05:06.500000,60,0,Calculating...,Open Play: Scanning for teammates recommended,Vision & Switch Play Drills,Auto-Detecting...
0:05:06.666667,60,1,Pass Intensity: High (Good for breaking lines),Open Play: Scanning for teammates recommended,Vision & Switch Play Drills,Auto-Detecting...
0:05:06.833333,60,0,Pass Intensity: High (Good for breaking lines),Open Play: Scanning for teammates recommended,Vision & Switch Play Drills,Auto-Detecting...
0:05:07,60,0,Calculating...,Open Play: Scanning for teammates recommended,Vision & Switch Play Drills,Auto-Detecting...
0:05:07.166667,60,0,Calculating...,Open Play: Scanning for teammates recommended,Vision & Switch Play Drills,Auto-Detecting...
0:05:07.333333,60,0,Calculating...,Open Play: Scanning for teammates recommended,Vision & Switch Play Drills,Auto-Detecting...
0:05:07.500000,60,0,Calculating...,Open Play: Scanning for teammates recommended,Vision & Switch Play Drills,Auto-Detecting...
0:05:07.666667,60,0,Calculating...,Open Play: Scanning for teammates recommended,Vision & Switch Play Drills,Auto-Detecting...
0:05:07.833333,60,1,Calculating...,Open Play: Scanning for teammates recommended,Vision & Switch Play Drills,Auto-Detecting...
0:05:08,60,0,Calculating...,Open Play: Scanning for teammates recommended,Vision & Switch Play Drills,Auto-Detecting...
0:05:08.166667,60,0,Calculating...,Open Play: Scanning for teammates recommended,Vision & Switch Play Drills,Auto-Detecting...
0:05:08.333333,60,0,Pass Intensity: High (Good for breaking lines),Open Play: Scanning for teammates recommended,Vision & Switch Play Drills,Auto-Detecting...
0:05:08.500000,60,0,Pass Intensity: High (Good for breaking lines),Open Play: Scanning for teammates recommended,Vision & Switch Play Drills,Auto-Detecting...
0:05:08.666667,60,0,Pass Intensity: High (Good for breaking lines),Open Play: Scanning for teammates recommended,Vision & Switch Play Drills,Auto-Detecting...
0:05:08.833333,60,0,Pass Intensity: High (Good for breaking lines),Open Play: Scanning for teammates recommended,Vision & Switch Play Drills,Auto-Detecting...
0:05:09,60,0,Pass Intensity: High (Good for breaking lines),Open Play: Scanning for teammates recommended,Vision & Switch Play Drills,Auto-Detecting...
0:05:09.166667,60,1,Pass Intensity: High (Good for breaking lines),Open Play: Scanning for teammates recommended,Vision & Switch Play Drills,Auto-Detecting...
0:05:09.333333,100,2,Pass Intensity: High (Good for breaking lines),Control: Excellent Close-quarter Handling,Maintain Daily Progress,Auto-Detecting...
0:05:09.500000,60,2,Pass Intensity: High (Good for breaking lines),Alert: Heavy Touch under Pressure,Tight Space Dribbling (Cone Drills),Auto-Detecting...
0:05:09.666667,60,1,Calculating...,Open Play: Scanning for teammates recommended,Vision & Switch Play Drills,Auto-Detecting...
0:05:09.833333,60,2,Calculating...,Alert: Heavy Touch under Pressure,Tight Space Dribbling (Cone Drills),Auto-Detecting...
0:05:10,100,1,Pass Intensity: High (Good for breaking lines),Control: Excellent Close-quarter Handling,Maintain Daily Progress,Auto-Detecting...
0:05:10.166667,100,1,Pass Intensity: High (Good for breaking lines),Control: Excellent Close-quarter Handling,Maintain Daily Progress,Auto-Detecting...
0:05:10.333333,100,4,Calculating...,Control: Excellent Close-quarter Handling,Maintain Daily Progress,Auto-Detecting...
0:05:10.500000,60,1,Pass Intensity: High (Good for breaking lines),Open Play: Scanning for teammates recommended,Vision & Switch Play Drills,Auto-Detecting...
0:05:10.666667,60,2,Calculating...,Alert: Heavy Touch under Pressure,Tight Space Dribbling (Cone Drills),Auto-Detecting...
0:05:10.833333,60,1,Pass Intensity: High (Good for breaking lines),Open Play: Scanning for teammates recommended,Vision & Switch Play Drills,Auto-Detecting...
0:05:11,60,0,Pass Intensity: High (Good for breaking lines),Open Play: Scanning for teammates recommended,Vision & Switch Play Drills,Auto-Detecting...
0:05:11.166667,60,1,Pass Intensity: High (Good for breaking lines),Open Play: Scanning for teammates recommended,Vision & Switch Play Drills,Auto-Detecting...
0:05:11.333333,60,1,Calculating...,Open Play: Scanning for teammates recommended,Vision & Switch Play Drills,Auto-Detecting...
0:05:11.500000,60,1,Calculating...,Open Play: Scanning for teammates recommended,Vision & Switch Play Drills,Auto-Detecting...
0:05:11.666667,60,1,Dead Ball: Slow play or recovery needed,Open Play: Scanning for teammates recommended,Vision & Switch Play Drills,Auto-Detecting...
0:05:11.833333,60,0,Calculating...,Open Play: Scanning for teammates recommended,Vision & Switch Play Drills,Auto-Detecting...
0:05:12,60,1,Calculating...,Open Play: Scanning for teammates recommended,Vision & Switch Play Drills,Auto-Detecting...
0:05:12.166667,60,2,Dead Ball: Slow play or recovery needed,Open Play: Scanning for teammates recommended,Vision & Switch Play Drills,Auto-Detecting...
0:05:12.333333,60,2,Calculating...,Alert: Heavy Touch under Pressure,Tight Space Dribbling (Cone Drills),Auto-Detecting...
0:05:12.500000,100,2,Calculating...,Control: Excellent Close-quarter Handling,Maintain Daily Progress,Auto-Detecting...
0:05:12.666667,60,1,Calculating...,Open Play: Scanning for teammates recommended,Vision & Switch Play Drills,Auto-Detecting...
0:05:12.833333,60,0,Pass Intensity: High (Good for breaking lines),Open Play: Scanning for teammates recommended,Vision & Switch Play Drills,Auto-Detecting...
0:05:13,60,0,Pass Intensity: High (Good for breaking lines),Open Play: Scanning for teammates recommended,Vision & Switch Play Drills,Auto-Detecting...
0:05:13.166667,60,0,Calculating...,Open Play: Scanning for teammates recommended,Vision & Switch Play Drills,Auto-Detecting...
0:05:13.333333,60,1,Calculating...,Open Play: Scanning for teammates recommended,Vision & Switch Play Drills,Auto-Detecting...
0:05:13.500000,60,0,Calculating...,Open Play: Scanning for teammates recommended,Vision & Switch Play Drills,Auto-Detecting...
0:05:13.666667,60,2,Calculating...,Open Play: Scanning for teammates recommended,Vision & Switch Play Drills,Auto-Detecting...
0:05:13.833333,60,0,Calculating...,Open Play: Scanning for teammates recommended,Vision & Switch Play Drills,Auto-Detecting...
0:05:14,60,1,Calculating...,Open Play: Scanning for teammates recommended,Vision & Switch Play Drills,Auto-Detecting...
0:05:14.166667,60,1,Calculating...,Open Play: Scanning for teammates recommended,Vision & Switch Play Drills,Auto-Detecting...
0:05:14.333333,60,0,Pass Intensity: High (Good for breaking lines),Open Play: Scanning for teammates recommended,Vision & Switch Play Drills,Auto-Detecting...
0:05:14.500000,60,0,Pass Intensity: High (Good for breaking lines),Open Play: Scanning for teammates recommended,Vision & Switch Play Drills,Auto-Detecting...
0:05:14.666667,60,0,Calculating...,Open Play: Scanning for teammates recommended,Vision & Switch Play Drills,Auto-Detecting...
0:05:14.833333,60,0,Calculating...,Open Play: Scanning for teammates recommended,Vision & Switch Play Drills,Auto-Detecting...
0:05:15,60,1,Calculating...,Open Play: Scanning for teammates recommended,Vision & Switch Play Drills,Auto-Detecting...
0:05:15.166667,60,0,Calculating...,Open Play: Scanning for teammates recommended,Vision & Switch Play Drills,Auto-Detecting...
0:05:15.333333,60,0,Calculating...,Open Play: Scanning for teammates recommended,Vision & Switch Play Drills,Auto-Detecting...
0:05:15.500000,60,0,Calculating...,Open Play: Scanning for teammates recommended,Vision & Switch Play Drills,Auto-Detecting...
0:05:15.666667,60,1,Calculating...,Open Play: Scanning for teammates recommended,Vision & Switch Play Drills,Auto-Detecting...
0:05:15.833333,60,1,Calculating...,Open Play: Scanning for teammates recommended,Vision & Switch Play Drills,Auto-Detecting...
0:05:16,60,1,Calculating...,Open Play: Scanning for teammates recommended,Vision & Switch Play Drills,Auto-Detecting...
0:05:16.166667,60,2,Calculating...,Alert: Heavy Touch under Pressure,Tight Space Dribbling (Cone Drills),Auto-Detecting...
0:05:16.333333,60,3,Calculating...,Open Play: Scanning for teammates recommended,Vision & Switch Play Drills,Auto-Detecting...
0:05:16.500000,60,2,Calculating...,Open Play: Scanning for teammates recommended,Vision & Switch Play Drills,Auto-Detecting...
0:05:16.666667,60,1,Calculating...,Open Play: Scanning for teammates recommended,Vision & Switch Play Drills,Auto-Detecting...
0:05:16.833333,60,1,Calculating...,Open Play: Scanning for teammates recommended,Vision & Switch Play Drills,Auto-Detecting...
0:05:17,60,0,Calculating...,Open Play: Scanning for teammates recommended,Vision & Switch Play Drills,Auto-Detecting...
0:05:17.166667,60,0,Calculating...,Open Play: Scanning for teammates recommended,Vision & Switch Play Drills,Auto-Detecting...
0:05:17.333333,60,2,Calculating...,Alert: Heavy Touch under Pressure,Tight Space Dribbling (Cone Drills),Auto-Detecting...
0:05:17.500000,60,0,Dead Ball: Slow play or recovery needed,Open Play: Scanning for teammates recommended,Vision & Switch Play Drills,Auto-Detecting...
0:05:17.666667,60,0,Calculating...,Open Play: Scanning for teammates recommended,Vision & Switch Play Drills,Auto-Detecting...
0:05:17.833333,60,0,Calculating...,Open Play: Scanning for teammates recommended,Vision & Switch Play Drills,Auto-Detecting...
0:05:18,60,0,Calculating...,Open Play: Scanning for teammates recommended,Vision & Switch Play Drills,Auto-Detecting...
0:05:18.166667,60,0,Calculating...,Open Play: Scanning for teammates recommended,Vision & Switch Play Drills,Auto-Detecting...
0:05:18.333333,60,1,Pass Intensity: High (Good for breaking lines),Open Play: Scanning for teammates recommended,Vision & Switch Play Drills,Auto-Detecting...
0:05:18.500000,60,1,Calculating...,Open Play: Scanning for teammates recommended,Vision & Switch Play Drills,Auto-Detecting...
0:05:18.666667,60,0,Calculating...,Open Play: Scanning for teammates recommended,Vision & Switch Play Drills,Auto-Detecting...
0:05:18.833333,60,1,Calculating...,Open Play: Scanning for teammates recommended,Vision & Switch Play Drills,Auto-Detecting...
0:05:19,60,1,Calculating...,Open Play: Scanning for teammates recommended,Vision & Switch Play Drills,Auto-Detecting...
0:05:19.166667,60,1,Calculating...,Open Play: Scanning for teammates recommended,Vision & Switch Play Drills,Auto-Detecting...
0:05:19.333333,60,1,Calculating...,Open Play: Scanning for teammates recommended,Vision & Switch Play Drills,Auto-Detecting...
0:05:19.500000,60,1,Calculating...,Open Play: Scanning for teammates recommended,Vision & Switch Play Drills,Auto-Detecting...
0:05:19.666667,60,2,Calculating...,Alert: Heavy Touch under Pressure,Tight Space Dribbling (Cone Drills),Auto-Detecting...
0:05:19.833333,60,0,Calculating...,Open Play: Scanning for teammates recommended,Vision & Switch Play Drills,Auto-Detecting...
0:05:20,60,1,Calculating...,Open Play: Scanning for teammates recommended,Vision & Switch Play Drills,Auto-Detecting...
0:05:20.166667,60,1,Calculating...,Open Play: Scanning for teammates recommended,Vision & Switch Play Drills,Auto-Detecting...
0:05:20.333333,60,1,Calculating...,Open Play: Scanning for teammates recommended,Vision & Switch Play Drills,Auto-Detecting...
0:05:20.500000,60,0,Calculating...,Open Play: Scanning for teammates recommended,Vision & Switch Play Drills,Auto-Detecting...
0:05:20.666667,60,0,Dead Ball: Slow play or recovery needed,Open Play: Scanning for teammates recommended,Vision & Switch Play Drills,Auto-Detecting...
0:05:20.833333,60,0,Calculating...,Open Play: Scanning for teammates recommended,Vision & Switch Play Drills,Auto-Detecting...
0:05:21,60,2,Dead Ball: Slow play or recovery needed,Open Play: Scanning for teammates recommended,Vision & Switch Play Drills,Auto-Detecting...
0:05:21.166667,60,1,Pass Intensity: High (Good for breaking lines),Open Play: Scanning for teammates recommended,Vision & Switch Play Drills,Auto-Detecting...
0:05:21.333333,60,0,Calculating...,Open Play: Scanning for teammates recommended,Vision & Switch Play Drills,Auto-Detecting...
0:05:21.500000,60,0,Calculating...,Open Play: Scanning for teammates recommended,Vision & Switch Play Drills,Auto-Detecting...
0:05:21.666667,60,0,Calculating...,Open Play: Scanning for teammates recommended,Vision & Switch Play Drills,Auto-Detecting...
0:05:21.833333,60,0,Calculating...,Open Play: Scanning for teammates recommended,Vision & Switch Play Drills,Auto-Detecting...
0:05:22,60,0,Calculating...,Open Play: Scanning for teammates recommended,Vision & Switch Play Drills,Auto-Detecting...
0:05:22.166667,60,0,Calculating...,Open Play: Scanning for teammates recommended,Vision & Switch Play Drills,Auto-Detecting...
0:05:22.333333,60,0,Calculating...,Open Play: Scanning for teammates recommended,Vision & Switch Play Drills,Auto-Detecting...
0:05:22.500000,60,0,Calculating...,Open Play: Scanning for teammates recommended,Vision & Switch Play Drills,Auto-Detecting...
0:05:22.666667,60,1,Pass Intensity: High (Good for breaking lines),Open Play: Scanning for teammates recommended,Vision & Switch Play Drills,Auto-Detecting...
0:05:22.833333,60,1,Calculating...,Open Play: Scanning for teammates recommended,Vision & Switch Play Drills,Auto-Detecting...
0:05:23,60,1,Calculating...,Open Play: Scanning for teammates recommended,Vision & Switch Play Drills,Auto-Detecting...
0:05:23.166667,60,0,Pass Intensity: High (Good for breaking lines),Open Play: Scanning for teammates recommended,Vision & Switch Play Drills,Auto-Detecting...
0:05:23.333333,60,0,Pass Intensity: High (Good for breaking lines),Open Play: Scanning for teammates recommended,Vision & Switch Play Drills,Auto-Detecting...
0:05:23.500000,60,0,Dead Ball: Slow play or recovery needed,Open Play: Scanning for teammates recommended,Vision & Switch Play Drills,Auto-Detecting...
0:05:23.666667,60,0,Dead Ball: Slow play or recovery needed,Open Play: Scanning for teammates recommended,Vision & Switch Play Drills,Auto-Detecting...
0:05:23.833333,60,0,Dead Ball: Slow play or recovery needed,Open Play: Scanning for teammates recommended,Vision & Switch Play Drills,Auto-Detecting...
0:05:24,60,1,Pass Intensity: High (Good for breaking lines),Open Play: Scanning for teammates recommended,Vision & Switch Play Drills,Auto-Detecting...
0:05:24.166667,60,2,Pass Intensity: High (Good for breaking lines),Alert: Heavy Touch under Pressure,Tight Space Dribbling (Cone Drills),Auto-Detecting...
0:05:24.333333,60,1,Calculating...,Open Play: Scanning for teammates recommended,Vision & Switch Play Drills,Auto-Detecting...
0:05:24.500000,60,1,Pass Intensity: High (Good for breaking lines),Open Play: Scanning for teammates recommended,Vision & Switch Play Drills,Auto-Detecting...
0:05:24.666667,60,1,Calculating...,Open Play: Scanning for teammates recommended,Vision & Switch Play Drills,Auto-Detecting...
0:05:24.833333,60,0,Calculating...,Open Play: Scanning for teammates recommended,Vision & Switch Play Drills,Auto-Detecting...
0:05:25,60,1,Calculating...,Open Play: Scanning for teammates recommended,Vision & Switch Play Drills,Auto-Detecting...
0:05:25.166667,60,1,Calculating...,Open Play: Scanning for teammates recommended,Vision & Switch Play Drills,Auto-Detecting...
0:05:25.333333,60,1,Calculating...,Open Play: Scanning for teammates recommended,Vision & Switch Play Drills,Auto-Detecting...
0:05:25.500000,60,0,Calculating...,Open Play: Scanning for teammates recommended,Vision & Switch Play Drills,Auto-Detecting...
0:05:25.666667,60,0,Calculating...,Open Play: Scanning for teammates recommended,Vision & Switch Play Drills,Auto-Detecting...
0:05:25.833333,60,1,Calculating...,Open Play: Scanning for teammates recommended,Vision & Switch Play Drills,Auto-Detecting...
0:05:26,60,1,Calculating...,Open Play: Scanning for teammates recommended,Vision & Switch Play Drills,Auto-Detecting...
0:05:26.166667,60,1,Dead Ball: Slow play or recovery needed,Open Play: Scanning for teammates recommended,Vision & Switch Play Drills,Auto-Detecting...
0:05:26.333333,60,0,Calculating...,Open Play: Scanning for teammates recommended,Vision & Switch Play Drills,Auto-Detecting...
0:05:26.500000,60,1,Dead Ball: Slow play or recovery needed,Open Play: Scanning for teammates recommended,Vision & Switch Play Drills,Auto-Detecting...
0:05:26.666667,60,0,Dead Ball: Slow play or recovery needed,Open Play: Scanning for teammates recommended,Vision & Switch Play Drills,Auto-Detecting...
0:05:26.833333,60,1,Dead Ball: Slow play or recovery needed,Open Play: Scanning for teammates recommended,Vision & Switch Play Drills,Auto-Detecting...
0:05:27,60,1,Calculating...,Open Play: Scanning for teammates recommended,Vision & Switch Play Drills,Auto-Detecting...
0:05:27.166667,60,1,Calculating...,Open Play: Scanning for teammates recommended,Vision & Switch Play Drills,Auto-Detecting...
0:05:27.333333,60,1,Calculating...,Open Play: Scanning for teammates recommended,Vision & Switch Play Drills,Auto-Detecting...
0:05:27.500000,60,0,Calculating...,Open Play: Scanning for teammates recommended,Vision & Switch Play Drills,Auto-Detecting...
0:05:27.666667,60,1,Pass Intensity: High (Good for breaking lines),Open Play: Scanning for teammates recommended,Vision & Switch Play Drills,Auto-Detecting...
0:05:27.833333,60,1,Pass Intensity: High (Good for breaking lines),Open Play: Scanning for teammates recommended,Vision & Switch Play Drills,Auto-Detecting...
0:05:28,60,0,Calculating...,Open Play: Scanning for teammates recommended,Vision & Switch Play Drills,Auto-Detecting...
0:05:28.166667,60,1,Calculating...,Open Play: Scanning for teammates recommended,Vision & Switch Play Drills,Auto-Detecting...
0:05:28.333333,60,0,Calculating...,Open Play: Scanning for teammates recommended,Vision & Switch Play Drills,Auto-Detecting...
0:05:28.500000,60,1,Calculating...,Open Play: Scanning for teammates recommended,Vision & Switch Play Drills,Auto-Detecting...
0:05:28.666667,60,0,Pass Intensity: High (Good for breaking lines),Open Play: Scanning for teammates recommended,Vision & Switch Play Drills,Auto-Detecting...
0:05:28.833333,60,1,Calculating...,Open Play: Scanning for teammates recommended,Vision & Switch Play Drills,Auto-Detecting...
0:05:29,60,0,Calculating...,Open Play: Scanning for teammates recommended,Vision & Switch Play Drills,Auto-Detecting...
0:05:29.166667,60,1,Calculating...,Open Play: Scanning for teammates recommended,Vision & Switch Play Drills,Auto-Detecting...
0:05:29.333333,60,0,Pass Intensity: High (Good for breaking lines),Open Play: Scanning for teammates recommended,Vision & Switch Play Drills,Auto-Detecting...
0:05:29.500000,60,0,Dead Ball: Slow play or recovery needed,Open Play: Scanning for teammates recommended,Vision & Switch Play Drills,Auto-Detecting...
0:05:29.666667,60,0,Dead Ball: Slow play or recovery needed,Open Play: Scanning for teammates recommended,Vision & Switch Play Drills,Auto-Detecting...
0:05:29.833333,60,0,Dead Ball: Slow play or recovery needed,Open Play: Scanning for teammates recommended,Vision & Switch Play Drills,Auto-Detecting...
0:05:30,60,0,Pass Intensity: High (Good for breaking lines),Open Play: Scanning for teammates recommended,Vision & Switch Play Drills,Auto-Detecting...
0:05:30.166667,60,0,Dead Ball: Slow play or recovery needed,Open Play: Scanning for teammates recommended,Vision & Switch Play Drills,Auto-Detecting...
0:05:30.333333,60,0,Dead Ball: Slow play or recovery needed,Open Play: Scanning for teammates recommended,Vision & Switch Play Drills,Auto-Detecting...
0:05:30.500000,60,1,Dead Ball: Slow play or recovery needed,Open Play: Scanning for teammates recommended,Vision & Switch Play Drills,Auto-Detecting...
0:05:30.666667,60,1,Dead Ball: Slow play or recovery needed,Open Play: Scanning for teammates recommended,Vision & Switch Play Drills,Auto-Detecting...
0:05:30.833333,60,0,Pass Intensity: High (Good for breaking lines),Open Play: Scanning for teammates recommended,Vision & Switch Play Drills,Auto-Detecting...
0:05:31,60,0,Calculating...,Open Play: Scanning for teammates recommended,Vision & Switch Play Drills,Auto-Detecting...
0:05:31.166667,60,0,Calculating...,Open Play: Scanning for teammates recommended,Vision & Switch Play Drills,Auto-Detecting...
0:05:31.333333,60,0,Calculating...,Open Play: Scanning for teammates recommended,Vision & Switch Play Drills,Auto-Detecting...
0:05:31.500000,60,0,Calculating...,Open Play: Scanning for teammates recommended,Vision & Switch Play Drills,Auto-Detecting...
0:05:31.666667,60,0,Calculating...,Open Play: Scanning for teammates recommended,Vision & Switch Play Drills,Auto-Detecting...
0:05:31.833333,60,0,Calculating...,Open Play: Scanning for teammates recommended,Vision & Switch Play Drills,Auto-Detecting...
0:05:32,60,1,Calculating...,Open Play: Scanning for teammates recommended,Vision & Switch Play Drills,Auto-Detecting...
0:05:32.166667,60,1,Calculating...,Open Play: Scanning for teammates recommended,Vision & Switch Play Drills,Auto-Detecting...
0:05:32.333333,60,1,Calculating...,Open Play: Scanning for teammates recommended,Vision & Switch Play Drills,Auto-Detecting...
0:05:32.500000,60,1,Calculating...,Open Play: Scanning for teammates recommended,Vision & Switch Play Drills,Auto-Detecting...
0:05:32.666667,60,1,Calculating...,Open Play: Scanning for teammates recommended,Vision & Switch Play Drills,Auto-Detecting...
0:05:32.833333,60,0,Pass Intensity: High (Good for breaking lines),Open Play: Scanning for teammates recommended,Vision & Switch Play Drills,Auto-Detecting...
0:05:33,60,0,Calculating...,Open Play: Scanning for teammates recommended,Vision & Switch Play Drills,Auto-Detecting...
0:05:33.166667,60,0,Calculating...,Open Play: Scanning for teammates recommended,Vision & Switch Play Drills,Auto-Detecting...
0:05:33.333333,60,0,Pass Intensity: High (Good for breaking lines),Open Play: Scanning for teammates recommended,Vision & Switch Play Drills,Auto-Detecting...
0:05:33.500000,60,0,Dead Ball: Slow play or recovery needed,Open Play: Scanning for teammates recommended,Vision & Switch Play Drills,Auto-Detecting...
0:05:33.666667,60,0,Dead Ball: Slow play or recovery needed,Open Play: Scanning for teammates recommended,Vision & Switch Play Drills,Auto-Detecting...
0:05:33.833333,60,0,Calculating...,Open Play: Scanning for teammates recommended,Vision & Switch Play Drills,Auto-Detecting...
0:05:34,60,0,Dead Ball: Slow play or recovery needed,Open Play: Scanning for teammates recommended,Vision & Switch Play Drills,Auto-Detecting...
0:05:34.166667,60,0,Dead Ball: Slow play or recovery needed,Open Play: Scanning for teammates recommended,Vision & Switch Play Drills,Auto-Detecting...
0:05:34.333333,60,0,Dead Ball: Slow play or recovery needed,Open Play: Scanning for teammates recommended,Vision & Switch Play Drills,Auto-Detecting...
0:05:34.500000,60,0,Calculating...,Open Play: Scanning for teammates recommended,Vision & Switch Play Drills,Auto-Detecting...
0:05:34.666667,60,0,Calculating...,Open Play: Scanning for teammates recommended,Vision & Switch Play Drills,Auto-Detecting...
0:05:34.833333,60,0,Calculating...,Open Play: Scanning for teammates recommended,Vision & Switch Play Drills,Auto-Detecting...
0:05:35,60,0,Pass Intensity: High (Good for breaking lines),Open Play: Scanning for teammates recommended,Vision & Switch Play Drills,Auto-Detecting...
0:05:35.166667,60,0,Calculating...,Open Play: Scanning for teammates recommended,Vision & Switch Play Drills,Auto-Detecting...
0:05:35.333333,60,0,Calculating...,Open Play: Scanning for teammates recommended,Vision & Switch Play Drills,Auto-Detecting...
0:05:35.500000,60,0,Pass Intensity: High (Good for breaking lines),Open Play: Scanning for teammates recommended,Vision & Switch Play Drills,Auto-Detecting...
0:05:35.666667,60,1,Pass Intensity: High (Good for breaking lines),Open Play: Scanning for teammates recommended,Vision & Switch Play Drills,Auto-Detecting...
0:05:35.833333,60,1,Calculating...,Open Play: Scanning for teammates recommended,Vision & Switch Play Drills,Auto-Detecting...
0:05:36,60,1,Calculating...,Open Play: Scanning for teammates recommended,Vision & Switch Play Drills,Auto-Detecting...
0:05:36.166667,60,1,Calculating...,Open Play: Scanning for teammates recommended,Vision & Switch Play Drills,Auto-Detecting...
0:05:36.333333,60,1,Calculating...,Open Play: Scanning for teammates recommended,Vision & Switch Play Drills,Auto-Detecting...
0:05:36.500000,60,0,Calculating...,Open Play: Scanning for teammates recommended,Vision & Switch Play Drills,Auto-Detecting...
0:05:36.666667,60,0,Calculating...,Open Play: Scanning for teammates recommended,Vision & Switch Play Drills,Auto-Detecting...
0:05:36.833333,60,0,Calculating...,Open Play: Scanning for teammates recommended,Vision & Switch Play Drills,Auto-Detecting...
0:05:37,60,0,Calculating...,Open Play: Scanning for teammates recommended,Vision & Switch Play Drills,Auto-Detecting...
0:05:37.166667,60,0,Calculating...,Open Play: Scanning for teammates recommended,Vision & Switch Play Drills,Auto-Detecting...
0:05:37.333333,60,1,Pass Intensity: High (Good for breaking lines),Open Play: Scanning for teammates recommended,Vision & Switch Play Drills,Auto-Detecting...
0:05:37.500000,60,1,Pass Intensity: High (Good for breaking lines),Open Play: Scanning for teammates recommended,Vision & Switch Play Drills,Auto-Detecting...
0:05:37.666667,60,0,Calculating...,Open Play: Scanning for teammates recommended,Vision & Switch Play Drills,Auto-Detecting...
0:05:37.833333,60,0,Calculating...,Open Play: Scanning for teammates recommended,Vision & Switch Play Drills,Auto-Detecting...
0:05:38,60,0,Dead Ball: Slow play or recovery needed,Open Play: Scanning for teammates recommended,Vision & Switch Play Drills,Auto-Detecting...
0:05:38.166667,60,0,Pass Intensity: High (Good for breaking lines),Open Play: Scanning for teammates recommended,Vision & Switch Play Drills,Auto-Detecting...
0:05:38.333333,60,0,Dead Ball: Slow play or recovery needed,Open Play: Scanning for teammates recommended,Vision & Switch Play Drills,Auto-Detecting...
0:05:38.500000,60,0,Calculating...,Open Play: Scanning for teammates recommended,Vision & Switch Play Drills,Auto-Detecting...
0:05:38.666667,60,0,Dead Ball: Slow play or recovery needed,Open Play: Scanning for teammates recommended,Vision & Switch Play Drills,Auto-Detecting...
0:05:38.833333,60,1,Pass Intensity: High (Good for breaking lines),Open Play: Scanning for teammates recommended,Vision & Switch Play Drills,Auto-Detecting...
0:05:39,60,1,Calculating...,Open Play: Scanning for teammates recommended,Vision & Switch Play Drills,Auto-Detecting...
0:05:39.166667,60,1,Calculating...,Open Play: Scanning for teammates recommended,Vision & Switch Play Drills,Auto-Detecting...
0:05:39.333333,60,2,Calculating...,Alert: Heavy Touch under Pressure,Tight Space Dribbling (Cone Drills),Auto-Detecting...
0:05:39.500000,100,2,Pass Intensity: High (Good for breaking lines),Control: Excellent Close-quarter Handling,Maintain Daily Progress,Auto-Detecting...
0:05:39.666667,60,1,Pass Intensity: High (Good for breaking lines),Open Play: Scanning for teammates recommended,Vision & Switch Play Drills,Auto-Detecting...
0:05:39.833333,60,0,Pass Intensity: High (Good for breaking lines),Open Play: Scanning for teammates recommended,Vision & Switch Play Drills,Auto-Detecting...
0:05:40,60,1,Pass Intensity: High (Good for breaking lines),Open Play: Scanning for teammates recommended,Vision & Switch Play Drills,Auto-Detecting...
0:05:40.166667,100,3,Pass Intensity: High (Good for breaking lines),Control: Excellent Close-quarter Handling,Maintain Daily Progress,Auto-Detecting...
0:05:40.333333,100,4,Pass Intensity: High (Good for breaking lines),Control: Excellent Close-quarter Handling,Maintain Daily Progress,Auto-Detecting...
0:05:40.500000,60,3,Pass Intensity: High (Good for breaking lines),Alert: Heavy Touch under Pressure,Tight Space Dribbling (Cone Drills),Auto-Detecting...
0:05:40.666667,60,0,Pass Intensity: High (Good for breaking lines),Open Play: Scanning for teammates recommended,Vision & Switch Play Drills,Auto-Detecting...
0:05:40.833333,60,0,Calculating...,Open Play: Scanning for teammates recommended,Vision & Switch Play Drills,Auto-Detecting...
0:05:41,60,1,Calculating...,Open Play: Scanning for teammates recommended,Vision & Switch Play Drills,Auto-Detecting...
0:05:41.166667,60,1,Calculating...,Open Play: Scanning for teammates recommended,Vision & Switch Play Drills,Auto-Detecting...
0:05:41.333333,60,0,Pass Intensity: High (Good for breaking lines),Open Play: Scanning for teammates recommended,Vision & Switch Play Drills,Auto-Detecting...
0:05:41.500000,60,0,Calculating...,Open Play: Scanning for teammates recommended,Vision & Switch Play Drills,Auto-Detecting...
0:05:41.666667,60,0,Calculating...,Open Play: Scanning for teammates recommended,Vision & Switch Play Drills,Auto-Detecting...
0:05:41.833333,60,1,Pass Intensity: High (Good for breaking lines),Open Play: Scanning for teammates recommended,Vision & Switch Play Drills,Auto-Detecting...
0:05:42,60,0,Pass Intensity: High (Good for breaking lines),Open Play: Scanning for teammates recommended,Vision & Switch Play Drills,Auto-Detecting...
0:05:42.166667,60,0,Calculating...,Open Play: Scanning for teammates recommended,Vision & Switch Play Drills,Auto-Detecting...
0:05:42.333333,60,1,Calculating...,Open Play: Scanning for teammates recommended,Vision & Switch Play Drills,Auto-Detecting...
0:05:42.500000,60,1,Calculating...,Open Play: Scanning for teammates recommended,Vision & Switch Play Drills,Auto-Detecting...
0:05:42.666667,60,0,Dead Ball: Slow play or recovery needed,Open Play: Scanning for teammates recommended,Vision & Switch Play Drills,Auto-Detecting...
0:05:42.833333,60,0,Dead Ball: Slow play or recovery needed,Open Play: Scanning for teammates recommended,Vision & Switch Play Drills,Auto-Detecting...
0:05:43,60,3,Calculating...,Alert: Heavy Touch under Pressure,Tight Space Dribbling (Cone Drills),Auto-Detecting...
0:05:43.166667,60,1,Pass Intensity: High (Good for breaking lines),Open Play: Scanning for teammates recommended,Vision & Switch Play Drills,Auto-Detecting...
0:05:43.333333,60,1,Calculating...,Open Play: Scanning for teammates recommended,Vision & Switch Play Drills,Auto-Detecting...
0:05:43.500000,60,1,Calculating...,Open Play: Scanning for teammates recommended,Vision & Switch Play Drills,Auto-Detecting...
0:05:43.666667,60,1,Calculating...,Open Play: Scanning for teammates recommended,Vision & Switch Play Drills,Auto-Detecting...
0:05:43.833333,60,0,Calculating...,Open Play: Scanning for teammates recommended,Vision & Switch Play Drills,Auto-Detecting...
0:05:44,60,2,Pass Intensity: High (Good for breaking lines),Open Play: Scanning for teammates recommended,Vision & Switch Play Drills,Auto-Detecting...
0:05:44.166667,60,2,Calculating...,Open Play: Scanning for teammates recommended,Vision & Switch Play Drills,Auto-Detecting...
0:05:44.333333,60,2,Calculating...,Open Play: Scanning for teammates recommended,Vision & Switch Play Drills,Auto-Detecting...
0:05:44.500000,60,1,Calculating...,Open Play: Scanning for teammates recommended,Vision & Switch Play Drills,Auto-Detecting...
0:05:44.666667,60,0,Calculating...,Open Play: Scanning for teammates recommended,Vision & Switch Play Drills,Auto-Detecting...
0:05:44.833333,60,0,Dead Ball: Slow play or recovery needed,Open Play: Scanning for teammates recommended,Vision & Switch Play Drills,Auto-Detecting...
0:05:45,60,0,Calculating...,Open Play: Scanning for teammates recommended,Vision & Switch Play Drills,Auto-Detecting...
0:05:45.166667,60,1,Calculating...,Open Play: Scanning for teammates recommended,Vision & Switch Play Drills,Auto-Detecting...
0:05:45.333333,60,1,Dead Ball: Slow play or recovery needed,Open Play: Scanning for teammates recommended,Vision & Switch Play Drills,Auto-Detecting...
0:05:45.500000,60,1,Dead Ball: Slow play or recovery needed,Open Play: Scanning for teammates recommended,Vision & Switch Play Drills,Auto-Detecting...
0:05:45.666667,60,0,Dead Ball: Slow play or recovery needed,Open Play: Scanning for teammates recommended,Vision & Switch Play Drills,Auto-Detecting...
0:05:45.833333,60,0,Dead Ball: Slow play or recovery needed,Open Play: Scanning for teammates recommended,Vision & Switch Play Drills,Auto-Detecting...
0:05:46,60,2,Dead Ball: Slow play or recovery needed,Open Play: Scanning for teammates recommended,Vision & Switch Play Drills,Auto-Detecting...
0:05:46.166667,60,1,Dead Ball: Slow play or recovery needed,Open Play: Scanning for teammates recommended,Vision & Switch Play Drills,Auto-Detecting...
0:05:46.333333,100,2,Calculating...,Control: Excellent Close-quarter Handling,Maintain Daily Progress,Auto-Detecting...
0:05:46.500000,60,1,Calculating...,Open Play: Scanning for teammates recommended,Vision & Switch Play Drills,Auto-Detecting...
0:05:46.666667,60,1,Calculating...,Open Play: Scanning for teammates recommended,Vision & Switch Play Drills,Auto-Detecting...
0:05:46.833333,60,1,Dead Ball: Slow play or recovery needed,Open Play: Scanning for teammates recommended,Vision & Switch Play Drills,Auto-Detecting...
0:05:47,60,0,Pass Intensity: High (Good for breaking lines),Open Play: Scanning for teammates recommended,Vision & Switch Play Drills,Auto-Detecting...
0:05:47.166667,60,1,Dead Ball: Slow play or recovery needed,Open Play: Scanning for teammates recommended,Vision & Switch Play Drills,Auto-Detecting...
0:05:47.333333,60,0,Pass Intensity: High (Good for breaking lines),Open Play: Scanning for teammates recommended,Vision & Switch Play Drills,Auto-Detecting...
0:05:47.500000,60,1,Dead Ball: Slow play or recovery needed,Open Play: Scanning for teammates recommended,Vision & Switch Play Drills,Auto-Detecting...
0:05:47.666667,60,1,Calculating...,Open Play: Scanning for teammates recommended,Vision & Switch Play Drills,Auto-Detecting...
0:05:47.833333,100,2,Pass Intensity: High (Good for breaking lines),Control: Excellent Close-quarter Handling,Maintain Daily Progress,Auto-Detecting...
0:05:48,60,1,Dead Ball: Slow play or recovery needed,Open Play: Scanning for teammates recommended,Vision & Switch Play Drills,Auto-Detecting...
0:05:48.166667,60,1,Dead Ball: Slow play or recovery needed,Open Play: Scanning for teammates recommended,Vision & Switch Play Drills,Auto-Detecting...
0:05:48.333333,60,1,Dead Ball: Slow play or recovery needed,Open Play: Scanning for teammates recommended,Vision & Switch Play Drills,Auto-Detecting...
0:05:48.500000,60,1,Dead Ball: Slow play or recovery needed,Open Play: Scanning for teammates recommended,Vision & Switch Play Drills,Auto-Detecting...
0:05:48.666667,60,1,Dead Ball: Slow play or recovery needed,Open Play: Scanning for teammates recommended,Vision & Switch Play Drills,Auto-Detecting...
0:05:48.833333,60,0,Dead Ball: Slow play or recovery needed,Open Play: Scanning for teammates recommended,Vision & Switch Play Drills,Auto-Detecting...
0:05:49,60,0,Dead Ball: Slow play or recovery needed,Open Play: Scanning for teammates recommended,Vision & Switch Play Drills,Auto-Detecting...
0:05:49.166667,60,0,Pass Intensity: High (Good for breaking lines),Open Play: Scanning for teammates recommended,Vision & Switch Play Drills,Auto-Detecting...
0:05:49.333333,60,1,Dead Ball: Slow play or recovery needed,Open Play: Scanning for teammates recommended,Vision & Switch Play Drills,Auto-Detecting...
0:05:49.500000,60,1,Dead Ball: Slow play or recovery needed,Open Play: Scanning for teammates recommended,Vision & Switch Play Drills,Auto-Detecting...
0:05:49.666667,60,1,Dead Ball: Slow play or recovery needed,Open Play: Scanning for teammates recommended,Vision & Switch Play Drills,Auto-Detecting...
0:05:49.833333,60,1,Dead Ball: Slow play or recovery needed,Open Play: Scanning for teammates recommended,Vision & Switch Play Drills,Auto-Detecting...
0:05:50,60,1,Dead Ball: Slow play or recovery needed,Open Play: Scanning for teammates recommended,Vision & Switch Play Drills,Auto-Detecting...
0:05:50.166667,60,1,Dead Ball: Slow play or recovery needed,Open Play: Scanning for teammates recommended,Vision & Switch Play Drills,Auto-Detecting...
0:05:50.333333,60,1,Dead Ball: Slow play or recovery needed,Open Play: Scanning for teammates recommended,Vision & Switch Play Drills,Auto-Detecting...
0:05:50.500000,60,1,Pass Intensity: High (Good for breaking lines),Open Play: Scanning for teammates recommended,Vision & Switch Play Drills,Auto-Detecting...
0:05:50.666667,60,1,Pass Intensity: High (Good for breaking lines),Open Play: Scanning for teammates recommended,Vision & Switch Play Drills,Auto-Detecting...
0:05:50.833333,60,0,Dead Ball: Slow play or recovery needed,Open Play: Scanning for teammates recommended,Vision & Switch Play Drills,Auto-Detecting...
0:05:51,60,1,Dead Ball: Slow play or recovery needed,Open Play: Scanning for teammates recommended,Vision & Switch Play Drills,Auto-Detecting...
0:05:51.166667,60,1,Dead Ball: Slow play or recovery needed,Open Play: Scanning for teammates recommended,Vision & Switch Play Drills,Auto-Detecting...
0:05:51.333333,60,1,Dead Ball: Slow play or recovery needed,Open Play: Scanning for teammates recommended,Vision & Switch Play Drills,Auto-Detecting...
0:05:51.500000,60,1,Pass Intensity: High (Good for breaking lines),Open Play: Scanning for teammates recommended,Vision & Switch Play Drills,Auto-Detecting...
0:05:51.666667,60,0,Dead Ball: Slow play or recovery needed,Open Play: Scanning for teammates recommended,Vision & Switch Play Drills,Auto-Detecting...
0:05:51.833333,60,0,Dead Ball: Slow play or recovery needed,Open Play: Scanning for teammates recommended,Vision & Switch Play Drills,Auto-Detecting...
0:05:52,60,0,Dead Ball: Slow play or recovery needed,Open Play: Scanning for teammates recommended,Vision & Switch Play Drills,Auto-Detecting...
0:05:52.166667,60,0,Dead Ball: Slow play or recovery needed,Open Play: Scanning for teammates recommended,Vision & Switch Play Drills,Auto-Detecting...
0:05:52.333333,60,0,Calculating...,Open Play: Scanning for teammates recommended,Vision & Switch Play Drills,Auto-Detecting...
0:05:52.500000,60,0,Dead Ball: Slow play or recovery needed,Open Play: Scanning for teammates recommended,Vision & Switch Play Drills,Auto-Detecting...
0:05:52.666667,60,0,Calculating...,Open Play: Scanning for teammates recommended,Vision & Switch Play Drills,Auto-Detecting...
0:05:52.833333,60,0,Dead Ball: Slow play or recovery needed,Open Play: Scanning for teammates recommended,Vision & Switch Play Drills,Auto-Detecting...
0:05:53,60,0,Calculating...,Open Play: Scanning for teammates recommended,Vision & Switch Play Drills,Auto-Detecting...
0:05:53.166667,60,0,Calculating...,Open Play: Scanning for teammates recommended,Vision & Switch Play Drills,Auto-Detecting...
0:05:53.333333,60,0,Dead Ball: Slow play or recovery needed,Open Play: Scanning for teammates recommended,Vision & Switch Play Drills,Auto-Detecting...
0:05:53.500000,60,1,Calculating...,Open Play: Scanning for teammates recommended,Vision & Switch Play Drills,Auto-Detecting...
0:05:53.666667,60,1,Calculating...,Open Play: Scanning for teammates recommended,Vision & Switch Play Drills,Auto-Detecting...
0:05:53.833333,60,0,Pass Intensity: High (Good for breaking lines),Open Play: Scanning for teammates recommended,Vision & Switch Play Drills,Auto-Detecting...
0:05:54,60,0,Pass Intensity: High (Good for breaking lines),Open Play: Scanning for teammates recommended,Vision & Switch Play Drills,Auto-Detecting...
0:05:54.166667,60,0,Calculating...,Open Play: Scanning for teammates recommended,Vision & Switch Play Drills,Auto-Detecting...
0:05:54.333333,60,0,Calculating...,Open Play: Scanning for teammates recommended,Vision & Switch Play Drills,Auto-Detecting...
0:05:54.500000,60,0,Dead Ball: Slow play or recovery needed,Open Play: Scanning for teammates recommended,Vision & Switch Play Drills,Auto-Detecting...
0:05:54.666667,60,0,Calculating...,Open Play: Scanning for teammates recommended,Vision & Switch Play Drills,Auto-Detecting...
0:05:54.833333,60,0,Calculating...,Open Play: Scanning for teammates recommended,Vision & Switch Play Drills,Auto-Detecting...
0:05:55,60,0,Dead Ball: Slow play or recovery needed,Open Play: Scanning for teammates recommended,Vision & Switch Play Drills,Auto-Detecting...
0:05:55.166667,60,0,Dead Ball: Slow play or recovery needed,Open Play: Scanning for teammates recommended,Vision & Switch Play Drills,Auto-Detecting...
0:05:55.333333,60,0,Dead Ball: Slow play or recovery needed,Open Play: Scanning for teammates recommended,Vision & Switch Play Drills,Auto-Detecting...
0:05:55.500000,60,0,Dead Ball: Slow play or recovery needed,Open Play: Scanning for teammates recommended,Vision & Switch Play Drills,Auto-Detecting...
0:05:55.666667,60,0,Dead Ball: Slow play or recovery needed,Open Play: Scanning for teammates recommended,Vision & Switch Play Drills,Auto-Detecting...
0:05:55.833333,60,0,Calculating...,Open Play: Scanning for teammates recommended,Vision & Switch Play Drills,Auto-Detecting...
0:05:56,60,0,Calculating...,Open Play: Scanning for teammates recommended,Vision & Switch Play Drills,Auto-Detecting...
0:05:56.166667,60,0,Dead Ball: Slow play or recovery needed,Open Play: Scanning for teammates recommended,Vision & Switch Play Drills,Auto-Detecting...
0:05:56.333333,60,0,Dead Ball: Slow play or recovery needed,Open Play: Scanning for teammates recommended,Vision & Switch Play Drills,Auto-Detecting...
0:05:56.500000,100,1,Pass Intensity: High (Good for breaking lines),Control: Excellent Close-quarter Handling,Maintain Daily Progress,Auto-Detecting...
0:05:56.666667,60,0,Pass Intensity: High (Good for breaking lines),Open Play: Scanning for teammates recommended,Vision & Switch Play Drills,Auto-Detecting...
0:05:56.833333,60,0,Dead Ball: Slow play or recovery needed,Open Play: Scanning for teammates recommended,Vision & Switch Play Drills,Auto-Detecting...
0:05:57,60,0,Pass Intensity: High (Good for breaking lines),Open Play: Scanning for teammates recommended,Vision & Switch Play Drills,Auto-Detecting...
0:05:57.166667,60,0,Calculating...,Open Play: Scanning for teammates recommended,Vision & Switch Play Drills,Auto-Detecting...
0:05:57.333333,60,0,Pass Intensity: High (Good for breaking lines),Open Play: Scanning for teammates recommended,Vision & Switch Play Drills,Auto-Detecting...
0:05:57.500000,60,1,Pass Intensity: High (Good for breaking lines),Open Play: Scanning for teammates recommended,Vision & Switch Play Drills,Auto-Detecting...
0:05:57.666667,60,0,Pass Intensity: High (Good for breaking lines),Open Play: Scanning for teammates recommended,Vision & Switch Play Drills,Auto-Detecting...
0:05:57.833333,60,0,Pass Intensity: High (Good for breaking lines),Open Play: Scanning for teammates recommended,Vision & Switch Play Drills,Auto-Detecting...
0:05:58,60,0,Pass Intensity: High (Good for breaking lines),Open Play: Scanning for teammates recommended,Vision & Switch Play Drills,Auto-Detecting...
0:05:58.166667,60,0,Pass Intensity: High (Good for breaking lines),Open Play: Scanning for teammates recommended,Vision & Switch Play Drills,Auto-Detecting...
0:05:58.333333,60,0,Pass Intensity: High (Good for breaking lines),Open Play: Scanning for teammates recommended,Vision & Switch Play Drills,Auto-Detecting...
0:05:58.500000,60,0,Pass Intensity: High (Good for breaking lines),Open Play: Scanning for teammates recommended,Vision & Switch Play Drills,Auto-Detecting...
0:05:58.666667,60,1,Pass Intensity: High (Good for breaking lines),Open Play: Scanning for teammates recommended,Vision & Switch Play Drills,Auto-Detecting...
0:05:58.833333,60,0,Pass Intensity: High (Good for breaking lines),Open Play: Scanning for teammates recommended,Vision & Switch Play Drills,Auto-Detecting...
0:05:59,60,0,Pass Intensity: High (Good for breaking lines),Open Play: Scanning for teammates recommended,Vision & Switch Play Drills,Auto-Detecting...
0:05:59.166667,60,0,Pass Intensity: High (Good for breaking lines),Open Play: Scanning for teammates recommended,Vision & Switch Play Drills,Auto-Detecting...
0:05:59.333333,60,0,Calculating...,Open Play: Scanning for teammates recommended,Vision & Switch Play Drills,Auto-Detecting...
0:05:59.500000,60,0,Calculating...,Open Play: Scanning for teammates recommended,Vision & Switch Play Drills,Auto-Detecting...
0:05:59.666667,60,0,Dead Ball: Slow play or recovery needed,Open Play: Scanning for teammates recommended,Vision & Switch Play Drills,Auto-Detecting...
0:05:59.833333,100,1,Calculating...,Control: Excellent Close-quarter Handling,Maintain Daily Progress,Auto-Detecting...
0:06:00,60,0,Pass Intensity: High (Good for breaking lines),Open Play: Scanning for teammates recommended,Vision & Switch Play Drills,Auto-Detecting...
0:06:00.166667,60,0,Pass Intensity: High (Good for breaking lines),Open Play: Scanning for teammates recommended,Vision & Switch Play Drills,Auto-Detecting...
0:06:00.333333,60,0,Pass Intensity: High (Good for breaking lines),Open Play: Scanning for teammates recommended,Vision & Switch Play Drills,Auto-Detecting...
0:06:00.500000,60,0,Pass Intensity: High (Good for breaking lines),Open Play: Scanning for teammates recommended,Vision & Switch Play Drills,Auto-Detecting...
0:06:00.666667,60,0,Calculating...,Open Play: Scanning for teammates recommended,Vision & Switch Play Drills,Auto-Detecting...
0:06:00.833333,60,0,Calculating...,Open Play: Scanning for teammates recommended,Vision & Switch Play Drills,Auto-Detecting...
0:06:01,60,0,Dead Ball: Slow play or recovery needed,Open Play: Scanning for teammates recommended,Vision & Switch Play Drills,Auto-Detecting...
0:06:01.166667,60,0,Pass Intensity: High (Good for breaking lines),Open Play: Scanning for teammates recommended,Vision & Switch Play Drills,Auto-Detecting...
0:06:01.333333,60,0,Pass Intensity: High (Good for breaking lines),Open Play: Scanning for teammates recommended,Vision & Switch Play Drills,Auto-Detecting...
0:06:01.500000,60,0,Pass Intensity: High (Good for breaking lines),Open Play: Scanning for teammates recommended,Vision & Switch Play Drills,Auto-Detecting...
0:06:01.666667,60,0,Calculating...,Open Play: Scanning for teammates recommended,Vision & Switch Play Drills,Auto-Detecting...
0:06:01.833333,60,0,Pass Intensity: High (Good for breaking lines),Open Play: Scanning for teammates recommended,Vision & Switch Play Drills,Auto-Detecting...
0:06:02,60,2,Pass Intensity: High (Good for breaking lines),Open Play: Scanning for teammates recommended,Vision & Switch Play Drills,Auto-Detecting...
0:06:02.166667,60,0,Pass Intensity: High (Good for breaking lines),Open Play: Scanning for teammates recommended,Vision & Switch Play Drills,Auto-Detecting...
0:06:02.333333,60,0,Calculating...,Open Play: Scanning for teammates recommended,Vision & Switch Play Drills,Auto-Detecting...
0:06:02.500000,60,0,Calculating...,Open Play: Scanning for teammates recommended,Vision & Switch Play Drills,Auto-Detecting...
0:06:02.666667,60,0,Calculating...,Open Play: Scanning for teammates recommended,Vision & Switch Play Drills,Auto-Detecting...
0:06:02.833333,60,0,Pass Intensity: High (Good for breaking lines),Open Play: Scanning for teammates recommended,Vision & Switch Play Drills,Auto-Detecting...
0:06:03,60,0,Calculating...,Open Play: Scanning for teammates recommended,Vision & Switch Play Drills,Auto-Detecting...
0:06:03.166667,60,0,Pass Intensity: High (Good for breaking lines),Open Play: Scanning for teammates recommended,Vision & Switch Play Drills,Auto-Detecting...
0:06:03.333333,60,0,Pass Intensity: High (Good for breaking lines),Open Play: Scanning for teammates recommended,Vision & Switch Play Drills,Auto-Detecting...
0:06:03.500000,60,1,Calculating...,Open Play: Scanning for teammates recommended,Vision & Switch Play Drills,Auto-Detecting...
0:06:03.666667,60,0,Pass Intensity: High (Good for breaking lines),Open Play: Scanning for teammates recommended,Vision & Switch Play Drills,Auto-Detecting...
0:06:03.833333,60,0,Pass Intensity: High (Good for breaking lines),Open Play: Scanning for teammates recommended,Vision & Switch Play Drills,Auto-Detecting...
0:06:04,60,0,Calculating...,Open Play: Scanning for teammates recommended,Vision & Switch Play Drills,Auto-Detecting...
0:06:04.166667,60,0,Pass Intensity: High (Good for breaking lines),Open Play: Scanning for teammates recommended,Vision & Switch Play Drills,Auto-Detecting...
0:06:04.333333,60,0,Calculating...,Open Play: Scanning for teammates recommended,Vision & Switch Play Drills,Auto-Detecting...
0:06:04.500000,60,0,Calculating...,Open Play: Scanning for teammates recommended,Vision & Switch Play Drills,Auto-Detecting...
0:06:04.666667,60,0,Calculating...,Open Play: Scanning for teammates recommended,Vision & Switch Play Drills,Auto-Detecting...
0:06:04.833333,60,0,Calculating...,Open Play: Scanning for teammates recommended,Vision & Switch Play Drills,Auto-Detecting...
0:06:05,60,0,Calculating...,Open Play: Scanning for teammates recommended,Vision & Switch Play Drills,Auto-Detecting...
0:06:05.166667,60,0,Calculating...,Open Play: Scanning for teammates recommended,Vision & Switch Play Drills,Auto-Detecting...
0:06:05.333333,60,1,Calculating...,Open Play: Scanning for teammates recommended,Vision & Switch Play Drills,Auto-Detecting...
0:06:05.500000,60,0,Calculating...,Open Play: Scanning for teammates recommended,Vision & Switch Play Drills,Auto-Detecting...
0:06:05.666667,60,0,Pass Intensity: High (Good for breaking lines),Open Play: Scanning for teammates recommended,Vision & Switch Play Drills,Auto-Detecting...
0:06:05.833333,60,0,Calculating...,Open Play: Scanning for teammates recommended,Vision & Switch Play Drills,Auto-Detecting...
0:06:06,60,3,Pass Intensity: High (Good for breaking lines),Alert: Heavy Touch under Pressure,Tight Space Dribbling (Cone Drills),Auto-Detecting...
0:06:06.166667,60,0,Pass Intensity: High (Good for breaking lines),Open Play: Scanning for teammates recommended,Vision & Switch Play Drills,Auto-Detecting...
0:06:06.333333,60,1,Calculating...,Open Play: Scanning for teammates recommended,Vision & Switch Play Drills,Auto-Detecting...
0:06:06.500000,60,1,Calculating...,Open Play: Scanning for teammates recommended,Vision & Switch Play Drills,Auto-Detecting...
0:06:06.666667,60,4,Dead Ball: Slow play or recovery needed,Alert: Heavy Touch under Pressure,Tight Space Dribbling (Cone Drills),Auto-Detecting...
0:06:06.833333,60,2,Calculating...,Open Play: Scanning for teammates recommended,Vision & Switch Play Drills,Auto-Detecting...
0:06:07,60,1,Dead Ball: Slow play or recovery needed,Open Play: Scanning for teammates recommended,Vision & Switch Play Drills,Auto-Detecting...
0:06:07.166667,60,1,Pass Intensity: High (Good for breaking lines),Open Play: Scanning for teammates recommended,Vision & Switch Play Drills,Auto-Detecting...
0:06:07.333333,60,0,Pass Intensity: High (Good for breaking lines),Open Play: Scanning for teammates recommended,Vision & Switch Play Drills,Auto-Detecting...
0:06:07.500000,60,1,Pass Intensity: High (Good for breaking lines),Open Play: Scanning for teammates recommended,Vision & Switch Play Drills,Auto-Detecting...
0:06:07.666667,60,0,Pass Intensity: High (Good for breaking lines),Open Play: Scanning for teammates recommended,Vision & Switch Play Drills,Auto-Detecting...
0:06:07.833333,60,0,Calculating...,Open Play: Scanning for teammates recommended,Vision & Switch Play Drills,Auto-Detecting...
0:06:08,60,0,Calculating...,Open Play: Scanning for teammates recommended,Vision & Switch Play Drills,Auto-Detecting...
0:06:08.166667,60,0,Calculating...,Open Play: Scanning for teammates recommended,Vision & Switch Play Drills,Auto-Detecting...
0:06:08.333333,60,0,Calculating...,Open Play: Scanning for teammates recommended,Vision & Switch Play Drills,Auto-Detecting...
0:06:08.500000,60,0,Dead Ball: Slow play or recovery needed,Open Play: Scanning for teammates recommended,Vision & Switch Play Drills,Auto-Detecting...
0:06:08.666667,60,0,Dead Ball: Slow play or recovery needed,Open Play: Scanning for teammates recommended,Vision & Switch Play Drills,Auto-Detecting...
0:06:08.833333,60,0,Dead Ball: Slow play or recovery needed,Open Play: Scanning for teammates recommended,Vision & Switch Play Drills,Auto-Detecting...
0:06:09,60,0,Dead Ball: Slow play or recovery needed,Open Play: Scanning for teammates recommended,Vision & Switch Play Drills,Auto-Detecting...
0:06:09.166667,60,0,Dead Ball: Slow play or recovery needed,Open Play: Scanning for teammates recommended,Vision & Switch Play Drills,Auto-Detecting...
0:06:09.333333,60,0,Dead Ball: Slow play or recovery needed,Open Play: Scanning for teammates recommended,Vision & Switch Play Drills,Auto-Detecting...
0:06:09.500000,60,0,Dead Ball: Slow play or recovery needed,Open Play: Scanning for teammates recommended,Vision & Switch Play Drills,Auto-Detecting...
0:06:09.666667,60,0,Calculating...,Open Play: Scanning for teammates recommended,Vision & Switch Play Drills,Auto-Detecting...
0:06:09.833333,60,0,Pass Intensity: High (Good for breaking lines),Open Play: Scanning for teammates recommended,Vision & Switch Play Drills,Auto-Detecting...
0:06:10,60,0,Calculating...,Open Play: Scanning for teammates recommended,Vision & Switch Play Drills,Auto-Detecting...
0:06:10.166667,60,0,Calculating...,Open Play: Scanning for teammates recommended,Vision & Switch Play Drills,Auto-Detecting...
0:06:10.333333,60,0,Dead Ball: Slow play or recovery needed,Open Play: Scanning for teammates recommended,Vision & Switch Play Drills,Auto-Detecting...
0:06:10.500000,60,0,Pass Intensity: High (Good for breaking lines),Open Play: Scanning for teammates recommended,Vision & Switch Play Drills,Auto-Detecting...
0:06:10.666667,60,1,Calculating...,Open Play: Scanning for teammates recommended,Vision & Switch Play Drills,Auto-Detecting...
0:06:10.833333,60,0,Calculating...,Open Play: Scanning for teammates recommended,Vision & Switch Play Drills,Auto-Detecting...
0:06:11,60,0,Calculating...,Open Play: Scanning for teammates recommended,Vision & Switch Play Drills,Auto-Detecting...
0:06:11.166667,60,0,Calculating...,Open Play: Scanning for teammates recommended,Vision & Switch Play Drills,Auto-Detecting...
0:06:11.333333,60,1,Dead Ball: Slow play or recovery needed,Open Play: Scanning for teammates recommended,Vision & Switch Play Drills,Auto-Detecting...
0:06:11.500000,60,0,Calculating...,Open Play: Scanning for teammates recommended,Vision & Switch Play Drills,Auto-Detecting...
0:06:11.666667,60,1,Calculating...,Open Play: Scanning for teammates recommended,Vision & Switch Play Drills,Auto-Detecting...
0:06:11.833333,60,2,Calculating...,Open Play: Scanning for teammates recommended,Vision & Switch Play Drills,Auto-Detecting...
0:06:12,60,0,Calculating...,Open Play: Scanning for teammates recommended,Vision & Switch Play Drills,Auto-Detecting...
0:06:12.166667,60,1,Pass Intensity: High (Good for breaking lines),Open Play: Scanning for teammates recommended,Vision & Switch Play Drills,Auto-Detecting...
0:06:12.333333,60,0,Calculating...,Open Play: Scanning for teammates recommended,Vision & Switch Play Drills,Auto-Detecting...
0:06:12.500000,100,1,Calculating...,Control: Excellent Close-quarter Handling,Maintain Daily Progress,Auto-Detecting...
0:06:12.666667,60,0,Calculating...,Open Play: Scanning for teammates recommended,Vision & Switch Play Drills,Auto-Detecting...
0:06:12.833333,60,0,Pass Intensity: High (Good for breaking lines),Open Play: Scanning for teammates recommended,Vision & Switch Play Drills,Auto-Detecting...
0:06:13,60,0,Pass Intensity: High (Good for breaking lines),Open Play: Scanning for teammates recommended,Vision & Switch Play Drills,Auto-Detecting...
0:06:13.166667,60,0,Calculating...,Open Play: Scanning for teammates recommended,Vision & Switch Play Drills,Auto-Detecting...
0:06:13.333333,60,0,Calculating...,Open Play: Scanning for teammates recommended,Vision & Switch Play Drills,Auto-Detecting...
0:06:13.500000,60,0,Calculating...,Open Play: Scanning for teammates recommended,Vision & Switch Play Drills,Auto-Detecting...
0:06:13.666667,60,0,Calculating...,Open Play: Scanning for teammates recommended,Vision & Switch Play Drills,Auto-Detecting...
0:06:13.833333,60,0,Pass Intensity: High (Good for breaking lines),Open Play: Scanning for teammates recommended,Vision & Switch Play Drills,Auto-Detecting...
0:06:14,60,0,Calculating...,Open Play: Scanning for teammates recommended,Vision & Switch Play Drills,Auto-Detecting...
0:06:14.166667,60,0,Pass Intensity: High (Good for breaking lines),Open Play: Scanning for teammates recommended,Vision & Switch Play Drills,Auto-Detecting...
0:06:14.333333,60,0,Calculating...,Open Play: Scanning for teammates recommended,Vision & Switch Play Drills,Auto-Detecting...
0:06:14.500000,60,0,Pass Intensity: High (Good for breaking lines),Open Play: Scanning for teammates recommended,Vision & Switch Play Drills,Auto-Detecting...
0:06:14.666667,60,0,Dead Ball: Slow play or recovery needed,Open Play: Scanning for teammates recommended,Vision & Switch Play Drills,Auto-Detecting...
0:06:14.833333,60,0,Pass Intensity: High (Good for breaking lines),Open Play: Scanning for teammates recommended,Vision & Switch Play Drills,Auto-Detecting...
0:06:15,60,0,Calculating...,Open Play: Scanning for teammates recommended,Vision & Switch Play Drills,Auto-Detecting...
0:06:15.166667,60,0,Calculating...,Open Play: Scanning for teammates recommended,Vision & Switch Play Drills,Auto-Detecting...
0:06:15.333333,60,0,Calculating...,Open Play: Scanning for teammates recommended,Vision & Switch Play Drills,Auto-Detecting...
0:06:15.500000,60,0,Calculating...,Open Play: Scanning for teammates recommended,Vision & Switch Play Drills,Auto-Detecting...
0:06:15.666667,60,0,Pass Intensity: High (Good for breaking lines),Open Play: Scanning for teammates recommended,Vision & Switch Play Drills,Auto-Detecting...
0:06:15.833333,60,0,Pass Intensity: High (Good for breaking lines),Open Play: Scanning for teammates recommended,Vision & Switch Play Drills,Auto-Detecting...
0:06:16,60,0,Calculating...,Open Play: Scanning for teammates recommended,Vision & Switch Play Drills,Auto-Detecting...
0:06:16.166667,60,0,Calculating...,Open Play: Scanning for teammates recommended,Vision & Switch Play Drills,Auto-Detecting...
0:06:16.333333,60,0,Calculating...,Open Play: Scanning for teammates recommended,Vision & Switch Play Drills,Auto-Detecting...
0:06:16.500000,60,0,Pass Intensity: High (Good for breaking lines),Open Play: Scanning for teammates recommended,Vision & Switch Play Drills,Auto-Detecting...
0:06:16.666667,60,1,Pass Intensity: High (Good for breaking lines),Open Play: Scanning for teammates recommended,Vision & Switch Play Drills,Auto-Detecting...
0:06:16.833333,60,0,Pass Intensity: High (Good for breaking lines),Open Play: Scanning for teammates recommended,Vision & Switch Play Drills,Auto-Detecting...
0:06:17,60,0,Calculating...,Open Play: Scanning for teammates recommended,Vision & Switch Play Drills,Auto-Detecting...
0:06:17.166667,60,0,Pass Intensity: High (Good for breaking lines),Open Play: Scanning for teammates recommended,Vision & Switch Play Drills,Auto-Detecting...
0:06:17.333333,60,0,Pass Intensity: High (Good for breaking lines),Open Play: Scanning for teammates recommended,Vision & Switch Play Drills,Auto-Detecting...
0:06:17.500000,60,0,Calculating...,Open Play: Scanning for teammates recommended,Vision & Switch Play Drills,Auto-Detecting...
0:06:17.666667,60,0,Pass Intensity: High (Good for breaking lines),Open Play: Scanning for teammates recommended,Vision & Switch Play Drills,Auto-Detecting...
0:06:17.833333,60,0,Calculating...,Open Play: Scanning for teammates recommended,Vision & Switch Play Drills,Auto-Detecting...
0:06:18,60,0,Pass Intensity: High (Good for breaking lines),Open Play: Scanning for teammates recommended,Vision & Switch Play Drills,Auto-Detecting...
0:06:18.166667,60,0,Pass Intensity: High (Good for breaking lines),Open Play: Scanning for teammates recommended,Vision & Switch Play Drills,Auto-Detecting...
0:06:18.333333,60,0,Pass Intensity: High (Good for breaking lines),Open Play: Scanning for teammates recommended,Vision & Switch Play Drills,Auto-Detecting...
0:06:18.500000,60,0,Calculating...,Open Play: Scanning for teammates recommended,Vision & Switch Play Drills,Auto-Detecting...
0:06:18.666667,60,0,Calculating...,Open Play: Scanning for teammates recommended,Vision & Switch Play Drills,Auto-Detecting...
0:06:18.833333,60,0,Pass Intensity: High (Good for breaking lines),Open Play: Scanning for teammates recommended,Vision & Switch Play Drills,Auto-Detecting...
0:06:19,60,0,Pass Intensity: High (Good for breaking lines),Open Play: Scanning for teammates recommended,Vision & Switch Play Drills,Auto-Detecting...
0:06:19.166667,60,1,Pass Intensity: High (Good for breaking lines),Open Play: Scanning for teammates recommended,Vision & Switch Play Drills,Auto-Detecting...
0:06:19.333333,60,0,Pass Intensity: High (Good for breaking lines),Open Play: Scanning for teammates recommended,Vision & Switch Play Drills,Auto-Detecting...
0:06:19.500000,60,0,Dead Ball: Slow play or recovery needed,Open Play: Scanning for teammates recommended,Vision & Switch Play Drills,Auto-Detecting...
0:06:19.666667,60,0,Dead Ball: Slow play or recovery needed,Open Play: Scanning for teammates recommended,Vision & Switch Play Drills,Auto-Detecting...
0:06:19.833333,60,0,Dead Ball: Slow play or recovery needed,Open Play: Scanning for teammates recommended,Vision & Switch Play Drills,Auto-Detecting...
0:06:20,60,0,Dead Ball: Slow play or recovery needed,Open Play: Scanning for teammates recommended,Vision & Switch Play Drills,Auto-Detecting...
0:06:20.166667,60,0,Dead Ball: Slow play or recovery needed,Open Play: Scanning for teammates recommended,Vision & Switch Play Drills,Auto-Detecting...
0:06:20.333333,60,0,Dead Ball: Slow play or recovery needed,Open Play: Scanning for teammates recommended,Vision & Switch Play Drills,Auto-Detecting...
0:06:20.500000,60,0,Dead Ball: Slow play or recovery needed,Open Play: Scanning for teammates recommended,Vision & Switch Play Drills,Auto-Detecting...
0:06:20.666667,60,0,Pass Intensity: High (Good for breaking lines),Open Play: Scanning for teammates recommended,Vision & Switch Play Drills,Auto-Detecting...
0:06:20.833333,60,0,Dead Ball: Slow play or recovery needed,Open Play: Scanning for teammates recommended,Vision & Switch Play Drills,Auto-Detecting...
0:06:21,60,1,Calculating...,Open Play: Scanning for teammates recommended,Vision & Switch Play Drills,Auto-Detecting...
0:06:21.166667,60,0,Dead Ball: Slow play or recovery needed,Open Play: Scanning for teammates recommended,Vision & Switch Play Drills,Auto-Detecting...
0:06:21.333333,60,1,Calculating...,Open Play: Scanning for teammates recommended,Vision & Switch Play Drills,Auto-Detecting...
0:06:21.500000,60,0,Dead Ball: Slow play or recovery needed,Open Play: Scanning for teammates recommended,Vision & Switch Play Drills,Auto-Detecting...
0:06:21.666667,60,0,Pass Intensity: High (Good for breaking lines),Open Play: Scanning for teammates recommended,Vision & Switch Play Drills,Auto-Detecting...
0:06:21.833333,60,1,Pass Intensity: High (Good for breaking lines),Open Play: Scanning for teammates recommended,Vision & Switch Play Drills,Auto-Detecting...
0:06:22,60,0,Dead Ball: Slow play or recovery needed,Open Play: Scanning for teammates recommended,Vision & Switch Play Drills,Auto-Detecting...
0:06:22.166667,60,0,Dead Ball: Slow play or recovery needed,Open Play: Scanning for teammates recommended,Vision & Switch Play Drills,Auto-Detecting...
0:06:22.333333,60,0,Dead Ball: Slow play or recovery needed,Open Play: Scanning for teammates recommended,Vision & Switch Play Drills,Auto-Detecting...
0:06:22.500000,60,1,Calculating...,Open Play: Scanning for teammates recommended,Vision & Switch Play Drills,Auto-Detecting...
0:06:22.666667,60,1,Calculating...,Open Play: Scanning for teammates recommended,Vision & Switch Play Drills,Auto-Detecting...
0:06:22.833333,60,1,Calculating...,Open Play: Scanning for teammates recommended,Vision & Switch Play Drills,Auto-Detecting...
0:06:23,60,1,Calculating...,Open Play: Scanning for teammates recommended,Vision & Switch Play Drills,Auto-Detecting...
0:06:23.166667,60,1,Calculating...,Open Play: Scanning for teammates recommended,Vision & Switch Play Drills,Auto-Detecting...
0:06:23.333333,100,1,Calculating...,Control: Excellent Close-quarter Handling,Maintain Daily Progress,Auto-Detecting...
0:06:23.500000,60,1,Calculating...,Open Play: Scanning for teammates recommended,Vision & Switch Play Drills,Auto-Detecting...
0:06:23.666667,100,1,Calculating...,Control: Excellent Close-quarter Handling,Maintain Daily Progress,Auto-Detecting...
0:06:23.833333,100,1,Calculating...,Control: Excellent Close-quarter Handling,Maintain Daily Progress,Auto-Detecting...
0:06:24,100,1,Calculating...,Control: Excellent Close-quarter Handling,Maintain Daily Progress,Auto-Detecting...
0:06:24.166667,100,1,Calculating...,Control: Excellent Close-quarter Handling,Maintain Daily Progress,Auto-Detecting...
0:06:24.333333,100,1,Calculating...,Control: Excellent Close-quarter Handling,Maintain Daily Progress,Auto-Detecting...
0:06:24.500000,60,1,Calculating...,Open Play: Scanning for teammates recommended,Vision & Switch Play Drills,Auto-Detecting...
0:06:24.666667,60,1,Calculating...,Open Play: Scanning for teammates recommended,Vision & Switch Play Drills,Auto-Detecting...
0:06:24.833333,60,1,Calculating...,Open Play: Scanning for teammates recommended,Vision & Switch Play Drills,Auto-Detecting...
0:06:25,100,2,Calculating...,Control: Excellent Close-quarter Handling,Maintain Daily Progress,Auto-Detecting...
0:06:25.166667,100,1,Calculating...,Control: Excellent Close-quarter Handling,Maintain Daily Progress,Auto-Detecting...
0:06:25.333333,60,0,Dead Ball: Slow play or recovery needed,Open Play: Scanning for teammates recommended,Vision & Switch Play Drills,Auto-Detecting...
0:06:25.500000,60,0,Pass Intensity: High (Good for breaking lines),Open Play: Scanning for teammates recommended,Vision & Switch Play Drills,Auto-Detecting...
0:06:25.666667,60,0,Dead Ball: Slow play or recovery needed,Open Play: Scanning for teammates recommended,Vision & Switch Play Drills,Auto-Detecting...
0:06:25.833333,60,0,Dead Ball: Slow play or recovery needed,Open Play: Scanning for teammates recommended,Vision & Switch Play Drills,Auto-Detecting...
0:06:26,60,0,Dead Ball: Slow play or recovery needed,Open Play: Scanning for teammates recommended,Vision & Switch Play Drills,Auto-Detecting...
0:06:26.166667,60,0,Pass Intensity: High (Good for breaking lines),Open Play: Scanning for teammates recommended,Vision & Switch Play Drills,Auto-Detecting...
0:06:26.333333,60,0,Dead Ball: Slow play or recovery needed,Open Play: Scanning for teammates recommended,Vision & Switch Play Drills,Auto-Detecting...
0:06:26.500000,60,0,Dead Ball: Slow play or recovery needed,Open Play: Scanning for teammates recommended,Vision & Switch Play Drills,Auto-Detecting...
0:06:26.666667,60,0,Pass Intensity: High (Good for breaking lines),Open Play: Scanning for teammates recommended,Vision & Switch Play Drills,Auto-Detecting...
0:06:26.833333,60,0,Dead Ball: Slow play or recovery needed,Open Play: Scanning for teammates recommended,Vision & Switch Play Drills,Auto-Detecting...
0:06:27,60,1,Pass Intensity: High (Good for breaking lines),Open Play: Scanning for teammates recommended,Vision & Switch Play Drills,Auto-Detecting...
0:06:27.166667,60,0,Pass Intensity: High (Good for breaking lines),Open Play: Scanning for teammates recommended,Vision & Switch Play Drills,Auto-Detecting...
0:06:27.333333,60,1,Pass Intensity: High (Good for breaking lines),Open Play: Scanning for teammates recommended,Vision & Switch Play Drills,Auto-Detecting...
0:06:27.500000,60,1,Pass Intensity: High (Good for breaking lines),Open Play: Scanning for teammates recommended,Vision & Switch Play Drills,Auto-Detecting...
0:06:27.666667,60,0,Calculating...,Open Play: Scanning for teammates recommended,Vision & Switch Play Drills,Auto-Detecting...
0:06:27.833333,60,0,Dead Ball: Slow play or recovery needed,Open Play: Scanning for teammates recommended,Vision & Switch Play Drills,Auto-Detecting...
0:06:28,60,0,Dead Ball: Slow play or recovery needed,Open Play: Scanning for teammates recommended,Vision & Switch Play Drills,Auto-Detecting...
0:06:28.166667,60,0,Dead Ball: Slow play or recovery needed,Open Play: Scanning for teammates recommended,Vision & Switch Play Drills,Auto-Detecting...
0:06:28.333333,60,0,Calculating...,Open Play: Scanning for teammates recommended,Vision & Switch Play Drills,Auto-Detecting...
0:06:28.500000,60,0,Dead Ball: Slow play or recovery needed,Open Play: Scanning for teammates recommended,Vision & Switch Play Drills,Auto-Detecting...
0:06:28.666667,60,0,Calculating...,Open Play: Scanning for teammates recommended,Vision & Switch Play Drills,Auto-Detecting...
0:06:28.833333,60,0,Dead Ball: Slow play or recovery needed,Open Play: Scanning for teammates recommended,Vision & Switch Play Drills,Auto-Detecting...
0:06:29,60,0,Dead Ball: Slow play or recovery needed,Open Play: Scanning for teammates recommended,Vision & Switch Play Drills,Auto-Detecting...
0:06:29.166667,60,0,Dead Ball: Slow play or recovery needed,Open Play: Scanning for teammates recommended,Vision & Switch Play Drills,Auto-Detecting...
0:06:29.333333,60,0,Dead Ball: Slow play or recovery needed,Open Play: Scanning for teammates recommended,Vision & Switch Play Drills,Auto-Detecting...
0:06:29.500000,60,0,Dead Ball: Slow play or recovery needed,Open Play: Scanning for teammates recommended,Vision & Switch Play Drills,Auto-Detecting...
0:06:29.666667,60,0,Dead Ball: Slow play or recovery needed,Open Play: Scanning for teammates recommended,Vision & Switch Play Drills,Auto-Detecting...
0:06:29.833333,60,0,Dead Ball: Slow play or recovery needed,Open Play: Scanning for teammates recommended,Vision & Switch Play Drills,Auto-Detecting...
0:06:30,60,0,Calculating...,Open Play: Scanning for teammates recommended,Vision & Switch Play Drills,Auto-Detecting...
0:06:30.166667,60,0,Calculating...,Open Play: Scanning for teammates recommended,Vision & Switch Play Drills,Auto-Detecting...
0:06:30.333333,60,0,Calculating...,Open Play: Scanning for teammates recommended,Vision & Switch Play Drills,Auto-Detecting...
0:06:30.500000,60,0,Calculating...,Open Play: Scanning for teammates recommended,Vision & Switch Play Drills,Auto-Detecting...
0:06:30.666667,60,0,Calculating...,Open Play: Scanning for teammates recommended,Vision & Switch Play Drills,Auto-Detecting...
0:06:30.833333,60,0,Pass Intensity: High (Good for breaking lines),Open Play: Scanning for teammates recommended,Vision & Switch Play Drills,Auto-Detecting...
0:06:31,60,0,Calculating...,Open Play: Scanning for teammates recommended,Vision & Switch Play Drills,Auto-Detecting...
0:06:31.166667,60,0,Calculating...,Open Play: Scanning for teammates recommended,Vision & Switch Play Drills,Auto-Detecting...
0:06:31.333333,60,0,Dead Ball: Slow play or recovery needed,Open Play: Scanning for teammates recommended,Vision & Switch Play Drills,Auto-Detecting...
0:06:31.500000,60,0,Pass Intensity: High (Good for breaking lines),Open Play: Scanning for teammates recommended,Vision & Switch Play Drills,Auto-Detecting...
0:06:31.666667,60,0,Pass Intensity: High (Good for breaking lines),Open Play: Scanning for teammates recommended,Vision & Switch Play Drills,Auto-Detecting...
0:06:31.833333,60,0,Dead Ball: Slow play or recovery needed,Open Play: Scanning for teammates recommended,Vision & Switch Play Drills,Auto-Detecting...
0:06:32,60,0,Pass Intensity: High (Good for breaking lines),Open Play: Scanning for teammates recommended,Vision & Switch Play Drills,Auto-Detecting...
0:06:32.166667,60,0,Pass Intensity: High (Good for breaking lines),Open Play: Scanning for teammates recommended,Vision & Switch Play Drills,Auto-Detecting...
0:06:32.333333,60,0,Calculating...,Open Play: Scanning for teammates recommended,Vision & Switch Play Drills,Auto-Detecting...
0:06:32.500000,60,0,Calculating...,Open Play: Scanning for teammates recommended,Vision & Switch Play Drills,Auto-Detecting...
0:06:32.666667,60,0,Calculating...,Open Play: Scanning for teammates recommended,Vision & Switch Play Drills,Auto-Detecting...
0:06:32.833333,60,0,Calculating...,Open Play: Scanning for teammates recommended,Vision & Switch Play Drills,Auto-Detecting...
0:06:33,60,2,Calculating...,Alert: Heavy Touch under Pressure,Tight Space Dribbling (Cone Drills),Auto-Detecting...
0:06:33.166667,60,0,Pass Intensity: High (Good for breaking lines),Open Play: Scanning for teammates recommended,Vision & Switch Play Drills,Auto-Detecting...
0:06:33.333333,60,1,Pass Intensity: High (Good for breaking lines),Open Play: Scanning for teammates recommended,Vision & Switch Play Drills,Auto-Detecting...
0:06:33.500000,60,3,Calculating...,Alert: Heavy Touch under Pressure,Tight Space Dribbling (Cone Drills),Auto-Detecting...
0:06:33.666667,100,3,Pass Intensity: High (Good for breaking lines),Control: Excellent Close-quarter Handling,Maintain Daily Progress,Auto-Detecting...
0:06:33.833333,60,2,Calculating...,Open Play: Scanning for teammates recommended,Vision & Switch Play Drills,Auto-Detecting...
0:06:34,60,1,Pass Intensity: High (Good for breaking lines),Open Play: Scanning for teammates recommended,Vision & Switch Play Drills,Auto-Detecting...
0:06:34.166667,60,2,Calculating...,Alert: Heavy Touch under Pressure,Tight Space Dribbling (Cone Drills),Auto-Detecting...
0:06:34.333333,60,3,Dead Ball: Slow play or recovery needed,Open Play: Scanning for teammates recommended,Vision & Switch Play Drills,Auto-Detecting...
0:06:34.500000,60,1,Dead Ball: Slow play or recovery needed,Open Play: Scanning for teammates recommended,Vision & Switch Play Drills,Auto-Detecting...
0:06:34.666667,60,2,Dead Ball: Slow play or recovery needed,Open Play: Scanning for teammates recommended,Vision & Switch Play Drills,Auto-Detecting...
0:06:34.833333,60,1,Dead Ball: Slow play or recovery needed,Open Play: Scanning for teammates recommended,Vision & Switch Play Drills,Auto-Detecting...
0:06:35,60,1,Pass Intensity: High (Good for breaking lines),Open Play: Scanning for teammates recommended,Vision & Switch Play Drills,Auto-Detecting...
0:06:35.166667,60,1,Calculating...,Open Play: Scanning for teammates recommended,Vision & Switch Play Drills,Auto-Detecting...
0:06:35.333333,60,0,Pass Intensity: High (Good for breaking lines),Open Play: Scanning for teammates recommended,Vision & Switch Play Drills,Auto-Detecting...
0:06:35.500000,60,0,Calculating...,Open Play: Scanning for teammates recommended,Vision & Switch Play Drills,Auto-Detecting...
0:06:35.666667,60,0,Pass Intensity: High (Good for breaking lines),Open Play: Scanning for teammates recommended,Vision & Switch Play Drills,Auto-Detecting...
0:06:35.833333,60,1,Pass Intensity: High (Good for breaking lines),Open Play: Scanning for teammates recommended,Vision & Switch Play Drills,Auto-Detecting...
0:06:36,60,0,Calculating...,Open Play: Scanning for teammates recommended,Vision & Switch Play Drills,Auto-Detecting...
0:06:36.166667,60,0,Pass Intensity: High (Good for breaking lines),Open Play: Scanning for teammates recommended,Vision & Switch Play Drills,Auto-Detecting...
0:06:36.333333,60,0,Calculating...,Open Play: Scanning for teammates recommended,Vision & Switch Play Drills,Auto-Detecting...
0:06:36.500000,60,1,Pass Intensity: High (Good for breaking lines),Open Play: Scanning for teammates recommended,Vision & Switch Play Drills,Auto-Detecting...
0:06:36.666667,60,1,Calculating...,Open Play: Scanning for teammates recommended,Vision & Switch Play Drills,Auto-Detecting...
0:06:36.833333,60,1,Calculating...,Open Play: Scanning for teammates recommended,Vision & Switch Play Drills,Auto-Detecting...
0:06:37,60,1,Pass Intensity: High (Good for breaking lines),Open Play: Scanning for teammates recommended,Vision & Switch Play Drills,Auto-Detecting...
0:06:37.166667,60,1,Calculating...,Open Play: Scanning for teammates recommended,Vision & Switch Play Drills,Auto-Detecting...
0:06:37.333333,60,1,Calculating...,Open Play: Scanning for teammates recommended,Vision & Switch Play Drills,Auto-Detecting...
0:06:37.500000,60,1,Calculating...,Open Play: Scanning for teammates recommended,Vision & Switch Play Drills,Auto-Detecting...
0:06:37.666667,60,1,Dead Ball: Slow play or recovery needed,Open Play: Scanning for teammates recommended,Vision & Switch Play Drills,Auto-Detecting...
0:06:37.833333,60,2,Pass Intensity: High (Good for breaking lines),Alert: Heavy Touch under Pressure,Tight Space Dribbling (Cone Drills),Auto-Detecting...
0:06:38,60,0,Pass Intensity: High (Good for breaking lines),Open Play: Scanning for teammates recommended,Vision & Switch Play Drills,Auto-Detecting...
0:06:38.166667,60,1,Calculating...,Open Play: Scanning for teammates recommended,Vision & Switch Play Drills,Auto-Detecting...
0:06:38.333333,60,1,Dead Ball: Slow play or recovery needed,Open Play: Scanning for teammates recommended,Vision & Switch Play Drills,Auto-Detecting...
0:06:38.500000,60,1,Dead Ball: Slow play or recovery needed,Open Play: Scanning for teammates recommended,Vision & Switch Play Drills,Auto-Detecting...
0:06:38.666667,60,1,Dead Ball: Slow play or recovery needed,Open Play: Scanning for teammates recommended,Vision & Switch Play Drills,Auto-Detecting...
0:06:38.833333,60,2,Calculating...,Alert: Heavy Touch under Pressure,Tight Space Dribbling (Cone Drills),Auto-Detecting...
0:06:39,60,2,Calculating...,Open Play: Scanning for teammates recommended,Vision & Switch Play Drills,Auto-Detecting...
0:06:39.166667,60,1,Calculating...,Open Play: Scanning for teammates recommended,Vision & Switch Play Drills,Auto-Detecting...
0:06:39.333333,60,2,Dead Ball: Slow play or recovery needed,Alert: Heavy Touch under Pressure,Tight Space Dribbling (Cone Drills),Auto-Detecting...
0:06:39.500000,60,1,Calculating...,Open Play: Scanning for teammates recommended,Vision & Switch Play Drills,Auto-Detecting...
0:06:39.666667,60,0,Calculating...,Open Play: Scanning for teammates recommended,Vision & Switch Play Drills,Auto-Detecting...
0:06:39.833333,100,1,Calculating...,Control: Excellent Close-quarter Handling,Maintain Daily Progress,Auto-Detecting...
0:06:40,60,2,Calculating...,Alert: Heavy Touch under Pressure,Tight Space Dribbling (Cone Drills),Auto-Detecting...
0:06:40.166667,60,2,Calculating...,Open Play: Scanning for teammates recommended,Vision & Switch Play Drills,Auto-Detecting...
0:06:40.333333,60,1,Calculating...,Open Play: Scanning for teammates recommended,Vision & Switch Play Drills,Auto-Detecting...
0:06:40.500000,60,1,Dead Ball: Slow play or recovery needed,Open Play: Scanning for teammates recommended,Vision & Switch Play Drills,Auto-Detecting...
0:06:40.666667,60,1,Dead Ball: Slow play or recovery needed,Open Play: Scanning for teammates recommended,Vision & Switch Play Drills,Auto-Detecting...
0:06:40.833333,60,0,Dead Ball: Slow play or recovery needed,Open Play: Scanning for teammates recommended,Vision & Switch Play Drills,Auto-Detecting...
0:06:41,60,1,Dead Ball: Slow play or recovery needed,Open Play: Scanning for teammates recommended,Vision & Switch Play Drills,Auto-Detecting...
0:06:41.166667,60,0,Dead Ball: Slow play or recovery needed,Open Play: Scanning for teammates recommended,Vision & Switch Play Drills,Auto-Detecting...
0:06:41.333333,60,0,Dead Ball: Slow play or recovery needed,Open Play: Scanning for teammates recommended,Vision & Switch Play Drills,Auto-Detecting...
0:06:41.500000,60,0,Pass Intensity: High (Good for breaking lines),Open Play: Scanning for teammates recommended,Vision & Switch Play Drills,Auto-Detecting...
0:06:41.666667,60,0,Dead Ball: Slow play or recovery needed,Open Play: Scanning for teammates recommended,Vision & Switch Play Drills,Auto-Detecting...
0:06:41.833333,60,0,Dead Ball: Slow play or recovery needed,Open Play: Scanning for teammates recommended,Vision & Switch Play Drills,Auto-Detecting...
0:06:42,60,1,Calculating...,Open Play: Scanning for teammates recommended,Vision & Switch Play Drills,Auto-Detecting...
0:06:42.166667,60,1,Dead Ball: Slow play or recovery needed,Open Play: Scanning for teammates recommended,Vision & Switch Play Drills,Auto-Detecting...
0:06:42.333333,60,0,Calculating...,Open Play: Scanning for teammates recommended,Vision & Switch Play Drills,Auto-Detecting...
0:06:42.500000,100,1,Pass Intensity: High (Good for breaking lines),Control: Excellent Close-quarter Handling,Maintain Daily Progress,Auto-Detecting...
0:06:42.666667,60,2,Pass Intensity: High (Good for breaking lines),Alert: Heavy Touch under Pressure,Tight Space Dribbling (Cone Drills),Auto-Detecting...
0:06:42.833333,60,0,Pass Intensity: High (Good for breaking lines),Open Play: Scanning for teammates recommended,Vision & Switch Play Drills,Auto-Detecting...
0:06:43,60,0,Dead Ball: Slow play or recovery needed,Open Play: Scanning for teammates recommended,Vision & Switch Play Drills,Auto-Detecting...
0:06:43.166667,60,0,Dead Ball: Slow play or recovery needed,Open Play: Scanning for teammates recommended,Vision & Switch Play Drills,Auto-Detecting...
0:06:43.333333,60,0,Dead Ball: Slow play or recovery needed,Open Play: Scanning for teammates recommended,Vision & Switch Play Drills,Auto-Detecting...
0:06:43.500000,60,0,Dead Ball: Slow play or recovery needed,Open Play: Scanning for teammates recommended,Vision & Switch Play Drills,Auto-Detecting...
0:06:43.666667,60,0,Dead Ball: Slow play or recovery needed,Open Play: Scanning for teammates recommended,Vision & Switch Play Drills,Auto-Detecting...
0:06:43.833333,60,0,Dead Ball: Slow play or recovery needed,Open Play: Scanning for teammates recommended,Vision & Switch Play Drills,Auto-Detecting...
0:06:44,60,0,Dead Ball: Slow play or recovery needed,Open Play: Scanning for teammates recommended,Vision & Switch Play Drills,Auto-Detecting...
0:06:44.166667,60,0,Dead Ball: Slow play or recovery needed,Open Play: Scanning for teammates recommended,Vision & Switch Play Drills,Auto-Detecting...
0:06:44.333333,60,0,Dead Ball: Slow play or recovery needed,Open Play: Scanning for teammates recommended,Vision & Switch Play Drills,Auto-Detecting...
0:06:44.500000,60,0,Dead Ball: Slow play or recovery needed,Open Play: Scanning for teammates recommended,Vision & Switch Play Drills,Auto-Detecting...
0:06:44.666667,60,0,Dead Ball: Slow play or recovery needed,Open Play: Scanning for teammates recommended,Vision & Switch Play Drills,Auto-Detecting...
0:06:44.833333,60,1,Pass Intensity: High (Good for breaking lines),Open Play: Scanning for teammates recommended,Vision & Switch Play Drills,Auto-Detecting...
0:06:45,60,1,Dead Ball: Slow play or recovery needed,Open Play: Scanning for teammates recommended,Vision & Switch Play Drills,Auto-Detecting...
0:06:45.166667,60,1,Pass Intensity: High (Good for breaking lines),Open Play: Scanning for teammates recommended,Vision & Switch Play Drills,Auto-Detecting...
0:06:45.333333,60,1,Pass Intensity: High (Good for breaking lines),Open Play: Scanning for teammates recommended,Vision & Switch Play Drills,Auto-Detecting...
0:06:45.500000,60,1,Dead Ball: Slow play or recovery needed,Open Play: Scanning for teammates recommended,Vision & Switch Play Drills,Auto-Detecting...
0:06:45.666667,100,3,Calculating...,Control: Excellent Close-quarter Handling,Maintain Daily Progress,Auto-Detecting...
0:06:45.833333,100,2,Calculating...,Control: Excellent Close-quarter Handling,Maintain Daily Progress,Auto-Detecting...
0:06:46,60,2,Pass Intensity: High (Good for breaking lines),Alert: Heavy Touch under Pressure,Tight Space Dribbling (Cone Drills),Auto-Detecting...
0:06:46.166667,60,1,Calculating...,Open Play: Scanning for teammates recommended,Vision & Switch Play Drills,Auto-Detecting...
0:06:46.333333,60,1,Dead Ball: Slow play or recovery needed,Open Play: Scanning for teammates recommended,Vision & Switch Play Drills,Auto-Detecting...
0:06:46.500000,60,0,Dead Ball: Slow play or recovery needed,Open Play: Scanning for teammates recommended,Vision & Switch Play Drills,Auto-Detecting...
0:06:46.666667,60,0,Pass Intensity: High (Good for breaking lines),Open Play: Scanning for teammates recommended,Vision & Switch Play Drills,Auto-Detecting...
0:06:46.833333,60,0,Pass Intensity: High (Good for breaking lines),Open Play: Scanning for teammates recommended,Vision & Switch Play Drills,Auto-Detecting...
0:06:47,60,1,Dead Ball: Slow play or recovery needed,Open Play: Scanning for teammates recommended,Vision & Switch Play Drills,Auto-Detecting...
0:06:47.166667,60,0,Pass Intensity: High (Good for breaking lines),Open Play: Scanning for teammates recommended,Vision & Switch Play Drills,Auto-Detecting...
0:06:47.333333,60,0,Calculating...,Open Play: Scanning for teammates recommended,Vision & Switch Play Drills,Auto-Detecting...
0:06:47.500000,60,0,Dead Ball: Slow play or recovery needed,Open Play: Scanning for teammates recommended,Vision & Switch Play Drills,Auto-Detecting...
0:06:47.666667,60,0,Dead Ball: Slow play or recovery needed,Open Play: Scanning for teammates recommended,Vision & Switch Play Drills,Auto-Detecting...
0:06:47.833333,100,1,Calculating...,Control: Excellent Close-quarter Handling,Maintain Daily Progress,Auto-Detecting...
0:06:48,100,1,Calculating...,Control: Excellent Close-quarter Handling,Maintain Daily Progress,Auto-Detecting...
0:06:48.166667,100,1,Calculating...,Control: Excellent Close-quarter Handling,Maintain Daily Progress,Auto-Detecting...
0:06:48.333333,60,0,Dead Ball: Slow play or recovery needed,Open Play: Scanning for teammates recommended,Vision & Switch Play Drills,Auto-Detecting...
0:06:48.500000,100,1,Calculating...,Control: Excellent Close-quarter Handling,Maintain Daily Progress,Auto-Detecting...
0:06:48.666667,60,0,Dead Ball: Slow play or recovery needed,Open Play: Scanning for teammates recommended,Vision & Switch Play Drills,Auto-Detecting...
0:06:48.833333,60,0,Dead Ball: Slow play or recovery needed,Open Play: Scanning for teammates recommended,Vision & Switch Play Drills,Auto-Detecting...
0:06:49,60,1,Dead Ball: Slow play or recovery needed,Open Play: Scanning for teammates recommended,Vision & Switch Play Drills,Auto-Detecting...
0:06:49.166667,60,3,Pass Intensity: High (Good for breaking lines),Open Play: Scanning for teammates recommended,Vision & Switch Play Drills,Auto-Detecting...
0:06:49.333333,60,2,Calculating...,Open Play: Scanning for teammates recommended,Vision & Switch Play Drills,Auto-Detecting...
0:06:49.500000,60,1,Pass Intensity: High (Good for breaking lines),Open Play: Scanning for teammates recommended,Vision & Switch Play Drills,Auto-Detecting...
0:06:49.666667,60,1,Calculating...,Open Play: Scanning for teammates recommended,Vision & Switch Play Drills,Auto-Detecting...
0:06:49.833333,60,1,Dead Ball: Slow play or recovery needed,Open Play: Scanning for teammates recommended,Vision & Switch Play Drills,Auto-Detecting...
0:06:50,60,2,Dead Ball: Slow play or recovery needed,Open Play: Scanning for teammates recommended,Vision & Switch Play Drills,Auto-Detecting...
0:06:50.166667,60,1,Dead Ball: Slow play or recovery needed,Open Play: Scanning for teammates recommended,Vision & Switch Play Drills,Auto-Detecting...
0:06:50.333333,60,1,Dead Ball: Slow play or recovery needed,Open Play: Scanning for teammates recommended,Vision & Switch Play Drills,Auto-Detecting...
0:06:50.500000,60,0,Dead Ball: Slow play or recovery needed,Open Play: Scanning for teammates recommended,Vision & Switch Play Drills,Auto-Detecting...
0:06:50.666667,60,1,Calculating...,Open Play: Scanning for teammates recommended,Vision & Switch Play Drills,Auto-Detecting...
0:06:50.833333,60,2,Calculating...,Alert: Heavy Touch under Pressure,Tight Space Dribbling (Cone Drills),Auto-Detecting...
0:06:51,60,1,Calculating...,Open Play: Scanning for teammates recommended,Vision & Switch Play Drills,Auto-Detecting...
0:06:51.166667,60,2,Pass Intensity: High (Good for breaking lines),Open Play: Scanning for teammates recommended,Vision & Switch Play Drills,Auto-Detecting...
0:06:51.333333,60,1,Pass Intensity: High (Good for breaking lines),Open Play: Scanning for teammates recommended,Vision & Switch Play Drills,Auto-Detecting...
0:06:51.500000,60,2,Pass Intensity: High (Good for breaking lines),Open Play: Scanning for teammates recommended,Vision & Switch Play Drills,Auto-Detecting...
0:06:51.666667,60,1,Pass Intensity: High (Good for breaking lines),Open Play: Scanning for teammates recommended,Vision & Switch Play Drills,Auto-Detecting...
0:06:51.833333,60,0,Pass Intensity: High (Good for breaking lines),Open Play: Scanning for teammates recommended,Vision & Switch Play Drills,Auto-Detecting...
0:06:52,60,0,Calculating...,Open Play: Scanning for teammates recommended,Vision & Switch Play Drills,Auto-Detecting...
0:06:52.166667,60,0,Pass Intensity: High (Good for breaking lines),Open Play: Scanning for teammates recommended,Vision & Switch Play Drills,Auto-Detecting...
0:06:52.333333,60,1,Pass Intensity: High (Good for breaking lines),Open Play: Scanning for teammates recommended,Vision & Switch Play Drills,Auto-Detecting...
0:06:52.500000,60,1,Pass Intensity: High (Good for breaking lines),Open Play: Scanning for teammates recommended,Vision & Switch Play Drills,Auto-Detecting...
0:06:52.666667,60,0,Calculating...,Open Play: Scanning for teammates recommended,Vision & Switch Play Drills,Auto-Detecting...
0:06:52.833333,60,1,Calculating...,Open Play: Scanning for teammates recommended,Vision & Switch Play Drills,Auto-Detecting...
0:06:53,60,0,Pass Intensity: High (Good for breaking lines),Open Play: Scanning for teammates recommended,Vision & Switch Play Drills,Auto-Detecting...
0:06:53.166667,60,0,Pass Intensity: High (Good for breaking lines),Open Play: Scanning for teammates recommended,Vision & Switch Play Drills,Auto-Detecting...
0:06:53.333333,60,0,Pass Intensity: High (Good for breaking lines),Open Play: Scanning for teammates recommended,Vision & Switch Play Drills,Auto-Detecting...
0:06:53.500000,60,0,Calculating...,Open Play: Scanning for teammates recommended,Vision & Switch Play Drills,Auto-Detecting...
0:06:53.666667,60,0,Pass Intensity: High (Good for breaking lines),Open Play: Scanning for teammates recommended,Vision & Switch Play Drills,Auto-Detecting...
0:06:53.833333,60,0,Pass Intensity: High (Good for breaking lines),Open Play: Scanning for teammates recommended,Vision & Switch Play Drills,Auto-Detecting...
0:06:54,60,0,Pass Intensity: High (Good for breaking lines),Open Play: Scanning for teammates recommended,Vision & Switch Play Drills,Auto-Detecting...
0:06:54.166667,60,0,Pass Intensity: High (Good for breaking lines),Open Play: Scanning for teammates recommended,Vision & Switch Play Drills,Auto-Detecting...
0:06:54.333333,60,0,Pass Intensity: High (Good for breaking lines),Open Play: Scanning for teammates recommended,Vision & Switch Play Drills,Auto-Detecting...
0:06:54.500000,60,0,Pass Intensity: High (Good for breaking lines),Open Play: Scanning for teammates recommended,Vision & Switch Play Drills,Auto-Detecting...
0:06:54.666667,60,0,Pass Intensity: High (Good for breaking lines),Open Play: Scanning for teammates recommended,Vision & Switch Play Drills,Auto-Detecting...
0:06:54.833333,60,0,Dead Ball: Slow play or recovery needed,Open Play: Scanning for teammates recommended,Vision & Switch Play Drills,Auto-Detecting...
0:06:55,60,0,Calculating...,Open Play: Scanning for teammates recommended,Vision & Switch Play Drills,Auto-Detecting...
0:06:55.166667,60,0,Calculating...,Open Play: Scanning for teammates recommended,Vision & Switch Play Drills,Auto-Detecting...
0:06:55.333333,60,1,Calculating...,Open Play: Scanning for teammates recommended,Vision & Switch Play Drills,Auto-Detecting...
0:06:55.500000,60,0,Dead Ball: Slow play or recovery needed,Open Play: Scanning for teammates recommended,Vision & Switch Play Drills,Auto-Detecting...
0:06:55.666667,60,0,Calculating...,Open Play: Scanning for teammates recommended,Vision & Switch Play Drills,Auto-Detecting...
0:06:55.833333,60,0,Calculating...,Open Play: Scanning for teammates recommended,Vision & Switch Play Drills,Auto-Detecting...
0:06:56,60,0,Calculating...,Open Play: Scanning for teammates recommended,Vision & Switch Play Drills,Auto-Detecting...
0:06:56.166667,60,0,Calculating...,Open Play: Scanning for teammates recommended,Vision & Switch Play Drills,Auto-Detecting...
0:06:56.333333,60,0,Calculating...,Open Play: Scanning for teammates recommended,Vision & Switch Play Drills,Auto-Detecting...
0:06:56.500000,60,0,Dead Ball: Slow play or recovery needed,Open Play: Scanning for teammates recommended,Vision & Switch Play Drills,Auto-Detecting...
0:06:56.666667,60,0,Dead Ball: Slow play or recovery needed,Open Play: Scanning for teammates recommended,Vision & Switch Play Drills,Auto-Detecting...
0:06:56.833333,60,3,Pass Intensity: High (Good for breaking lines),Open Play: Scanning for teammates recommended,Vision & Switch Play Drills,Auto-Detecting...
0:06:57,60,3,Pass Intensity: High (Good for breaking lines),Alert: Heavy Touch under Pressure,Tight Space Dribbling (Cone Drills),Auto-Detecting...
0:06:57.166667,100,1,Pass Intensity: High (Good for breaking lines),Control: Excellent Close-quarter Handling,Maintain Daily Progress,Auto-Detecting...
0:06:57.333333,60,1,Calculating...,Open Play: Scanning for teammates recommended,Vision & Switch Play Drills,Auto-Detecting...
0:06:57.500000,60,0,Calculating...,Open Play: Scanning for teammates recommended,Vision & Switch Play Drills,Auto-Detecting...
0:06:57.666667,100,1,Calculating...,Control: Excellent Close-quarter Handling,Maintain Daily Progress,Auto-Detecting...
0:06:57.833333,60,1,Calculating...,Open Play: Scanning for teammates recommended,Vision & Switch Play Drills,Auto-Detecting...
0:06:58,60,0,Pass Intensity: High (Good for breaking lines),Open Play: Scanning for teammates recommended,Vision & Switch Play Drills,Auto-Detecting...
0:06:58.166667,60,0,Pass Intensity: High (Good for breaking lines),Open Play: Scanning for teammates recommended,Vision & Switch Play Drills,Auto-Detecting...
0:06:58.333333,60,0,Calculating...,Open Play: Scanning for teammates recommended,Vision & Switch Play Drills,Auto-Detecting...
0:06:58.500000,60,0,Pass Intensity: High (Good for breaking lines),Open Play: Scanning for teammates recommended,Vision & Switch Play Drills,Auto-Detecting...
0:06:58.666667,60,0,Calculating...,Open Play: Scanning for teammates recommended,Vision & Switch Play Drills,Auto-Detecting...
0:06:58.833333,60,0,Dead Ball: Slow play or recovery needed,Open Play: Scanning for teammates recommended,Vision & Switch Play Drills,Auto-Detecting...
0:06:59,100,1,Pass Intensity: High (Good for breaking lines),Control: Excellent Close-quarter Handling,Maintain Daily Progress,Auto-Detecting...
0:06:59.166667,100,1,Pass Intensity: High (Good for breaking lines),Control: Excellent Close-quarter Handling,Maintain Daily Progress,Auto-Detecting...
0:06:59.333333,60,0,Pass Intensity: High (Good for breaking lines),Open Play: Scanning for teammates recommended,Vision & Switch Play Drills,Auto-Detecting...
0:06:59.500000,60,1,Pass Intensity: High (Good for breaking lines),Open Play: Scanning for teammates recommended,Vision & Switch Play Drills,Auto-Detecting...
0:06:59.666667,60,1,Pass Intensity: High (Good for breaking lines),Open Play: Scanning for teammates recommended,Vision & Switch Play Drills,Auto-Detecting...
0:06:59.833333,100,1,Pass Intensity: High (Good for breaking lines),Control: Excellent Close-quarter Handling,Maintain Daily Progress,Auto-Detecting...
0:07:00,60,1,Pass Intensity: High (Good for breaking lines),Open Play: Scanning for teammates recommended,Vision & Switch Play Drills,Auto-Detecting...
0:07:00.166667,60,0,Pass Intensity: High (Good for breaking lines),Open Play: Scanning for teammates recommended,Vision & Switch Play Drills,Auto-Detecting...
0:07:00.333333,60,0,Pass Intensity: High (Good for breaking lines),Open Play: Scanning for teammates recommended,Vision & Switch Play Drills,Auto-Detecting...
0:07:00.500000,60,0,Pass Intensity: High (Good for breaking lines),Open Play: Scanning for teammates recommended,Vision & Switch Play Drills,Auto-Detecting...
0:07:00.666667,60,0,Calculating...,Open Play: Scanning for teammates recommended,Vision & Switch Play Drills,Auto-Detecting...
0:07:00.833333,60,0,Pass Intensity: High (Good for breaking lines),Open Play: Scanning for teammates recommended,Vision & Switch Play Drills,Auto-Detecting...
0:07:01,60,0,Pass Intensity: High (Good for breaking lines),Open Play: Scanning for teammates recommended,Vision & Switch Play Drills,Auto-Detecting...
0:07:01.166667,60,0,Pass Intensity: High (Good for breaking lines),Open Play: Scanning for teammates recommended,Vision & Switch Play Drills,Auto-Detecting...
0:07:01.333333,60,0,Pass Intensity: High (Good for breaking lines),Open Play: Scanning for teammates recommended,Vision & Switch Play Drills,Auto-Detecting...
0:07:01.500000,60,0,Pass Intensity: High (Good for breaking lines),Open Play: Scanning for teammates recommended,Vision & Switch Play Drills,Auto-Detecting...
0:07:01.666667,60,0,Pass Intensity: High (Good for breaking lines),Open Play: Scanning for teammates recommended,Vision & Switch Play Drills,Auto-Detecting...
0:07:01.833333,60,1,Calculating...,Open Play: Scanning for teammates recommended,Vision & Switch Play Drills,Auto-Detecting...
0:07:02,60,2,Pass Intensity: High (Good for breaking lines),Open Play: Scanning for teammates recommended,Vision & Switch Play Drills,Auto-Detecting...
0:07:02.166667,60,0,Calculating...,Open Play: Scanning for teammates recommended,Vision & Switch Play Drills,Auto-Detecting...
0:07:02.333333,60,0,Pass Intensity: High (Good for breaking lines),Open Play: Scanning for teammates recommended,Vision & Switch Play Drills,Auto-Detecting...
0:07:02.500000,60,1,Pass Intensity: High (Good for breaking lines),Open Play: Scanning for teammates recommended,Vision & Switch Play Drills,Auto-Detecting...
0:07:02.666667,60,0,Pass Intensity: High (Good for breaking lines),Open Play: Scanning for teammates recommended,Vision & Switch Play Drills,Auto-Detecting...
0:07:02.833333,60,0,Pass Intensity: High (Good for breaking lines),Open Play: Scanning for teammates recommended,Vision & Switch Play Drills,Auto-Detecting...
0:07:03,60,0,Pass Intensity: High (Good for breaking lines),Open Play: Scanning for teammates recommended,Vision & Switch Play Drills,Auto-Detecting...
0:07:03.166667,60,1,Pass Intensity: High (Good for breaking lines),Open Play: Scanning for teammates recommended,Vision & Switch Play Drills,Auto-Detecting...
0:07:03.333333,60,1,Pass Intensity: High (Good for breaking lines),Open Play: Scanning for teammates recommended,Vision & Switch Play Drills,Auto-Detecting...
0:07:03.500000,60,0,Pass Intensity: High (Good for breaking lines),Open Play: Scanning for teammates recommended,Vision & Switch Play Drills,Auto-Detecting...
0:07:03.666667,60,0,Pass Intensity: High (Good for breaking lines),Open Play: Scanning for teammates recommended,Vision & Switch Play Drills,Auto-Detecting...
0:07:03.833333,60,1,Pass Intensity: High (Good for breaking lines),Open Play: Scanning for teammates recommended,Vision & Switch Play Drills,Auto-Detecting...
0:07:04,60,0,Pass Intensity: High (Good for breaking lines),Open Play: Scanning for teammates recommended,Vision & Switch Play Drills,Auto-Detecting...
0:07:04.166667,60,1,Pass Intensity: High (Good for breaking lines),Open Play: Scanning for teammates recommended,Vision & Switch Play Drills,Auto-Detecting...
0:07:04.333333,100,1,Calculating...,Control: Excellent Close-quarter Handling,Maintain Daily Progress,Auto-Detecting...
0:07:04.500000,100,1,Calculating...,Control: Excellent Close-quarter Handling,Maintain Daily Progress,Auto-Detecting...
0:07:04.666667,100,1,Calculating...,Control: Excellent Close-quarter Handling,Maintain Daily Progress,Auto-Detecting...
0:07:04.833333,100,1,Calculating...,Control: Excellent Close-quarter Handling,Maintain Daily Progress,Auto-Detecting...
0:07:05,100,1,Calculating...,Control: Excellent Close-quarter Handling,Maintain Daily Progress,Auto-Detecting...
0:07:05.166667,60,1,Calculating...,Open Play: Scanning for teammates recommended,Vision & Switch Play Drills,Auto-Detecting...
0:07:05.333333,60,1,Calculating...,Open Play: Scanning for teammates recommended,Vision & Switch Play Drills,Auto-Detecting...
0:07:05.500000,60,1,Dead Ball: Slow play or recovery needed,Open Play: Scanning for teammates recommended,Vision & Switch Play Drills,Auto-Detecting...
0:07:05.666667,60,1,Dead Ball: Slow play or recovery needed,Open Play: Scanning for teammates recommended,Vision & Switch Play Drills,Auto-Detecting...
0:07:05.833333,60,1,Dead Ball: Slow play or recovery needed,Open Play: Scanning for teammates recommended,Vision & Switch Play Drills,Auto-Detecting...
0:07:06,60,1,Dead Ball: Slow play or recovery needed,Open Play: Scanning for teammates recommended,Vision & Switch Play Drills,Auto-Detecting...
0:07:06.166667,60,1,Dead Ball: Slow play or recovery needed,Open Play: Scanning for teammates recommended,Vision & Switch Play Drills,Auto-Detecting...
0:07:06.333333,60,1,Dead Ball: Slow play or recovery needed,Open Play: Scanning for teammates recommended,Vision & Switch Play Drills,Auto-Detecting...
0:07:06.500000,60,0,Dead Ball: Slow play or recovery needed,Open Play: Scanning for teammates recommended,Vision & Switch Play Drills,Auto-Detecting...
0:07:06.666667,60,1,Dead Ball: Slow play or recovery needed,Open Play: Scanning for teammates recommended,Vision & Switch Play Drills,Auto-Detecting...
0:07:06.833333,60,1,Dead Ball: Slow play or recovery needed,Open Play: Scanning for teammates recommended,Vision & Switch Play Drills,Auto-Detecting...
0:07:07,60,1,Dead Ball: Slow play or recovery needed,Open Play: Scanning for teammates recommended,Vision & Switch Play Drills,Auto-Detecting...
0:07:07.166667,60,0,Dead Ball: Slow play or recovery needed,Open Play: Scanning for teammates recommended,Vision & Switch Play Drills,Auto-Detecting...
0:07:07.333333,60,0,Dead Ball: Slow play or recovery needed,Open Play: Scanning for teammates recommended,Vision & Switch Play Drills,Auto-Detecting...
0:07:07.500000,60,0,Dead Ball: Slow play or recovery needed,Open Play: Scanning for teammates recommended,Vision & Switch Play Drills,Auto-Detecting...
0:07:07.666667,60,1,Dead Ball: Slow play or recovery needed,Open Play: Scanning for teammates recommended,Vision & Switch Play Drills,Auto-Detecting...
0:07:07.833333,60,0,Pass Intensity: High (Good for breaking lines),Open Play: Scanning for teammates recommended,Vision & Switch Play Drills,Auto-Detecting...
0:07:08,60,0,Dead Ball: Slow play or recovery needed,Open Play: Scanning for teammates recommended,Vision & Switch Play Drills,Auto-Detecting...
0:07:08.166667,60,0,Dead Ball: Slow play or recovery needed,Open Play: Scanning for teammates recommended,Vision & Switch Play Drills,Auto-Detecting...
0:07:08.333333,60,0,Dead Ball: Slow play or recovery needed,Open Play: Scanning for teammates recommended,Vision & Switch Play Drills,Auto-Detecting...
0:07:08.500000,60,0,Dead Ball: Slow play or recovery needed,Open Play: Scanning for teammates recommended,Vision & Switch Play Drills,Auto-Detecting...
0:07:08.666667,60,0,Dead Ball: Slow play or recovery needed,Open Play: Scanning for teammates recommended,Vision & Switch Play Drills,Auto-Detecting...
0:07:08.833333,60,0,Dead Ball: Slow play or recovery needed,Open Play: Scanning for teammates recommended,Vision & Switch Play Drills,Auto-Detecting...
0:07:09,60,0,Calculating...,Open Play: Scanning for teammates recommended,Vision & Switch Play Drills,Auto-Detecting...
0:07:09.166667,60,0,Pass Intensity: High (Good for breaking lines),Open Play: Scanning for teammates recommended,Vision & Switch Play Drills,Auto-Detecting...
0:07:09.333333,60,1,Pass Intensity: High (Good for breaking lines),Open Play: Scanning for teammates recommended,Vision & Switch Play Drills,Auto-Detecting...
0:07:09.500000,60,1,Pass Intensity: High (Good for breaking lines),Open Play: Scanning for teammates recommended,Vision & Switch Play Drills,Auto-Detecting...
0:07:09.666667,60,0,Pass Intensity: High (Good for breaking lines),Open Play: Scanning for teammates recommended,Vision & Switch Play Drills,Auto-Detecting...
0:07:09.833333,60,0,Calculating...,Open Play: Scanning for teammates recommended,Vision & Switch Play Drills,Auto-Detecting...
0:07:10,60,0,Pass Intensity: High (Good for breaking lines),Open Play: Scanning for teammates recommended,Vision & Switch Play Drills,Auto-Detecting...
0:07:10.166667,60,0,Pass Intensity: High (Good for breaking lines),Open Play: Scanning for teammates recommended,Vision & Switch Play Drills,Auto-Detecting...
0:07:10.333333,60,0,Calculating...,Open Play: Scanning for teammates recommended,Vision & Switch Play Drills,Auto-Detecting...
0:07:10.500000,60,0,Dead Ball: Slow play or recovery needed,Open Play: Scanning for teammates recommended,Vision & Switch Play Drills,Auto-Detecting...
0:07:10.666667,60,0,Calculating...,Open Play: Scanning for teammates recommended,Vision & Switch Play Drills,Auto-Detecting...
0:07:10.833333,60,0,Dead Ball: Slow play or recovery needed,Open Play: Scanning for teammates recommended,Vision & Switch Play Drills,Auto-Detecting...
0:07:11,60,0,Dead Ball: Slow play or recovery needed,Open Play: Scanning for teammates recommended,Vision & Switch Play Drills,Auto-Detecting...
0:07:11.166667,60,0,Dead Ball: Slow play or recovery needed,Open Play: Scanning for teammates recommended,Vision & Switch Play Drills,Auto-Detecting...
0:07:11.333333,60,0,Dead Ball: Slow play or recovery needed,Open Play: Scanning for teammates recommended,Vision & Switch Play Drills,Auto-Detecting...
0:07:11.500000,60,0,Dead Ball: Slow play or recovery needed,Open Play: Scanning for teammates recommended,Vision & Switch Play Drills,Auto-Detecting...
0:07:11.666667,60,0,Pass Intensity: High (Good for breaking lines),Open Play: Scanning for teammates recommended,Vision & Switch Play Drills,Auto-Detecting...
0:07:11.833333,60,0,Pass Intensity: High (Good for breaking lines),Open Play: Scanning for teammates recommended,Vision & Switch Play Drills,Auto-Detecting...
0:07:12,60,0,Calculating...,Open Play: Scanning for teammates recommended,Vision & Switch Play Drills,Auto-Detecting...
0:07:12.166667,60,0,Pass Intensity: High (Good for breaking lines),Open Play: Scanning for teammates recommended,Vision & Switch Play Drills,Auto-Detecting...
0:07:12.333333,60,0,Calculating...,Open Play: Scanning for teammates recommended,Vision & Switch Play Drills,Auto-Detecting...
0:07:12.500000,60,1,Calculating...,Open Play: Scanning for teammates recommended,Vision & Switch Play Drills,Auto-Detecting...
0:07:12.666667,60,1,Calculating...,Open Play: Scanning for teammates recommended,Vision & Switch Play Drills,Auto-Detecting...
0:07:12.833333,60,1,Calculating...,Open Play: Scanning for teammates recommended,Vision & Switch Play Drills,Auto-Detecting...
0:07:13,100,3,Calculating...,Control: Excellent Close-quarter Handling,Maintain Daily Progress,Auto-Detecting...
0:07:13.166667,60,0,Pass Intensity: High (Good for breaking lines),Open Play: Scanning for teammates recommended,Vision & Switch Play Drills,Auto-Detecting...
0:07:13.333333,60,0,Pass Intensity: High (Good for breaking lines),Open Play: Scanning for teammates recommended,Vision & Switch Play Drills,Auto-Detecting...
0:07:13.500000,60,0,Dead Ball: Slow play or recovery needed,Open Play: Scanning for teammates recommended,Vision & Switch Play Drills,Auto-Detecting...
0:07:13.666667,60,0,Calculating...,Open Play: Scanning for teammates recommended,Vision & Switch Play Drills,Auto-Detecting...
0:07:13.833333,60,1,Pass Intensity: High (Good for breaking lines),Open Play: Scanning for teammates recommended,Vision & Switch Play Drills,Auto-Detecting...
0:07:14,60,0,Calculating...,Open Play: Scanning for teammates recommended,Vision & Switch Play Drills,Auto-Detecting...
0:07:14.166667,60,1,Calculating...,Open Play: Scanning for teammates recommended,Vision & Switch Play Drills,Auto-Detecting...
0:07:14.333333,60,1,Calculating...,Open Play: Scanning for teammates recommended,Vision & Switch Play Drills,Auto-Detecting...
0:07:14.500000,60,1,Calculating...,Open Play: Scanning for teammates recommended,Vision & Switch Play Drills,Auto-Detecting...
0:07:14.666667,60,1,Calculating...,Open Play: Scanning for teammates recommended,Vision & Switch Play Drills,Auto-Detecting...
0:07:14.833333,100,1,Calculating...,Control: Excellent Close-quarter Handling,Maintain Daily Progress,Auto-Detecting...
0:07:15,60,0,Dead Ball: Slow play or recovery needed,Open Play: Scanning for teammates recommended,Vision & Switch Play Drills,Auto-Detecting...
0:07:15.166667,60,0,Pass Intensity: High (Good for breaking lines),Open Play: Scanning for teammates recommended,Vision & Switch Play Drills,Auto-Detecting...
0:07:15.333333,60,0,Calculating...,Open Play: Scanning for teammates recommended,Vision & Switch Play Drills,Auto-Detecting...
0:07:15.500000,60,0,Calculating...,Open Play: Scanning for teammates recommended,Vision & Switch Play Drills,Auto-Detecting...
0:07:15.666667,60,1,Dead Ball: Slow play or recovery needed,Open Play: Scanning for teammates recommended,Vision & Switch Play Drills,Auto-Detecting...
0:07:15.833333,60,1,Calculating...,Open Play: Scanning for teammates recommended,Vision & Switch Play Drills,Auto-Detecting...
0:07:16,100,1,Calculating...,Control: Excellent Close-quarter Handling,Maintain Daily Progress,Auto-Detecting...
0:07:16.166667,100,1,Calculating...,Control: Excellent Close-quarter Handling,Maintain Daily Progress,Auto-Detecting...
0:07:16.333333,60,1,Dead Ball: Slow play or recovery needed,Open Play: Scanning for teammates recommended,Vision & Switch Play Drills,Auto-Detecting...
0:07:16.500000,60,1,Dead Ball: Slow play or recovery needed,Open Play: Scanning for teammates recommended,Vision & Switch Play Drills,Auto-Detecting...
0:07:16.666667,60,0,Dead Ball: Slow play or recovery needed,Open Play: Scanning for teammates recommended,Vision & Switch Play Drills,Auto-Detecting...
0:07:16.833333,60,1,Dead Ball: Slow play or recovery needed,Open Play: Scanning for teammates recommended,Vision & Switch Play Drills,Auto-Detecting...
0:07:17,100,1,Calculating...,Control: Excellent Close-quarter Handling,Maintain Daily Progress,Auto-Detecting...
0:07:17.166667,60,0,Calculating...,Open Play: Scanning for teammates recommended,Vision & Switch Play Drills,Auto-Detecting...
0:07:17.333333,60,0,Calculating...,Open Play: Scanning for teammates recommended,Vision & Switch Play Drills,Auto-Detecting...
0:07:17.500000,60,0,Dead Ball: Slow play or recovery needed,Open Play: Scanning for teammates recommended,Vision & Switch Play Drills,Auto-Detecting...
0:07:17.666667,60,0,Calculating...,Open Play: Scanning for teammates recommended,Vision & Switch Play Drills,Auto-Detecting...
0:07:17.833333,60,0,Pass Intensity: High (Good for breaking lines),Open Play: Scanning for teammates recommended,Vision & Switch Play Drills,Auto-Detecting...
0:07:18,60,0,Pass Intensity: High (Good for breaking lines),Open Play: Scanning for teammates recommended,Vision & Switch Play Drills,Auto-Detecting...
0:07:18.166667,60,0,Pass Intensity: High (Good for breaking lines),Open Play: Scanning for teammates recommended,Vision & Switch Play Drills,Auto-Detecting...
0:07:18.333333,60,0,Calculating...,Open Play: Scanning for teammates recommended,Vision & Switch Play Drills,Auto-Detecting...
0:07:18.500000,60,0,Calculating...,Open Play: Scanning for teammates recommended,Vision & Switch Play Drills,Auto-Detecting...
0:07:18.666667,60,0,Calculating...,Open Play: Scanning for teammates recommended,Vision & Switch Play Drills,Auto-Detecting...
0:07:18.833333,60,0,Dead Ball: Slow play or recovery needed,Open Play: Scanning for teammates recommended,Vision & Switch Play Drills,Auto-Detecting...
0:07:19,60,1,Calculating...,Open Play: Scanning for teammates recommended,Vision & Switch Play Drills,Auto-Detecting...
0:07:19.166667,60,0,Pass Intensity: High (Good for breaking lines),Open Play: Scanning for teammates recommended,Vision & Switch Play Drills,Auto-Detecting...
0:07:19.333333,60,1,Calculating...,Open Play: Scanning for teammates recommended,Vision & Switch Play Drills,Auto-Detecting...
0:07:19.500000,60,1,Pass Intensity: High (Good for breaking lines),Open Play: Scanning for teammates recommended,Vision & Switch Play Drills,Auto-Detecting...
0:07:19.666667,60,0,Pass Intensity: High (Good for breaking lines),Open Play: Scanning for teammates recommended,Vision & Switch Play Drills,Auto-Detecting...
0:07:19.833333,60,0,Pass Intensity: High (Good for breaking lines),Open Play: Scanning for teammates recommended,Vision & Switch Play Drills,Auto-Detecting...
0:07:20,60,1,Pass Intensity: High (Good for breaking lines),Open Play: Scanning for teammates recommended,Vision & Switch Play Drills,Auto-Detecting...
0:07:20.166667,60,0,Calculating...,Open Play: Scanning for teammates recommended,Vision & Switch Play Drills,Auto-Detecting...
0:07:20.333333,60,0,Pass Intensity: High (Good for breaking lines),Open Play: Scanning for teammates recommended,Vision & Switch Play Drills,Auto-Detecting...
0:07:20.500000,60,0,Calculating...,Open Play: Scanning for teammates recommended,Vision & Switch Play Drills,Auto-Detecting...
0:07:20.666667,60,0,Pass Intensity: High (Good for breaking lines),Open Play: Scanning for teammates recommended,Vision & Switch Play Drills,Auto-Detecting...
0:07:20.833333,60,0,Calculating...,Open Play: Scanning for teammates recommended,Vision & Switch Play Drills,Auto-Detecting...
0:07:21,60,0,Pass Intensity: High (Good for breaking lines),Open Play: Scanning for teammates recommended,Vision & Switch Play Drills,Auto-Detecting...
0:07:21.166667,60,2,Pass Intensity: High (Good for breaking lines),Alert: Heavy Touch under Pressure,Tight Space Dribbling (Cone Drills),Auto-Detecting...
0:07:21.333333,60,1,Calculating...,Open Play: Scanning for teammates recommended,Vision & Switch Play Drills,Auto-Detecting...
0:07:21.500000,60,1,Calculating...,Open Play: Scanning for teammates recommended,Vision & Switch Play Drills,Auto-Detecting...
0:07:21.666667,60,1,Calculating...,Open Play: Scanning for teammates recommended,Vision & Switch Play Drills,Auto-Detecting...
0:07:21.833333,60,1,Calculating...,Open Play: Scanning for teammates recommended,Vision & Switch Play Drills,Auto-Detecting...
0:07:22,60,1,Calculating...,Open Play: Scanning for teammates recommended,Vision & Switch Play Drills,Auto-Detecting...
0:07:22.166667,60,1,Dead Ball: Slow play or recovery needed,Open Play: Scanning for teammates recommended,Vision & Switch Play Drills,Auto-Detecting...
0:07:22.333333,60,1,Calculating...,Open Play: Scanning for teammates recommended,Vision & Switch Play Drills,Auto-Detecting...
0:07:22.500000,60,1,Calculating...,Open Play: Scanning for teammates recommended,Vision & Switch Play Drills,Auto-Detecting...
0:07:22.666667,60,0,Pass Intensity: High (Good for breaking lines),Open Play: Scanning for teammates recommended,Vision & Switch Play Drills,Auto-Detecting...
0:07:22.833333,60,1,Pass Intensity: High (Good for breaking lines),Open Play: Scanning for teammates recommended,Vision & Switch Play Drills,Auto-Detecting...
0:07:23,100,1,Calculating...,Control: Excellent Close-quarter Handling,Maintain Daily Progress,Auto-Detecting...
0:07:23.166667,60,0,Pass Intensity: High (Good for breaking lines),Open Play: Scanning for teammates recommended,Vision & Switch Play Drills,Auto-Detecting...
0:07:23.333333,60,0,Calculating...,Open Play: Scanning for teammates recommended,Vision & Switch Play Drills,Auto-Detecting...
0:07:23.500000,60,0,Calculating...,Open Play: Scanning for teammates recommended,Vision & Switch Play Drills,Auto-Detecting...
0:07:23.666667,60,0,Calculating...,Open Play: Scanning for teammates recommended,Vision & Switch Play Drills,Auto-Detecting...
0:07:23.833333,60,1,Calculating...,Open Play: Scanning for teammates recommended,Vision & Switch Play Drills,Auto-Detecting...
0:07:24,60,0,Pass Intensity: High (Good for breaking lines),Open Play: Scanning for teammates recommended,Vision & Switch Play Drills,Auto-Detecting...
0:07:24.166667,60,1,Calculating...,Open Play: Scanning for teammates recommended,Vision & Switch Play Drills,Auto-Detecting...
0:07:24.333333,60,1,Calculating...,Open Play: Scanning for teammates recommended,Vision & Switch Play Drills,Auto-Detecting...
0:07:24.500000,60,2,Calculating...,Alert: Heavy Touch under Pressure,Tight Space Dribbling (Cone Drills),Auto-Detecting...
0:07:24.666667,60,0,Pass Intensity: High (Good for breaking lines),Open Play: Scanning for teammates recommended,Vision & Switch Play Drills,Auto-Detecting...
0:07:24.833333,60,0,Calculating...,Open Play: Scanning for teammates recommended,Vision & Switch Play Drills,Auto-Detecting...
0:07:25,60,0,Calculating...,Open Play: Scanning for teammates recommended,Vision & Switch Play Drills,Auto-Detecting...
0:07:25.166667,60,0,Calculating...,Open Play: Scanning for teammates recommended,Vision & Switch Play Drills,Auto-Detecting...
0:07:25.333333,60,0,Dead Ball: Slow play or recovery needed,Open Play: Scanning for teammates recommended,Vision & Switch Play Drills,Auto-Detecting...
0:07:25.500000,60,0,Pass Intensity: High (Good for breaking lines),Open Play: Scanning for teammates recommended,Vision & Switch Play Drills,Auto-Detecting...
0:07:25.666667,60,0,Pass Intensity: High (Good for breaking lines),Open Play: Scanning for teammates recommended,Vision & Switch Play Drills,Auto-Detecting...
0:07:26.166667,60,1,Pass Intensity: High (Good for breaking lines),Open Play: Scanning for teammates recommended,Vision & Switch Play Drills,Auto-Detecting...
0:07:26.333333,60,1,Pass Intensity: High (Good for breaking lines),Open Play: Scanning for teammates recommended,Vision & Switch Play Drills,Auto-Detecting...
0:07:26.500000,60,0,Pass Intensity: High (Good for breaking lines),Open Play: Scanning for teammates recommended,Vision & Switch Play Drills,Auto-Detecting...
0:07:26.666667,60,0,Calculating...,Open Play: Scanning for teammates recommended,Vision & Switch Play Drills,Auto-Detecting...
0:07:26.833333,60,1,Pass Intensity: High (Good for breaking lines),Open Play: Scanning for teammates recommended,Vision & Switch Play Drills,Auto-Detecting...
0:07:27,60,1,Pass Intensity: High (Good for breaking lines),Open Play: Scanning for teammates recommended,Vision & Switch Play Drills,Auto-Detecting...
0:07:27.166667,60,0,Pass Intensity: High (Good for breaking lines),Open Play: Scanning for teammates recommended,Vision & Switch Play Drills,Auto-Detecting...
0:07:27.333333,60,0,Calculating...,Open Play: Scanning for teammates recommended,Vision & Switch Play Drills,Auto-Detecting...
0:07:27.500000,100,1,Pass Intensity: High (Good for breaking lines),Control: Excellent Close-quarter Handling,Maintain Daily Progress,Auto-Detecting...
0:07:27.666667,100,1,Calculating...,Control: Excellent Close-quarter Handling,Maintain Daily Progress,Auto-Detecting...
0:07:27.833333,100,1,Calculating...,Control: Excellent Close-quarter Handling,Maintain Daily Progress,Auto-Detecting...
0:07:28,100,1,Calculating...,Control: Excellent Close-quarter Handling,Maintain Daily Progress,Auto-Detecting...
0:07:28.166667,100,1,Calculating...,Control: Excellent Close-quarter Handling,Maintain Daily Progress,Auto-Detecting...
0:07:28.333333,100,1,Calculating...,Control: Excellent Close-quarter Handling,Maintain Daily Progress,Auto-Detecting...
0:07:28.500000,100,1,Calculating...,Control: Excellent Close-quarter Handling,Maintain Daily Progress,Auto-Detecting...
0:07:28.666667,100,1,Calculating...,Control: Excellent Close-quarter Handling,Maintain Daily Progress,Auto-Detecting...
0:07:28.833333,100,1,Calculating...,Control: Excellent Close-quarter Handling,Maintain Daily Progress,Auto-Detecting...
0:07:29,100,1,Calculating...,Control: Excellent Close-quarter Handling,Maintain Daily Progress,Auto-Detecting...
0:07:29.166667,100,1,Calculating...,Control: Excellent Close-quarter Handling,Maintain Daily Progress,Auto-Detecting...
0:07:29.333333,100,1,Calculating...,Control: Excellent Close-quarter Handling,Maintain Daily Progress,Auto-Detecting...
0:07:29.500000,100,1,Calculating...,Control: Excellent Close-quarter Handling,Maintain Daily Progress,Auto-Detecting...
0:07:29.666667,100,1,Calculating...,Control: Excellent Close-quarter Handling,Maintain Daily Progress,Auto-Detecting...
0:07:29.833333,100,1,Calculating...,Control: Excellent Close-quarter Handling,Maintain Daily Progress,Auto-Detecting...
0:07:30,100,1,Calculating...,Control: Excellent Close-quarter Handling,Maintain Daily Progress,Auto-Detecting...
0:07:30.166667,60,0,Pass Intensity: High (Good for breaking lines),Open Play: Scanning for teammates recommended,Vision & Switch Play Drills,Auto-Detecting...
0:07:30.333333,60,0,Dead Ball: Slow play or recovery needed,Open Play: Scanning for teammates recommended,Vision & Switch Play Drills,Auto-Detecting...
0:07:30.500000,60,0,Calculating...,Open Play: Scanning for teammates recommended,Vision & Switch Play Drills,Auto-Detecting...
