Timestamp,Player_ID,Technical_Score,Velocity_Score,Remark,Suggested_Fix
0:00:00.067466,Rahul Sharma,92,28.5,DRIBBLING_PERFECTION,Maintained brilliant execution posture vectors.
0:00:00.067466,Sagnik Guha,88,24.2,DRIBBLING_PERFECTION,Maintained brilliant execution posture vectors.
0:00:00.067466,Academy Player #3,81,19.8,DRIBBLING_PERFECTION,Maintained brilliant execution posture vectors.
0:00:00.134931,Rahul Sharma,92,28.5,DRIBBLING_PERFECTION,Maintained brilliant execution posture vectors.
0:00:00.134931,Sagnik Guha,88,24.2,DRIBBLING_PERFECTION,Maintained brilliant execution posture vectors.
0:00:00.134931,Academy Player #3,81,19.8,DRIBBLING_PERFECTION,Maintained brilliant execution posture vectors.
0:00:00.202397,Rahul Sharma,92,28.5,DRIBBLING_PERFECTION,Maintained brilliant execution posture vectors.
0:00:00.202397,Sagnik Guha,88,24.2,DRIBBLING_PERFECTION,Maintained brilliant execution posture vectors.
0:00:00.202397,Academy Player #3,81,19.8,DRIBBLING_PERFECTION,Maintained brilliant execution posture vectors.
0:00:00.269862,Rahul Sharma,92,28.5,DRIBBLING_PERFECTION,Maintained brilliant execution posture vectors.
0:00:00.269862,Sagnik Guha,88,24.2,DRIBBLING_PERFECTION,Maintained brilliant execution posture vectors.
0:00:00.269862,Academy Player #3,81,19.8,DRIBBLING_PERFECTION,Maintained brilliant execution posture vectors.
0:00:00.337328,Rahul Sharma,92,28.5,DRIBBLING_PERFECTION,Maintained brilliant execution posture vectors.
0:00:00.337328,Sagnik Guha,88,24.2,DRIBBLING_PERFECTION,Maintained brilliant execution posture vectors.
0:00:00.337328,Academy Player #3,81,19.8,DRIBBLING_PERFECTION,Maintained brilliant execution posture vectors.
0:00:00.404793,Rahul Sharma,92,28.5,DRIBBLING_PERFECTION,Maintained brilliant execution posture vectors.
0:00:00.404793,Sagnik Guha,88,24.2,DRIBBLING_PERFECTION,Maintained brilliant execution posture vectors.
0:00:00.404793,Academy Player #3,81,19.8,DRIBBLING_PERFECTION,Maintained brilliant execution posture vectors.
0:00:00.472259,Rahul Sharma,92,28.5,DRIBBLING_PERFECTION,Maintained brilliant execution posture vectors.
0:00:00.472259,Sagnik Guha,88,24.2,DRIBBLING_PERFECTION,Maintained brilliant execution posture vectors.
0:00:00.472259,Academy Player #3,81,19.8,DRIBBLING_PERFECTION,Maintained brilliant execution posture vectors.
0:00:00.539724,Rahul Sharma,92,28.5,DRIBBLING_PERFECTION,Maintained brilliant execution posture vectors.
0:00:00.539724,Sagnik Guha,88,24.2,DRIBBLING_PERFECTION,Maintained brilliant execution posture vectors.
0:00:00.539724,Academy Player #3,81,19.8,DRIBBLING_PERFECTION,Maintained brilliant execution posture vectors.
0:00:00.607190,Rahul Sharma,92,28.5,DRIBBLING_PERFECTION,Maintained brilliant execution posture vectors.
0:00:00.607190,Sagnik Guha,88,24.2,DRIBBLING_PERFECTION,Maintained brilliant execution posture vectors.
0:00:00.607190,Academy Player #3,81,19.8,DRIBBLING_PERFECTION,Maintained brilliant execution posture vectors.
0:00:00.674655,Rahul Sharma,92,28.5,DRIBBLING_PERFECTION,Maintained brilliant execution posture vectors.
0:00:00.674655,Sagnik Guha,88,24.2,DRIBBLING_PERFECTION,Maintained brilliant execution posture vectors.
0:00:00.674655,Academy Player #3,81,19.8,DRIBBLING_PERFECTION,Maintained brilliant execution posture vectors.
0:00:00.742121,Rahul Sharma,92,28.5,DRIBBLING_PERFECTION,Maintained brilliant execution posture vectors.
0:00:00.742121,Sagnik Guha,88,24.2,DRIBBLING_PERFECTION,Maintained brilliant execution posture vectors.
0:00:00.742121,Academy Player #3,81,19.8,DRIBBLING_PERFECTION,Maintained brilliant execution posture vectors.
0:00:00.809586,Rahul Sharma,92,28.5,DRIBBLING_PERFECTION,Maintained brilliant execution posture vectors.
0:00:00.809586,Sagnik Guha,88,24.2,DRIBBLING_PERFECTION,Maintained brilliant execution posture vectors.
0:00:00.809586,Academy Player #3,81,19.8,DRIBBLING_PERFECTION,Maintained brilliant execution posture vectors.
0:00:00.877052,Rahul Sharma,92,28.5,DRIBBLING_PERFECTION,Maintained brilliant execution posture vectors.
0:00:00.877052,Sagnik Guha,88,24.2,DRIBBLING_PERFECTION,Maintained brilliant execution posture vectors.
0:00:00.877052,Academy Player #3,81,19.8,DRIBBLING_PERFECTION,Maintained brilliant execution posture vectors.
0:00:00.944517,Rahul Sharma,92,28.5,DRIBBLING_PERFECTION,Maintained brilliant execution posture vectors.
0:00:00.944517,Sagnik Guha,88,24.2,DRIBBLING_PERFECTION,Maintained brilliant execution posture vectors.
0:00:00.944517,Academy Player #3,81,19.8,DRIBBLING_PERFECTION,Maintained brilliant execution posture vectors.
0:00:01.011983,Rahul Sharma,92,28.5,DRIBBLING_PERFECTION,Maintained brilliant execution posture vectors.
0:00:01.011983,Sagnik Guha,88,24.2,DRIBBLING_PERFECTION,Maintained brilliant execution posture vectors.
0:00:01.011983,Academy Player #3,81,19.8,DRIBBLING_PERFECTION,Maintained brilliant execution posture vectors.
0:00:01.079448,Rahul Sharma,92,28.5,DRIBBLING_PERFECTION,Maintained brilliant execution posture vectors.
0:00:01.079448,Sagnik Guha,88,24.2,DRIBBLING_PERFECTION,Maintained brilliant execution posture vectors.
0:00:01.079448,Academy Player #3,81,19.8,DRIBBLING_PERFECTION,Maintained brilliant execution posture vectors.
0:00:01.146914,Rahul Sharma,92,28.5,DRIBBLING_PERFECTION,Maintained brilliant execution posture vectors.
0:00:01.146914,Sagnik Guha,88,24.2,DRIBBLING_PERFECTION,Maintained brilliant execution posture vectors.
0:00:01.146914,Academy Player #3,81,19.8,DRIBBLING_PERFECTION,Maintained brilliant execution posture vectors.
0:00:01.214379,Rahul Sharma,92,28.5,DRIBBLING_PERFECTION,Maintained brilliant execution posture vectors.
0:00:01.214379,Sagnik Guha,88,24.2,DRIBBLING_PERFECTION,Maintained brilliant execution posture vectors.
0:00:01.214379,Academy Player #3,81,19.8,DRIBBLING_PERFECTION,Maintained brilliant execution posture vectors.
0:00:01.281845,Rahul Sharma,92,28.5,DRIBBLING_PERFECTION,Maintained brilliant execution posture vectors.
0:00:01.281845,Sagnik Guha,88,24.2,DRIBBLING_PERFECTION,Maintained brilliant execution posture vectors.
0:00:01.281845,Academy Player #3,81,19.8,DRIBBLING_PERFECTION,Maintained brilliant execution posture vectors.
0:00:01.349310,Rahul Sharma,92,28.5,DRIBBLING_PERFECTION,Maintained brilliant execution posture vectors.
0:00:01.349310,Sagnik Guha,88,24.2,DRIBBLING_PERFECTION,Maintained brilliant execution posture vectors.
0:00:01.349310,Academy Player #3,81,19.8,DRIBBLING_PERFECTION,Maintained brilliant execution posture vectors.
0:00:01.416776,Rahul Sharma,92,28.5,DRIBBLING_PERFECTION,Maintained brilliant execution posture vectors.
0:00:01.416776,Sagnik Guha,88,24.2,DRIBBLING_PERFECTION,Maintained brilliant execution posture vectors.
0:00:01.416776,Academy Player #3,81,19.8,DRIBBLING_PERFECTION,Maintained brilliant execution posture vectors.
0:00:01.484241,Rahul Sharma,92,28.5,DRIBBLING_PERFECTION,Maintained brilliant execution posture vectors.
0:00:01.484241,Sagnik Guha,88,24.2,DRIBBLING_PERFECTION,Maintained brilliant execution posture vectors.
0:00:01.484241,Academy Player #3,81,19.8,DRIBBLING_PERFECTION,Maintained brilliant execution posture vectors.
0:00:01.551707,Rahul Sharma,92,28.5,DRIBBLING_PERFECTION,Maintained brilliant execution posture vectors.
0:00:01.551707,Sagnik Guha,88,24.2,DRIBBLING_PERFECTION,Maintained brilliant execution posture vectors.
0:00:01.551707,Academy Player #3,81,19.8,DRIBBLING_PERFECTION,Maintained brilliant execution posture vectors.
0:00:01.619172,Rahul Sharma,92,28.5,DRIBBLING_PERFECTION,Maintained brilliant execution posture vectors.
0:00:01.619172,Sagnik Guha,88,24.2,DRIBBLING_PERFECTION,Maintained brilliant execution posture vectors.
0:00:01.619172,Academy Player #3,81,19.8,DRIBBLING_PERFECTION,Maintained brilliant execution posture vectors.
0:00:01.686638,Rahul Sharma,92,28.5,DRIBBLING_PERFECTION,Maintained brilliant execution posture vectors.
0:00:01.686638,Sagnik Guha,88,24.2,DRIBBLING_PERFECTION,Maintained brilliant execution posture vectors.
0:00:01.686638,Academy Player #3,81,19.8,DRIBBLING_PERFECTION,Maintained brilliant execution posture vectors.
0:00:01.754103,Rahul Sharma,92,28.5,DRIBBLING_PERFECTION,Maintained brilliant execution posture vectors.
0:00:01.754103,Sagnik Guha,88,24.2,DRIBBLING_PERFECTION,Maintained brilliant execution posture vectors.
0:00:01.754103,Academy Player #3,81,19.8,DRIBBLING_PERFECTION,Maintained brilliant execution posture vectors.
0:00:01.821569,Rahul Sharma,92,28.5,DRIBBLING_PERFECTION,Maintained brilliant execution posture vectors.
0:00:01.821569,Sagnik Guha,88,24.2,DRIBBLING_PERFECTION,Maintained brilliant execution posture vectors.
0:00:01.821569,Academy Player #3,81,19.8,DRIBBLING_PERFECTION,Maintained brilliant execution posture vectors.
0:00:01.889034,Rahul Sharma,92,28.5,DRIBBLING_PERFECTION,Maintained brilliant execution posture vectors.
0:00:01.889034,Sagnik Guha,88,24.2,DRIBBLING_PERFECTION,Maintained brilliant execution posture vectors.
0:00:01.889034,Academy Player #3,81,19.8,DRIBBLING_PERFECTION,Maintained brilliant execution posture vectors.
0:00:01.956500,Rahul Sharma,92,28.5,DRIBBLING_PERFECTION,Maintained brilliant execution posture vectors.
0:00:01.956500,Sagnik Guha,88,24.2,DRIBBLING_PERFECTION,Maintained brilliant execution posture vectors.
0:00:01.956500,Academy Player #3,81,19.8,DRIBBLING_PERFECTION,Maintained brilliant execution posture vectors.
0:00:02.023965,Rahul Sharma,92,28.5,DRIBBLING_PERFECTION,Maintained brilliant execution posture vectors.
0:00:02.023965,Sagnik Guha,88,24.2,DRIBBLING_PERFECTION,Maintained brilliant execution posture vectors.
0:00:02.023965,Academy Player #3,81,19.8,DRIBBLING_PERFECTION,Maintained brilliant execution posture vectors.
0:00:02.091431,Rahul Sharma,92,28.5,DRIBBLING_PERFECTION,Maintained brilliant execution posture vectors.
0:00:02.091431,Sagnik Guha,88,24.2,DRIBBLING_PERFECTION,Maintained brilliant execution posture vectors.
0:00:02.091431,Academy Player #3,81,19.8,DRIBBLING_PERFECTION,Maintained brilliant execution posture vectors.
0:00:02.158896,Rahul Sharma,92,28.5,DRIBBLING_PERFECTION,Maintained brilliant execution posture vectors.
0:00:02.158896,Sagnik Guha,88,24.2,DRIBBLING_PERFECTION,Maintained brilliant execution posture vectors.
0:00:02.158896,Academy Player #3,81,19.8,DRIBBLING_PERFECTION,Maintained brilliant execution posture vectors.
0:00:02.226362,Rahul Sharma,92,28.5,DRIBBLING_PERFECTION,Maintained brilliant execution posture vectors.
0:00:02.226362,Sagnik Guha,88,24.2,DRIBBLING_PERFECTION,Maintained brilliant execution posture vectors.
0:00:02.226362,Academy Player #3,81,19.8,DRIBBLING_PERFECTION,Maintained brilliant execution posture vectors.
0:00:02.293827,Rahul Sharma,92,28.5,DRIBBLING_PERFECTION,Maintained brilliant execution posture vectors.
0:00:02.293827,Sagnik Guha,88,24.2,DRIBBLING_PERFECTION,Maintained brilliant execution posture vectors.
0:00:02.293827,Academy Player #3,81,19.8,DRIBBLING_PERFECTION,Maintained brilliant execution posture vectors.
0:00:02.361293,Rahul Sharma,92,28.5,DRIBBLING_PERFECTION,Maintained brilliant execution posture vectors.
0:00:02.361293,Sagnik Guha,88,24.2,DRIBBLING_PERFECTION,Maintained brilliant execution posture vectors.
0:00:02.361293,Academy Player #3,81,19.8,DRIBBLING_PERFECTION,Maintained brilliant execution posture vectors.
0:00:02.428758,Rahul Sharma,92,28.5,DRIBBLING_PERFECTION,Maintained brilliant execution posture vectors.
0:00:02.428758,Sagnik Guha,88,24.2,DRIBBLING_PERFECTION,Maintained brilliant execution posture vectors.
0:00:02.428758,Academy Player #3,81,19.8,DRIBBLING_PERFECTION,Maintained brilliant execution posture vectors.
0:00:02.496224,Rahul Sharma,92,28.5,DRIBBLING_PERFECTION,Maintained brilliant execution posture vectors.
0:00:02.496224,Sagnik Guha,88,24.2,DRIBBLING_PERFECTION,Maintained brilliant execution posture vectors.
0:00:02.496224,Academy Player #3,81,19.8,DRIBBLING_PERFECTION,Maintained brilliant execution posture vectors.
0:00:02.563689,Rahul Sharma,92,28.5,DRIBBLING_PERFECTION,Maintained brilliant execution posture vectors.
0:00:02.563689,Sagnik Guha,88,24.2,DRIBBLING_PERFECTION,Maintained brilliant execution posture vectors.
0:00:02.563689,Academy Player #3,81,19.8,DRIBBLING_PERFECTION,Maintained brilliant execution posture vectors.
0:00:02.631155,Rahul Sharma,92,28.5,DRIBBLING_PERFECTION,Maintained brilliant execution posture vectors.
0:00:02.631155,Sagnik Guha,88,24.2,DRIBBLING_PERFECTION,Maintained brilliant execution posture vectors.
0:00:02.631155,Academy Player #3,81,19.8,DRIBBLING_PERFECTION,Maintained brilliant execution posture vectors.
0:00:02.698620,Rahul Sharma,92,28.5,DRIBBLING_PERFECTION,Maintained brilliant execution posture vectors.
0:00:02.698620,Sagnik Guha,88,24.2,DRIBBLING_PERFECTION,Maintained brilliant execution posture vectors.
0:00:02.698620,Academy Player #3,81,19.8,DRIBBLING_PERFECTION,Maintained brilliant execution posture vectors.
0:00:02.766086,Rahul Sharma,92,28.5,DRIBBLING_PERFECTION,Maintained brilliant execution posture vectors.
0:00:02.766086,Sagnik Guha,88,24.2,DRIBBLING_PERFECTION,Maintained brilliant execution posture vectors.
0:00:02.766086,Academy Player #3,81,19.8,DRIBBLING_PERFECTION,Maintained brilliant execution posture vectors.
0:00:02.833551,Rahul Sharma,92,28.5,DRIBBLING_PERFECTION,Maintained brilliant execution posture vectors.
0:00:02.833551,Sagnik Guha,88,24.2,DRIBBLING_PERFECTION,Maintained brilliant execution posture vectors.
0:00:02.833551,Academy Player #3,81,19.8,DRIBBLING_PERFECTION,Maintained brilliant execution posture vectors.
0:00:02.901017,Rahul Sharma,92,28.5,DRIBBLING_PERFECTION,Maintained brilliant execution posture vectors.
0:00:02.901017,Sagnik Guha,88,24.2,DRIBBLING_PERFECTION,Maintained brilliant execution posture vectors.
0:00:02.901017,Academy Player #3,81,19.8,DRIBBLING_PERFECTION,Maintained brilliant execution posture vectors.
0:00:02.968482,Rahul Sharma,92,28.5,DRIBBLING_PERFECTION,Maintained brilliant execution posture vectors.
0:00:02.968482,Sagnik Guha,88,24.2,DRIBBLING_PERFECTION,Maintained brilliant execution posture vectors.
0:00:02.968482,Academy Player #3,81,19.8,DRIBBLING_PERFECTION,Maintained brilliant execution posture vectors.
0:00:03.035948,Rahul Sharma,92,28.5,DRIBBLING_PERFECTION,Maintained brilliant execution posture vectors.
0:00:03.035948,Sagnik Guha,88,24.2,DRIBBLING_PERFECTION,Maintained brilliant execution posture vectors.
0:00:03.035948,Academy Player #3,81,19.8,DRIBBLING_PERFECTION,Maintained brilliant execution posture vectors.
0:00:03.103413,Rahul Sharma,92,28.5,DRIBBLING_PERFECTION,Maintained brilliant execution posture vectors.
0:00:03.103413,Sagnik Guha,88,24.2,DRIBBLING_PERFECTION,Maintained brilliant execution posture vectors.
0:00:03.103413,Academy Player #3,81,19.8,DRIBBLING_PERFECTION,Maintained brilliant execution posture vectors.
0:00:03.170879,Rahul Sharma,92,28.5,DRIBBLING_PERFECTION,Maintained brilliant execution posture vectors.
0:00:03.170879,Sagnik Guha,88,24.2,DRIBBLING_PERFECTION,Maintained brilliant execution posture vectors.
0:00:03.170879,Academy Player #3,81,19.8,DRIBBLING_PERFECTION,Maintained brilliant execution posture vectors.
0:00:03.238344,Rahul Sharma,92,28.5,DRIBBLING_PERFECTION,Maintained brilliant execution posture vectors.
0:00:03.238344,Sagnik Guha,88,24.2,DRIBBLING_PERFECTION,Maintained brilliant execution posture vectors.
0:00:03.238344,Academy Player #3,81,19.8,DRIBBLING_PERFECTION,Maintained brilliant execution posture vectors.
0:00:03.305810,Rahul Sharma,92,28.5,DRIBBLING_PERFECTION,Maintained brilliant execution posture vectors.
0:00:03.305810,Sagnik Guha,88,24.2,DRIBBLING_PERFECTION,Maintained brilliant execution posture vectors.
0:00:03.305810,Academy Player #3,81,19.8,DRIBBLING_PERFECTION,Maintained brilliant execution posture vectors.
0:00:03.373275,Rahul Sharma,92,28.5,DRIBBLING_PERFECTION,Maintained brilliant execution posture vectors.
0:00:03.373275,Sagnik Guha,88,24.2,DRIBBLING_PERFECTION,Maintained brilliant execution posture vectors.
0:00:03.373275,Academy Player #3,81,19.8,DRIBBLING_PERFECTION,Maintained brilliant execution posture vectors.
0:00:03.440741,Rahul Sharma,92,28.5,DRIBBLING_PERFECTION,Maintained brilliant execution posture vectors.
0:00:03.440741,Sagnik Guha,88,24.2,DRIBBLING_PERFECTION,Maintained brilliant execution posture vectors.
0:00:03.440741,Academy Player #3,81,19.8,DRIBBLING_PERFECTION,Maintained brilliant execution posture vectors.
0:00:03.508206,Rahul Sharma,92,28.5,DRIBBLING_PERFECTION,Maintained brilliant execution posture vectors.
0:00:03.508206,Sagnik Guha,88,24.2,DRIBBLING_PERFECTION,Maintained brilliant execution posture vectors.
0:00:03.508206,Academy Player #3,81,19.8,DRIBBLING_PERFECTION,Maintained brilliant execution posture vectors.
0:00:03.575672,Rahul Sharma,92,28.5,DRIBBLING_PERFECTION,Maintained brilliant execution posture vectors.
0:00:03.575672,Sagnik Guha,88,24.2,DRIBBLING_PERFECTION,Maintained brilliant execution posture vectors.
0:00:03.575672,Academy Player #3,81,19.8,DRIBBLING_PERFECTION,Maintained brilliant execution posture vectors.
0:00:03.643137,Rahul Sharma,92,28.5,DRIBBLING_PERFECTION,Maintained brilliant execution posture vectors.
0:00:03.643137,Sagnik Guha,88,24.2,DRIBBLING_PERFECTION,Maintained brilliant execution posture vectors.
0:00:03.643137,Academy Player #3,81,19.8,DRIBBLING_PERFECTION,Maintained brilliant execution posture vectors.
0:00:03.710603,Rahul Sharma,92,28.5,DRIBBLING_PERFECTION,Maintained brilliant execution posture vectors.
0:00:03.710603,Sagnik Guha,88,24.2,DRIBBLING_PERFECTION,Maintained brilliant execution posture vectors.
0:00:03.710603,Academy Player #3,81,19.8,DRIBBLING_PERFECTION,Maintained brilliant execution posture vectors.
0:00:03.778068,Rahul Sharma,92,28.5,DRIBBLING_PERFECTION,Maintained brilliant execution posture vectors.
0:00:03.778068,Sagnik Guha,88,24.2,DRIBBLING_PERFECTION,Maintained brilliant execution posture vectors.
0:00:03.778068,Academy Player #3,81,19.8,DRIBBLING_PERFECTION,Maintained brilliant execution posture vectors.
0:00:03.845534,Rahul Sharma,92,28.5,DRIBBLING_PERFECTION,Maintained brilliant execution posture vectors.
0:00:03.845534,Sagnik Guha,88,24.2,DRIBBLING_PERFECTION,Maintained brilliant execution posture vectors.
0:00:03.845534,Academy Player #3,81,19.8,DRIBBLING_PERFECTION,Maintained brilliant execution posture vectors.
0:00:03.912999,Rahul Sharma,92,28.5,DRIBBLING_PERFECTION,Maintained brilliant execution posture vectors.
0:00:03.912999,Sagnik Guha,88,24.2,DRIBBLING_PERFECTION,Maintained brilliant execution posture vectors.
0:00:03.912999,Academy Player #3,81,19.8,DRIBBLING_PERFECTION,Maintained brilliant execution posture vectors.
0:00:03.980465,Rahul Sharma,92,28.5,DRIBBLING_PERFECTION,Maintained brilliant execution posture vectors.
0:00:03.980465,Sagnik Guha,88,24.2,DRIBBLING_PERFECTION,Maintained brilliant execution posture vectors.
0:00:03.980465,Academy Player #3,81,19.8,DRIBBLING_PERFECTION,Maintained brilliant execution posture vectors.
0:00:04.047930,Rahul Sharma,92,28.5,DRIBBLING_PERFECTION,Maintained brilliant execution posture vectors.
0:00:04.047930,Sagnik Guha,88,24.2,DRIBBLING_PERFECTION,Maintained brilliant execution posture vectors.
0:00:04.047930,Academy Player #3,81,19.8,DRIBBLING_PERFECTION,Maintained brilliant execution posture vectors.
0:00:04.115396,Rahul Sharma,92,28.5,DRIBBLING_PERFECTION,Maintained brilliant execution posture vectors.
0:00:04.115396,Sagnik Guha,88,24.2,DRIBBLING_PERFECTION,Maintained brilliant execution posture vectors.
0:00:04.115396,Academy Player #3,81,19.8,DRIBBLING_PERFECTION,Maintained brilliant execution posture vectors.
0:00:04.182861,Rahul Sharma,92,28.5,DRIBBLING_PERFECTION,Maintained brilliant execution posture vectors.
0:00:04.182861,Sagnik Guha,88,24.2,DRIBBLING_PERFECTION,Maintained brilliant execution posture vectors.
0:00:04.182861,Academy Player #3,81,19.8,DRIBBLING_PERFECTION,Maintained brilliant execution posture vectors.
0:00:04.250327,Rahul Sharma,92,28.5,DRIBBLING_PERFECTION,Maintained brilliant execution posture vectors.
0:00:04.250327,Sagnik Guha,88,24.2,DRIBBLING_PERFECTION,Maintained brilliant execution posture vectors.
0:00:04.250327,Academy Player #3,81,19.8,DRIBBLING_PERFECTION,Maintained brilliant execution posture vectors.
0:00:04.317792,Rahul Sharma,92,28.5,DRIBBLING_PERFECTION,Maintained brilliant execution posture vectors.
0:00:04.317792,Sagnik Guha,88,24.2,DRIBBLING_PERFECTION,Maintained brilliant execution posture vectors.
0:00:04.317792,Academy Player #3,81,19.8,DRIBBLING_PERFECTION,Maintained brilliant execution posture vectors.
0:00:04.385258,Rahul Sharma,92,28.5,DRIBBLING_PERFECTION,Maintained brilliant execution posture vectors.
0:00:04.385258,Sagnik Guha,88,24.2,DRIBBLING_PERFECTION,Maintained brilliant execution posture vectors.
0:00:04.385258,Academy Player #3,81,19.8,DRIBBLING_PERFECTION,Maintained brilliant execution posture vectors.
0:00:04.452723,Rahul Sharma,92,28.5,DRIBBLING_PERFECTION,Maintained brilliant execution posture vectors.
0:00:04.452723,Sagnik Guha,88,24.2,DRIBBLING_PERFECTION,Maintained brilliant execution posture vectors.
0:00:04.452723,Academy Player #3,81,19.8,DRIBBLING_PERFECTION,Maintained brilliant execution posture vectors.
0:00:04.520189,Rahul Sharma,92,28.5,DRIBBLING_PERFECTION,Maintained brilliant execution posture vectors.
0:00:04.520189,Sagnik Guha,88,24.2,DRIBBLING_PERFECTION,Maintained brilliant execution posture vectors.
0:00:04.520189,Academy Player #3,81,19.8,DRIBBLING_PERFECTION,Maintained brilliant execution posture vectors.
0:00:04.587654,Rahul Sharma,92,28.5,DRIBBLING_PERFECTION,Maintained brilliant execution posture vectors.
0:00:04.587654,Sagnik Guha,88,24.2,DRIBBLING_PERFECTION,Maintained brilliant execution posture vectors.
0:00:04.587654,Academy Player #3,81,19.8,DRIBBLING_PERFECTION,Maintained brilliant execution posture vectors.
0:00:04.655120,Rahul Sharma,92,28.5,DRIBBLING_PERFECTION,Maintained brilliant execution posture vectors.
0:00:04.655120,Sagnik Guha,88,24.2,DRIBBLING_PERFECTION,Maintained brilliant execution posture vectors.
0:00:04.655120,Academy Player #3,81,19.8,DRIBBLING_PERFECTION,Maintained brilliant execution posture vectors.
0:00:04.722585,Rahul Sharma,92,28.5,DRIBBLING_PERFECTION,Maintained brilliant execution posture vectors.
0:00:04.722585,Sagnik Guha,88,24.2,DRIBBLING_PERFECTION,Maintained brilliant execution posture vectors.
0:00:04.722585,Academy Player #3,81,19.8,DRIBBLING_PERFECTION,Maintained brilliant execution posture vectors.
0:00:04.790051,Rahul Sharma,92,28.5,DRIBBLING_PERFECTION,Maintained brilliant execution posture vectors.
0:00:04.790051,Sagnik Guha,88,24.2,DRIBBLING_PERFECTION,Maintained brilliant execution posture vectors.
0:00:04.790051,Academy Player #3,81,19.8,DRIBBLING_PERFECTION,Maintained brilliant execution posture vectors.
0:00:04.857516,Rahul Sharma,92,28.5,DRIBBLING_PERFECTION,Maintained brilliant execution posture vectors.
0:00:04.857516,Sagnik Guha,88,24.2,DRIBBLING_PERFECTION,Maintained brilliant execution posture vectors.
0:00:04.857516,Academy Player #3,81,19.8,DRIBBLING_PERFECTION,Maintained brilliant execution posture vectors.
0:00:04.924982,Rahul Sharma,92,28.5,DRIBBLING_PERFECTION,Maintained brilliant execution posture vectors.
0:00:04.924982,Sagnik Guha,88,24.2,DRIBBLING_PERFECTION,Maintained brilliant execution posture vectors.
0:00:04.924982,Academy Player #3,81,19.8,DRIBBLING_PERFECTION,Maintained brilliant execution posture vectors.
0:00:04.992447,Rahul Sharma,92,28.5,DRIBBLING_PERFECTION,Maintained brilliant execution posture vectors.
0:00:04.992447,Sagnik Guha,88,24.2,DRIBBLING_PERFECTION,Maintained brilliant execution posture vectors.
0:00:04.992447,Academy Player #3,81,19.8,DRIBBLING_PERFECTION,Maintained brilliant execution posture vectors.
0:00:05.059913,Rahul Sharma,92,28.5,DRIBBLING_PERFECTION,Maintained brilliant execution posture vectors.
0:00:05.059913,Sagnik Guha,88,24.2,DRIBBLING_PERFECTION,Maintained brilliant execution posture vectors.
0:00:05.059913,Academy Player #3,81,19.8,DRIBBLING_PERFECTION,Maintained brilliant execution posture vectors.
0:00:05.127378,Rahul Sharma,92,28.5,DRIBBLING_PERFECTION,Maintained brilliant execution posture vectors.
0:00:05.127378,Sagnik Guha,88,24.2,DRIBBLING_PERFECTION,Maintained brilliant execution posture vectors.
0:00:05.127378,Academy Player #3,81,19.8,DRIBBLING_PERFECTION,Maintained brilliant execution posture vectors.
0:00:05.194844,Rahul Sharma,92,28.5,DRIBBLING_PERFECTION,Maintained brilliant execution posture vectors.
0:00:05.194844,Sagnik Guha,88,24.2,DRIBBLING_PERFECTION,Maintained brilliant execution posture vectors.
0:00:05.194844,Academy Player #3,81,19.8,DRIBBLING_PERFECTION,Maintained brilliant execution posture vectors.
0:00:05.262309,Rahul Sharma,92,28.5,DRIBBLING_PERFECTION,Maintained brilliant execution posture vectors.
0:00:05.262309,Sagnik Guha,88,24.2,DRIBBLING_PERFECTION,Maintained brilliant execution posture vectors.
0:00:05.262309,Academy Player #3,81,19.8,DRIBBLING_PERFECTION,Maintained brilliant execution posture vectors.
0:00:05.329775,Rahul Sharma,92,28.5,DRIBBLING_PERFECTION,Maintained brilliant execution posture vectors.
0:00:05.329775,Sagnik Guha,88,24.2,DRIBBLING_PERFECTION,Maintained brilliant execution posture vectors.
0:00:05.329775,Academy Player #3,81,19.8,DRIBBLING_PERFECTION,Maintained brilliant execution posture vectors.
0:00:05.397240,Rahul Sharma,92,28.5,DRIBBLING_PERFECTION,Maintained brilliant execution posture vectors.
0:00:05.397240,Sagnik Guha,88,24.2,DRIBBLING_PERFECTION,Maintained brilliant execution posture vectors.
0:00:05.397240,Academy Player #3,81,19.8,DRIBBLING_PERFECTION,Maintained brilliant execution posture vectors.
0:00:05.464706,Rahul Sharma,92,28.5,DRIBBLING_PERFECTION,Maintained brilliant execution posture vectors.
0:00:05.464706,Sagnik Guha,88,24.2,DRIBBLING_PERFECTION,Maintained brilliant execution posture vectors.
0:00:05.464706,Academy Player #3,81,19.8,DRIBBLING_PERFECTION,Maintained brilliant execution posture vectors.
0:00:05.532171,Rahul Sharma,92,28.5,DRIBBLING_PERFECTION,Maintained brilliant execution posture vectors.
0:00:05.532171,Sagnik Guha,88,24.2,DRIBBLING_PERFECTION,Maintained brilliant execution posture vectors.
0:00:05.532171,Academy Player #3,81,19.8,DRIBBLING_PERFECTION,Maintained brilliant execution posture vectors.
0:00:05.599637,Rahul Sharma,92,28.5,DRIBBLING_PERFECTION,Maintained brilliant execution posture vectors.
0:00:05.599637,Sagnik Guha,88,24.2,DRIBBLING_PERFECTION,Maintained brilliant execution posture vectors.
0:00:05.599637,Academy Player #3,81,19.8,DRIBBLING_PERFECTION,Maintained brilliant execution posture vectors.
0:00:05.667102,Rahul Sharma,92,28.5,DRIBBLING_PERFECTION,Maintained brilliant execution posture vectors.
0:00:05.667102,Sagnik Guha,88,24.2,DRIBBLING_PERFECTION,Maintained brilliant execution posture vectors.
0:00:05.667102,Academy Player #3,81,19.8,DRIBBLING_PERFECTION,Maintained brilliant execution posture vectors.
0:00:05.734568,Rahul Sharma,92,28.5,DRIBBLING_PERFECTION,Maintained brilliant execution posture vectors.
0:00:05.734568,Sagnik Guha,88,24.2,DRIBBLING_PERFECTION,Maintained brilliant execution posture vectors.
0:00:05.734568,Academy Player #3,81,19.8,DRIBBLING_PERFECTION,Maintained brilliant execution posture vectors.
0:00:05.802033,Rahul Sharma,92,28.5,DRIBBLING_PERFECTION,Maintained brilliant execution posture vectors.
0:00:05.802033,Sagnik Guha,88,24.2,DRIBBLING_PERFECTION,Maintained brilliant execution posture vectors.
0:00:05.802033,Academy Player #3,81,19.8,DRIBBLING_PERFECTION,Maintained brilliant execution posture vectors.
0:00:05.869499,Rahul Sharma,92,28.5,DRIBBLING_PERFECTION,Maintained brilliant execution posture vectors.
0:00:05.869499,Sagnik Guha,88,24.2,DRIBBLING_PERFECTION,Maintained brilliant execution posture vectors.
0:00:05.869499,Academy Player #3,81,19.8,DRIBBLING_PERFECTION,Maintained brilliant execution posture vectors.
0:00:05.936964,Rahul Sharma,92,28.5,DRIBBLING_PERFECTION,Maintained brilliant execution posture vectors.
0:00:05.936964,Sagnik Guha,88,24.2,DRIBBLING_PERFECTION,Maintained brilliant execution posture vectors.
0:00:05.936964,Academy Player #3,81,19.8,DRIBBLING_PERFECTION,Maintained brilliant execution posture vectors.
0:00:06.004430,Rahul Sharma,92,28.5,DRIBBLING_PERFECTION,Maintained brilliant execution posture vectors.
0:00:06.004430,Sagnik Guha,88,24.2,DRIBBLING_PERFECTION,Maintained brilliant execution posture vectors.
0:00:06.004430,Academy Player #3,81,19.8,DRIBBLING_PERFECTION,Maintained brilliant execution posture vectors.
0:00:06.071895,Rahul Sharma,92,28.5,DRIBBLING_PERFECTION,Maintained brilliant execution posture vectors.
0:00:06.071895,Sagnik Guha,88,24.2,DRIBBLING_PERFECTION,Maintained brilliant execution posture vectors.
0:00:06.071895,Academy Player #3,81,19.8,DRIBBLING_PERFECTION,Maintained brilliant execution posture vectors.
0:00:06.139361,Rahul Sharma,92,28.5,DRIBBLING_PERFECTION,Maintained brilliant execution posture vectors.
0:00:06.139361,Sagnik Guha,88,24.2,DRIBBLING_PERFECTION,Maintained brilliant execution posture vectors.
0:00:06.139361,Academy Player #3,81,19.8,DRIBBLING_PERFECTION,Maintained brilliant execution posture vectors.
0:00:06.206826,Rahul Sharma,92,28.5,DRIBBLING_PERFECTION,Maintained brilliant execution posture vectors.
0:00:06.206826,Sagnik Guha,88,24.2,DRIBBLING_PERFECTION,Maintained brilliant execution posture vectors.
0:00:06.206826,Academy Player #3,81,19.8,DRIBBLING_PERFECTION,Maintained brilliant execution posture vectors.
0:00:06.274292,Rahul Sharma,92,28.5,DRIBBLING_PERFECTION,Maintained brilliant execution posture vectors.
0:00:06.274292,Sagnik Guha,88,24.2,DRIBBLING_PERFECTION,Maintained brilliant execution posture vectors.
0:00:06.274292,Academy Player #3,81,19.8,DRIBBLING_PERFECTION,Maintained brilliant execution posture vectors.
0:00:06.341757,Rahul Sharma,92,28.5,DRIBBLING_PERFECTION,Maintained brilliant execution posture vectors.
0:00:06.341757,Sagnik Guha,88,24.2,DRIBBLING_PERFECTION,Maintained brilliant execution posture vectors.
0:00:06.341757,Academy Player #3,81,19.8,DRIBBLING_PERFECTION,Maintained brilliant execution posture vectors.
0:00:06.409223,Rahul Sharma,92,28.5,DRIBBLING_PERFECTION,Maintained brilliant execution posture vectors.
0:00:06.409223,Sagnik Guha,88,24.2,DRIBBLING_PERFECTION,Maintained brilliant execution posture vectors.
0:00:06.409223,Academy Player #3,81,19.8,DRIBBLING_PERFECTION,Maintained brilliant execution posture vectors.
0:00:06.476688,Rahul Sharma,92,28.5,DRIBBLING_PERFECTION,Maintained brilliant execution posture vectors.
0:00:06.476688,Sagnik Guha,88,24.2,DRIBBLING_PERFECTION,Maintained brilliant execution posture vectors.
0:00:06.476688,Academy Player #3,81,19.8,DRIBBLING_PERFECTION,Maintained brilliant execution posture vectors.
0:00:06.544154,Rahul Sharma,92,28.5,DRIBBLING_PERFECTION,Maintained brilliant execution posture vectors.
0:00:06.544154,Sagnik Guha,88,24.2,DRIBBLING_PERFECTION,Maintained brilliant execution posture vectors.
0:00:06.544154,Academy Player #3,81,19.8,DRIBBLING_PERFECTION,Maintained brilliant execution posture vectors.
0:00:06.611619,Rahul Sharma,92,28.5,DRIBBLING_PERFECTION,Maintained brilliant execution posture vectors.
0:00:06.611619,Sagnik Guha,88,24.2,DRIBBLING_PERFECTION,Maintained brilliant execution posture vectors.
0:00:06.611619,Academy Player #3,81,19.8,DRIBBLING_PERFECTION,Maintained brilliant execution posture vectors.
0:00:06.679085,Rahul Sharma,92,28.5,DRIBBLING_PERFECTION,Maintained brilliant execution posture vectors.
0:00:06.679085,Sagnik Guha,88,24.2,DRIBBLING_PERFECTION,Maintained brilliant execution posture vectors.
0:00:06.679085,Academy Player #3,81,19.8,DRIBBLING_PERFECTION,Maintained brilliant execution posture vectors.
0:00:06.746550,Rahul Sharma,92,28.5,DRIBBLING_PERFECTION,Maintained brilliant execution posture vectors.
0:00:06.746550,Sagnik Guha,88,24.2,DRIBBLING_PERFECTION,Maintained brilliant execution posture vectors.
0:00:06.746550,Academy Player #3,81,19.8,DRIBBLING_PERFECTION,Maintained brilliant execution posture vectors.
0:00:06.814016,Rahul Sharma,92,28.5,DRIBBLING_PERFECTION,Maintained brilliant execution posture vectors.
0:00:06.814016,Sagnik Guha,88,24.2,DRIBBLING_PERFECTION,Maintained brilliant execution posture vectors.
0:00:06.814016,Academy Player #3,81,19.8,DRIBBLING_PERFECTION,Maintained brilliant execution posture vectors.
0:00:06.881481,Rahul Sharma,92,28.5,DRIBBLING_PERFECTION,Maintained brilliant execution posture vectors.
0:00:06.881481,Sagnik Guha,88,24.2,DRIBBLING_PERFECTION,Maintained brilliant execution posture vectors.
0:00:06.881481,Academy Player #3,81,19.8,DRIBBLING_PERFECTION,Maintained brilliant execution posture vectors.
0:00:06.948947,Rahul Sharma,92,28.5,DRIBBLING_PERFECTION,Maintained brilliant execution posture vectors.
0:00:06.948947,Sagnik Guha,88,24.2,DRIBBLING_PERFECTION,Maintained brilliant execution posture vectors.
0:00:06.948947,Academy Player #3,81,19.8,DRIBBLING_PERFECTION,Maintained brilliant execution posture vectors.
0:00:07.016412,Rahul Sharma,92,28.5,DRIBBLING_PERFECTION,Maintained brilliant execution posture vectors.
0:00:07.016412,Sagnik Guha,88,24.2,DRIBBLING_PERFECTION,Maintained brilliant execution posture vectors.
0:00:07.016412,Academy Player #3,81,19.8,DRIBBLING_PERFECTION,Maintained brilliant execution posture vectors.
0:00:07.083878,Rahul Sharma,92,28.5,DRIBBLING_PERFECTION,Maintained brilliant execution posture vectors.
0:00:07.083878,Sagnik Guha,88,24.2,DRIBBLING_PERFECTION,Maintained brilliant execution posture vectors.
0:00:07.083878,Academy Player #3,81,19.8,DRIBBLING_PERFECTION,Maintained brilliant execution posture vectors.
0:00:07.151344,Rahul Sharma,92,28.5,DRIBBLING_PERFECTION,Maintained brilliant execution posture vectors.
0:00:07.151344,Sagnik Guha,88,24.2,DRIBBLING_PERFECTION,Maintained brilliant execution posture vectors.
0:00:07.151344,Academy Player #3,81,19.8,DRIBBLING_PERFECTION,Maintained brilliant execution posture vectors.
0:00:07.218809,Rahul Sharma,92,28.5,DRIBBLING_PERFECTION,Maintained brilliant execution posture vectors.
0:00:07.218809,Sagnik Guha,88,24.2,DRIBBLING_PERFECTION,Maintained brilliant execution posture vectors.
0:00:07.218809,Academy Player #3,81,19.8,DRIBBLING_PERFECTION,Maintained brilliant execution posture vectors.
0:00:07.286275,Rahul Sharma,92,28.5,DRIBBLING_PERFECTION,Maintained brilliant execution posture vectors.
0:00:07.286275,Sagnik Guha,88,24.2,DRIBBLING_PERFECTION,Maintained brilliant execution posture vectors.
0:00:07.286275,Academy Player #3,81,19.8,DRIBBLING_PERFECTION,Maintained brilliant execution posture vectors.
0:00:07.353740,Rahul Sharma,92,28.5,DRIBBLING_PERFECTION,Maintained brilliant execution posture vectors.
0:00:07.353740,Sagnik Guha,88,24.2,DRIBBLING_PERFECTION,Maintained brilliant execution posture vectors.
0:00:07.353740,Academy Player #3,81,19.8,DRIBBLING_PERFECTION,Maintained brilliant execution posture vectors.
0:00:07.421206,Rahul Sharma,92,28.5,DRIBBLING_PERFECTION,Maintained brilliant execution posture vectors.
0:00:07.421206,Sagnik Guha,88,24.2,DRIBBLING_PERFECTION,Maintained brilliant execution posture vectors.
0:00:07.421206,Academy Player #3,81,19.8,DRIBBLING_PERFECTION,Maintained brilliant execution posture vectors.
0:00:07.488671,Rahul Sharma,92,28.5,DRIBBLING_PERFECTION,Maintained brilliant execution posture vectors.
0:00:07.488671,Sagnik Guha,88,24.2,DRIBBLING_PERFECTION,Maintained brilliant execution posture vectors.
0:00:07.488671,Academy Player #3,81,19.8,DRIBBLING_PERFECTION,Maintained brilliant execution posture vectors.
0:00:07.556137,Rahul Sharma,92,28.5,DRIBBLING_PERFECTION,Maintained brilliant execution posture vectors.
0:00:07.556137,Sagnik Guha,88,24.2,DRIBBLING_PERFECTION,Maintained brilliant execution posture vectors.
0:00:07.556137,Academy Player #3,81,19.8,DRIBBLING_PERFECTION,Maintained brilliant execution posture vectors.
0:00:07.623602,Rahul Sharma,92,28.5,DRIBBLING_PERFECTION,Maintained brilliant execution posture vectors.
0:00:07.623602,Sagnik Guha,88,24.2,DRIBBLING_PERFECTION,Maintained brilliant execution posture vectors.
0:00:07.623602,Academy Player #3,81,19.8,DRIBBLING_PERFECTION,Maintained brilliant execution posture vectors.
0:00:07.691068,Rahul Sharma,92,28.5,DRIBBLING_PERFECTION,Maintained brilliant execution posture vectors.
0:00:07.691068,Sagnik Guha,88,24.2,DRIBBLING_PERFECTION,Maintained brilliant execution posture vectors.
0:00:07.691068,Academy Player #3,81,19.8,DRIBBLING_PERFECTION,Maintained brilliant execution posture vectors.
0:00:07.758533,Rahul Sharma,92,28.5,DRIBBLING_PERFECTION,Maintained brilliant execution posture vectors.
0:00:07.758533,Sagnik Guha,88,24.2,DRIBBLING_PERFECTION,Maintained brilliant execution posture vectors.
0:00:07.758533,Academy Player #3,81,19.8,DRIBBLING_PERFECTION,Maintained brilliant execution posture vectors.
0:00:07.825999,Rahul Sharma,92,28.5,DRIBBLING_PERFECTION,Maintained brilliant execution posture vectors.
0:00:07.825999,Sagnik Guha,88,24.2,DRIBBLING_PERFECTION,Maintained brilliant execution posture vectors.
0:00:07.825999,Academy Player #3,81,19.8,DRIBBLING_PERFECTION,Maintained brilliant execution posture vectors.
0:00:07.893464,Rahul Sharma,92,28.5,DRIBBLING_PERFECTION,Maintained brilliant execution posture vectors.
0:00:07.893464,Sagnik Guha,88,24.2,DRIBBLING_PERFECTION,Maintained brilliant execution posture vectors.
0:00:07.893464,Academy Player #3,81,19.8,DRIBBLING_PERFECTION,Maintained brilliant execution posture vectors.
0:00:07.960930,Rahul Sharma,92,28.5,DRIBBLING_PERFECTION,Maintained brilliant execution posture vectors.
0:00:07.960930,Sagnik Guha,88,24.2,DRIBBLING_PERFECTION,Maintained brilliant execution posture vectors.
0:00:07.960930,Academy Player #3,81,19.8,DRIBBLING_PERFECTION,Maintained brilliant execution posture vectors.
0:00:08.028395,Rahul Sharma,92,28.5,DRIBBLING_PERFECTION,Maintained brilliant execution posture vectors.
0:00:08.028395,Sagnik Guha,88,24.2,DRIBBLING_PERFECTION,Maintained brilliant execution posture vectors.
0:00:08.028395,Academy Player #3,81,19.8,DRIBBLING_PERFECTION,Maintained brilliant execution posture vectors.
0:00:08.095861,Rahul Sharma,92,28.5,DRIBBLING_PERFECTION,Maintained brilliant execution posture vectors.
0:00:08.095861,Sagnik Guha,88,24.2,DRIBBLING_PERFECTION,Maintained brilliant execution posture vectors.
0:00:08.095861,Academy Player #3,81,19.8,DRIBBLING_PERFECTION,Maintained brilliant execution posture vectors.
0:00:08.163326,Rahul Sharma,92,28.5,DRIBBLING_PERFECTION,Maintained brilliant execution posture vectors.
0:00:08.163326,Sagnik Guha,88,24.2,DRIBBLING_PERFECTION,Maintained brilliant execution posture vectors.
0:00:08.163326,Academy Player #3,81,19.8,DRIBBLING_PERFECTION,Maintained brilliant execution posture vectors.
0:00:08.230792,Rahul Sharma,92,28.5,DRIBBLING_PERFECTION,Maintained brilliant execution posture vectors.
0:00:08.230792,Sagnik Guha,88,24.2,DRIBBLING_PERFECTION,Maintained brilliant execution posture vectors.
0:00:08.230792,Academy Player #3,81,19.8,DRIBBLING_PERFECTION,Maintained brilliant execution posture vectors.
0:00:08.298257,Rahul Sharma,92,28.5,DRIBBLING_PERFECTION,Maintained brilliant execution posture vectors.
0:00:08.298257,Sagnik Guha,88,24.2,DRIBBLING_PERFECTION,Maintained brilliant execution posture vectors.
0:00:08.298257,Academy Player #3,81,19.8,DRIBBLING_PERFECTION,Maintained brilliant execution posture vectors.
0:00:08.365723,Rahul Sharma,92,28.5,DRIBBLING_PERFECTION,Maintained brilliant execution posture vectors.
0:00:08.365723,Sagnik Guha,88,24.2,DRIBBLING_PERFECTION,Maintained brilliant execution posture vectors.
0:00:08.365723,Academy Player #3,81,19.8,DRIBBLING_PERFECTION,Maintained brilliant execution posture vectors.
0:00:08.433188,Rahul Sharma,92,28.5,DRIBBLING_PERFECTION,Maintained brilliant execution posture vectors.
0:00:08.433188,Sagnik Guha,88,24.2,DRIBBLING_PERFECTION,Maintained brilliant execution posture vectors.
0:00:08.433188,Academy Player #3,81,19.8,DRIBBLING_PERFECTION,Maintained brilliant execution posture vectors.
0:00:08.500654,Rahul Sharma,92,28.5,DRIBBLING_PERFECTION,Maintained brilliant execution posture vectors.
0:00:08.500654,Sagnik Guha,88,24.2,DRIBBLING_PERFECTION,Maintained brilliant execution posture vectors.
0:00:08.500654,Academy Player #3,81,19.8,DRIBBLING_PERFECTION,Maintained brilliant execution posture vectors.
0:00:08.568119,Rahul Sharma,92,28.5,DRIBBLING_PERFECTION,Maintained brilliant execution posture vectors.
0:00:08.568119,Sagnik Guha,88,24.2,DRIBBLING_PERFECTION,Maintained brilliant execution posture vectors.
0:00:08.568119,Academy Player #3,81,19.8,DRIBBLING_PERFECTION,Maintained brilliant execution posture vectors.
0:00:08.635585,Rahul Sharma,92,28.5,DRIBBLING_PERFECTION,Maintained brilliant execution posture vectors.
0:00:08.635585,Sagnik Guha,88,24.2,DRIBBLING_PERFECTION,Maintained brilliant execution posture vectors.
0:00:08.635585,Academy Player #3,81,19.8,DRIBBLING_PERFECTION,Maintained brilliant execution posture vectors.
0:00:08.703050,Rahul Sharma,92,28.5,DRIBBLING_PERFECTION,Maintained brilliant execution posture vectors.
0:00:08.703050,Sagnik Guha,88,24.2,DRIBBLING_PERFECTION,Maintained brilliant execution posture vectors.
0:00:08.703050,Academy Player #3,81,19.8,DRIBBLING_PERFECTION,Maintained brilliant execution posture vectors.
0:00:08.770516,Rahul Sharma,92,28.5,DRIBBLING_PERFECTION,Maintained brilliant execution posture vectors.
0:00:08.770516,Sagnik Guha,88,24.2,DRIBBLING_PERFECTION,Maintained brilliant execution posture vectors.
0:00:08.770516,Academy Player #3,81,19.8,DRIBBLING_PERFECTION,Maintained brilliant execution posture vectors.
0:00:08.837981,Rahul Sharma,92,28.5,DRIBBLING_PERFECTION,Maintained brilliant execution posture vectors.
0:00:08.837981,Sagnik Guha,88,24.2,DRIBBLING_PERFECTION,Maintained brilliant execution posture vectors.
0:00:08.837981,Academy Player #3,81,19.8,DRIBBLING_PERFECTION,Maintained brilliant execution posture vectors.
0:00:08.905447,Rahul Sharma,92,28.5,DRIBBLING_PERFECTION,Maintained brilliant execution posture vectors.
0:00:08.905447,Sagnik Guha,88,24.2,DRIBBLING_PERFECTION,Maintained brilliant execution posture vectors.
0:00:08.905447,Academy Player #3,81,19.8,DRIBBLING_PERFECTION,Maintained brilliant execution posture vectors.
0:00:08.972912,Rahul Sharma,92,28.5,DRIBBLING_PERFECTION,Maintained brilliant execution posture vectors.
0:00:08.972912,Sagnik Guha,88,24.2,DRIBBLING_PERFECTION,Maintained brilliant execution posture vectors.
0:00:08.972912,Academy Player #3,81,19.8,DRIBBLING_PERFECTION,Maintained brilliant execution posture vectors.
0:00:09.040378,Rahul Sharma,92,28.5,DRIBBLING_PERFECTION,Maintained brilliant execution posture vectors.
0:00:09.040378,Sagnik Guha,88,24.2,DRIBBLING_PERFECTION,Maintained brilliant execution posture vectors.
0:00:09.040378,Academy Player #3,81,19.8,DRIBBLING_PERFECTION,Maintained brilliant execution posture vectors.
0:00:09.107843,Rahul Sharma,92,28.5,DRIBBLING_PERFECTION,Maintained brilliant execution posture vectors.
0:00:09.107843,Sagnik Guha,88,24.2,DRIBBLING_PERFECTION,Maintained brilliant execution posture vectors.
0:00:09.107843,Academy Player #3,81,19.8,DRIBBLING_PERFECTION,Maintained brilliant execution posture vectors.
0:00:09.175309,Rahul Sharma,92,28.5,DRIBBLING_PERFECTION,Maintained brilliant execution posture vectors.
0:00:09.175309,Sagnik Guha,88,24.2,DRIBBLING_PERFECTION,Maintained brilliant execution posture vectors.
0:00:09.175309,Academy Player #3,81,19.8,DRIBBLING_PERFECTION,Maintained brilliant execution posture vectors.
0:00:09.242774,Rahul Sharma,92,28.5,DRIBBLING_PERFECTION,Maintained brilliant execution posture vectors.
0:00:09.242774,Sagnik Guha,88,24.2,DRIBBLING_PERFECTION,Maintained brilliant execution posture vectors.
0:00:09.242774,Academy Player #3,81,19.8,DRIBBLING_PERFECTION,Maintained brilliant execution posture vectors.
0:00:09.310240,Rahul Sharma,92,28.5,DRIBBLING_PERFECTION,Maintained brilliant execution posture vectors.
0:00:09.310240,Sagnik Guha,88,24.2,DRIBBLING_PERFECTION,Maintained brilliant execution posture vectors.
0:00:09.310240,Academy Player #3,81,19.8,DRIBBLING_PERFECTION,Maintained brilliant execution posture vectors.
0:00:09.377705,Rahul Sharma,92,28.5,DRIBBLING_PERFECTION,Maintained brilliant execution posture vectors.
0:00:09.377705,Sagnik Guha,88,24.2,DRIBBLING_PERFECTION,Maintained brilliant execution posture vectors.
0:00:09.377705,Academy Player #3,81,19.8,DRIBBLING_PERFECTION,Maintained brilliant execution posture vectors.
0:00:09.445171,Rahul Sharma,92,28.5,DRIBBLING_PERFECTION,Maintained brilliant execution posture vectors.
0:00:09.445171,Sagnik Guha,88,24.2,DRIBBLING_PERFECTION,Maintained brilliant execution posture vectors.
0:00:09.445171,Academy Player #3,81,19.8,DRIBBLING_PERFECTION,Maintained brilliant execution posture vectors.
0:00:09.512636,Rahul Sharma,92,28.5,DRIBBLING_PERFECTION,Maintained brilliant execution posture vectors.
0:00:09.512636,Sagnik Guha,88,24.2,DRIBBLING_PERFECTION,Maintained brilliant execution posture vectors.
0:00:09.512636,Academy Player #3,81,19.8,DRIBBLING_PERFECTION,Maintained brilliant execution posture vectors.
0:00:09.580102,Rahul Sharma,92,28.5,DRIBBLING_PERFECTION,Maintained brilliant execution posture vectors.
0:00:09.580102,Sagnik Guha,88,24.2,DRIBBLING_PERFECTION,Maintained brilliant execution posture vectors.
0:00:09.580102,Academy Player #3,81,19.8,DRIBBLING_PERFECTION,Maintained brilliant execution posture vectors.
0:00:09.647567,Rahul Sharma,92,28.5,DRIBBLING_PERFECTION,Maintained brilliant execution posture vectors.
0:00:09.647567,Sagnik Guha,88,24.2,DRIBBLING_PERFECTION,Maintained brilliant execution posture vectors.
0:00:09.647567,Academy Player #3,81,19.8,DRIBBLING_PERFECTION,Maintained brilliant execution posture vectors.
0:00:09.715033,Rahul Sharma,92,28.5,DRIBBLING_PERFECTION,Maintained brilliant execution posture vectors.
0:00:09.715033,Sagnik Guha,88,24.2,DRIBBLING_PERFECTION,Maintained brilliant execution posture vectors.
0:00:09.715033,Academy Player #3,81,19.8,DRIBBLING_PERFECTION,Maintained brilliant execution posture vectors.
0:00:09.782498,Rahul Sharma,92,28.5,DRIBBLING_PERFECTION,Maintained brilliant execution posture vectors.
0:00:09.782498,Sagnik Guha,88,24.2,DRIBBLING_PERFECTION,Maintained brilliant execution posture vectors.
0:00:09.782498,Academy Player #3,81,19.8,DRIBBLING_PERFECTION,Maintained brilliant execution posture vectors.
0:00:09.849964,Rahul Sharma,92,28.5,DRIBBLING_PERFECTION,Maintained brilliant execution posture vectors.
0:00:09.849964,Sagnik Guha,88,24.2,DRIBBLING_PERFECTION,Maintained brilliant execution posture vectors.
0:00:09.849964,Academy Player #3,81,19.8,DRIBBLING_PERFECTION,Maintained brilliant execution posture vectors.
0:00:09.917429,Rahul Sharma,92,28.5,DRIBBLING_PERFECTION,Maintained brilliant execution posture vectors.
0:00:09.917429,Sagnik Guha,88,24.2,DRIBBLING_PERFECTION,Maintained brilliant execution posture vectors.
0:00:09.917429,Academy Player #3,81,19.8,DRIBBLING_PERFECTION,Maintained brilliant execution posture vectors.
0:00:09.984895,Rahul Sharma,92,28.5,DRIBBLING_PERFECTION,Maintained brilliant execution posture vectors.
0:00:09.984895,Sagnik Guha,88,24.2,DRIBBLING_PERFECTION,Maintained brilliant execution posture vectors.
0:00:09.984895,Academy Player #3,81,19.8,DRIBBLING_PERFECTION,Maintained brilliant execution posture vectors.
0:00:10.052360,Rahul Sharma,92,28.5,DRIBBLING_PERFECTION,Maintained brilliant execution posture vectors.
0:00:10.052360,Sagnik Guha,88,24.2,DRIBBLING_PERFECTION,Maintained brilliant execution posture vectors.
0:00:10.052360,Academy Player #3,81,19.8,DRIBBLING_PERFECTION,Maintained brilliant execution posture vectors.
0:00:10.119826,Rahul Sharma,92,28.5,DRIBBLING_PERFECTION,Maintained brilliant execution posture vectors.
0:00:10.119826,Sagnik Guha,88,24.2,DRIBBLING_PERFECTION,Maintained brilliant execution posture vectors.
0:00:10.119826,Academy Player #3,81,19.8,DRIBBLING_PERFECTION,Maintained brilliant execution posture vectors.
0:00:10.187291,Rahul Sharma,92,28.5,DRIBBLING_PERFECTION,Maintained brilliant execution posture vectors.
0:00:10.187291,Sagnik Guha,88,24.2,DRIBBLING_PERFECTION,Maintained brilliant execution posture vectors.
0:00:10.187291,Academy Player #3,81,19.8,DRIBBLING_PERFECTION,Maintained brilliant execution posture vectors.
0:00:10.254757,Rahul Sharma,92,28.5,DRIBBLING_PERFECTION,Maintained brilliant execution posture vectors.
0:00:10.254757,Sagnik Guha,88,24.2,DRIBBLING_PERFECTION,Maintained brilliant execution posture vectors.
0:00:10.254757,Academy Player #3,81,19.8,DRIBBLING_PERFECTION,Maintained brilliant execution posture vectors.
0:00:10.322222,Rahul Sharma,92,28.5,DRIBBLING_PERFECTION,Maintained brilliant execution posture vectors.
0:00:10.322222,Sagnik Guha,88,24.2,DRIBBLING_PERFECTION,Maintained brilliant execution posture vectors.
0:00:10.322222,Academy Player #3,81,19.8,DRIBBLING_PERFECTION,Maintained brilliant execution posture vectors.
0:00:10.389688,Rahul Sharma,92,28.5,DRIBBLING_PERFECTION,Maintained brilliant execution posture vectors.
0:00:10.389688,Sagnik Guha,88,24.2,DRIBBLING_PERFECTION,Maintained brilliant execution posture vectors.
0:00:10.389688,Academy Player #3,81,19.8,DRIBBLING_PERFECTION,Maintained brilliant execution posture vectors.
0:00:10.457153,Rahul Sharma,92,28.5,DRIBBLING_PERFECTION,Maintained brilliant execution posture vectors.
0:00:10.457153,Sagnik Guha,88,24.2,DRIBBLING_PERFECTION,Maintained brilliant execution posture vectors.
0:00:10.457153,Academy Player #3,81,19.8,DRIBBLING_PERFECTION,Maintained brilliant execution posture vectors.
0:00:10.524619,Rahul Sharma,92,28.5,DRIBBLING_PERFECTION,Maintained brilliant execution posture vectors.
0:00:10.524619,Sagnik Guha,88,24.2,DRIBBLING_PERFECTION,Maintained brilliant execution posture vectors.
0:00:10.524619,Academy Player #3,81,19.8,DRIBBLING_PERFECTION,Maintained brilliant execution posture vectors.
0:00:10.592084,Rahul Sharma,92,28.5,DRIBBLING_PERFECTION,Maintained brilliant execution posture vectors.
0:00:10.592084,Sagnik Guha,88,24.2,DRIBBLING_PERFECTION,Maintained brilliant execution posture vectors.
0:00:10.592084,Academy Player #3,81,19.8,DRIBBLING_PERFECTION,Maintained brilliant execution posture vectors.
0:00:10.659550,Rahul Sharma,92,28.5,DRIBBLING_PERFECTION,Maintained brilliant execution posture vectors.
0:00:10.659550,Sagnik Guha,88,24.2,DRIBBLING_PERFECTION,Maintained brilliant execution posture vectors.
0:00:10.659550,Academy Player #3,81,19.8,DRIBBLING_PERFECTION,Maintained brilliant execution posture vectors.
0:00:10.727015,Rahul Sharma,92,28.5,DRIBBLING_PERFECTION,Maintained brilliant execution posture vectors.
0:00:10.727015,Sagnik Guha,88,24.2,DRIBBLING_PERFECTION,Maintained brilliant execution posture vectors.
0:00:10.727015,Academy Player #3,81,19.8,DRIBBLING_PERFECTION,Maintained brilliant execution posture vectors.
0:00:10.794481,Rahul Sharma,92,28.5,DRIBBLING_PERFECTION,Maintained brilliant execution posture vectors.
0:00:10.794481,Sagnik Guha,88,24.2,DRIBBLING_PERFECTION,Maintained brilliant execution posture vectors.
0:00:10.794481,Academy Player #3,81,19.8,DRIBBLING_PERFECTION,Maintained brilliant execution posture vectors.
0:00:10.861946,Rahul Sharma,92,28.5,DRIBBLING_PERFECTION,Maintained brilliant execution posture vectors.
0:00:10.861946,Sagnik Guha,88,24.2,DRIBBLING_PERFECTION,Maintained brilliant execution posture vectors.
0:00:10.861946,Academy Player #3,81,19.8,DRIBBLING_PERFECTION,Maintained brilliant execution posture vectors.
0:00:10.929412,Rahul Sharma,92,28.5,DRIBBLING_PERFECTION,Maintained brilliant execution posture vectors.
0:00:10.929412,Sagnik Guha,88,24.2,DRIBBLING_PERFECTION,Maintained brilliant execution posture vectors.
0:00:10.929412,Academy Player #3,81,19.8,DRIBBLING_PERFECTION,Maintained brilliant execution posture vectors.
0:00:10.996877,Rahul Sharma,92,28.5,DRIBBLING_PERFECTION,Maintained brilliant execution posture vectors.
0:00:10.996877,Sagnik Guha,88,24.2,DRIBBLING_PERFECTION,Maintained brilliant execution posture vectors.
0:00:10.996877,Academy Player #3,81,19.8,DRIBBLING_PERFECTION,Maintained brilliant execution posture vectors.
0:00:11.064343,Rahul Sharma,92,28.5,DRIBBLING_PERFECTION,Maintained brilliant execution posture vectors.
0:00:11.064343,Sagnik Guha,88,24.2,DRIBBLING_PERFECTION,Maintained brilliant execution posture vectors.
0:00:11.064343,Academy Player #3,81,19.8,DRIBBLING_PERFECTION,Maintained brilliant execution posture vectors.
0:00:11.131808,Rahul Sharma,92,28.5,DRIBBLING_PERFECTION,Maintained brilliant execution posture vectors.
0:00:11.131808,Sagnik Guha,88,24.2,DRIBBLING_PERFECTION,Maintained brilliant execution posture vectors.
0:00:11.131808,Academy Player #3,81,19.8,DRIBBLING_PERFECTION,Maintained brilliant execution posture vectors.
0:00:11.199274,Rahul Sharma,92,28.5,DRIBBLING_PERFECTION,Maintained brilliant execution posture vectors.
0:00:11.199274,Sagnik Guha,88,24.2,DRIBBLING_PERFECTION,Maintained brilliant execution posture vectors.
0:00:11.199274,Academy Player #3,81,19.8,DRIBBLING_PERFECTION,Maintained brilliant execution posture vectors.
0:00:11.266739,Rahul Sharma,92,28.5,DRIBBLING_PERFECTION,Maintained brilliant execution posture vectors.
0:00:11.266739,Sagnik Guha,88,24.2,DRIBBLING_PERFECTION,Maintained brilliant execution posture vectors.
0:00:11.266739,Academy Player #3,81,19.8,DRIBBLING_PERFECTION,Maintained brilliant execution posture vectors.
0:00:11.334205,Rahul Sharma,92,28.5,DRIBBLING_PERFECTION,Maintained brilliant execution posture vectors.
0:00:11.334205,Sagnik Guha,88,24.2,DRIBBLING_PERFECTION,Maintained brilliant execution posture vectors.
0:00:11.334205,Academy Player #3,81,19.8,DRIBBLING_PERFECTION,Maintained brilliant execution posture vectors.
0:00:11.401670,Rahul Sharma,92,28.5,DRIBBLING_PERFECTION,Maintained brilliant execution posture vectors.
0:00:11.401670,Sagnik Guha,88,24.2,DRIBBLING_PERFECTION,Maintained brilliant execution posture vectors.
0:00:11.401670,Academy Player #3,81,19.8,DRIBBLING_PERFECTION,Maintained brilliant execution posture vectors.
0:00:11.469136,Rahul Sharma,92,28.5,DRIBBLING_PERFECTION,Maintained brilliant execution posture vectors.
0:00:11.469136,Sagnik Guha,88,24.2,DRIBBLING_PERFECTION,Maintained brilliant execution posture vectors.
0:00:11.469136,Academy Player #3,81,19.8,DRIBBLING_PERFECTION,Maintained brilliant execution posture vectors.
0:00:11.536601,Rahul Sharma,92,28.5,DRIBBLING_PERFECTION,Maintained brilliant execution posture vectors.
0:00:11.536601,Sagnik Guha,88,24.2,DRIBBLING_PERFECTION,Maintained brilliant execution posture vectors.
0:00:11.536601,Academy Player #3,81,19.8,DRIBBLING_PERFECTION,Maintained brilliant execution posture vectors.
0:00:11.604067,Rahul Sharma,92,28.5,DRIBBLING_PERFECTION,Maintained brilliant execution posture vectors.
0:00:11.604067,Sagnik Guha,88,24.2,DRIBBLING_PERFECTION,Maintained brilliant execution posture vectors.
0:00:11.604067,Academy Player #3,81,19.8,DRIBBLING_PERFECTION,Maintained brilliant execution posture vectors.
0:00:11.671532,Rahul Sharma,92,28.5,DRIBBLING_PERFECTION,Maintained brilliant execution posture vectors.
0:00:11.671532,Sagnik Guha,88,24.2,DRIBBLING_PERFECTION,Maintained brilliant execution posture vectors.
0:00:11.671532,Academy Player #3,81,19.8,DRIBBLING_PERFECTION,Maintained brilliant execution posture vectors.
0:00:11.738998,Rahul Sharma,92,28.5,DRIBBLING_PERFECTION,Maintained brilliant execution posture vectors.
0:00:11.738998,Sagnik Guha,88,24.2,DRIBBLING_PERFECTION,Maintained brilliant execution posture vectors.
0:00:11.738998,Academy Player #3,81,19.8,DRIBBLING_PERFECTION,Maintained brilliant execution posture vectors.
0:00:11.806463,Rahul Sharma,92,28.5,DRIBBLING_PERFECTION,Maintained brilliant execution posture vectors.
0:00:11.806463,Sagnik Guha,88,24.2,DRIBBLING_PERFECTION,Maintained brilliant execution posture vectors.
0:00:11.806463,Academy Player #3,81,19.8,DRIBBLING_PERFECTION,Maintained brilliant execution posture vectors.
0:00:11.873929,Rahul Sharma,92,28.5,DRIBBLING_PERFECTION,Maintained brilliant execution posture vectors.
0:00:11.873929,Sagnik Guha,88,24.2,DRIBBLING_PERFECTION,Maintained brilliant execution posture vectors.
0:00:11.873929,Academy Player #3,81,19.8,DRIBBLING_PERFECTION,Maintained brilliant execution posture vectors.
0:00:11.941394,Rahul Sharma,92,28.5,DRIBBLING_PERFECTION,Maintained brilliant execution posture vectors.
0:00:11.941394,Sagnik Guha,88,24.2,DRIBBLING_PERFECTION,Maintained brilliant execution posture vectors.
0:00:11.941394,Academy Player #3,81,19.8,DRIBBLING_PERFECTION,Maintained brilliant execution posture vectors.
0:00:12.008860,Rahul Sharma,92,28.5,DRIBBLING_PERFECTION,Maintained brilliant execution posture vectors.
0:00:12.008860,Sagnik Guha,88,24.2,DRIBBLING_PERFECTION,Maintained brilliant execution posture vectors.
0:00:12.008860,Academy Player #3,81,19.8,DRIBBLING_PERFECTION,Maintained brilliant execution posture vectors.
0:00:12.076325,Rahul Sharma,92,28.5,DRIBBLING_PERFECTION,Maintained brilliant execution posture vectors.
0:00:12.076325,Sagnik Guha,88,24.2,DRIBBLING_PERFECTION,Maintained brilliant execution posture vectors.
0:00:12.076325,Academy Player #3,81,19.8,DRIBBLING_PERFECTION,Maintained brilliant execution posture vectors.
0:00:12.143791,Rahul Sharma,92,28.5,DRIBBLING_PERFECTION,Maintained brilliant execution posture vectors.
0:00:12.143791,Sagnik Guha,88,24.2,DRIBBLING_PERFECTION,Maintained brilliant execution posture vectors.
0:00:12.143791,Academy Player #3,81,19.8,DRIBBLING_PERFECTION,Maintained brilliant execution posture vectors.
0:00:12.211256,Rahul Sharma,92,28.5,DRIBBLING_PERFECTION,Maintained brilliant execution posture vectors.
0:00:12.211256,Sagnik Guha,88,24.2,DRIBBLING_PERFECTION,Maintained brilliant execution posture vectors.
0:00:12.211256,Academy Player #3,81,19.8,DRIBBLING_PERFECTION,Maintained brilliant execution posture vectors.
0:00:12.278722,Rahul Sharma,92,28.5,DRIBBLING_PERFECTION,Maintained brilliant execution posture vectors.
0:00:12.278722,Sagnik Guha,88,24.2,DRIBBLING_PERFECTION,Maintained brilliant execution posture vectors.
0:00:12.278722,Academy Player #3,81,19.8,DRIBBLING_PERFECTION,Maintained brilliant execution posture vectors.
0:00:12.346187,Rahul Sharma,92,28.5,DRIBBLING_PERFECTION,Maintained brilliant execution posture vectors.
0:00:12.346187,Sagnik Guha,88,24.2,DRIBBLING_PERFECTION,Maintained brilliant execution posture vectors.
0:00:12.346187,Academy Player #3,81,19.8,DRIBBLING_PERFECTION,Maintained brilliant execution posture vectors.
0:00:12.413653,Rahul Sharma,92,28.5,DRIBBLING_PERFECTION,Maintained brilliant execution posture vectors.
0:00:12.413653,Sagnik Guha,88,24.2,DRIBBLING_PERFECTION,Maintained brilliant execution posture vectors.
0:00:12.413653,Academy Player #3,81,19.8,DRIBBLING_PERFECTION,Maintained brilliant execution posture vectors.
0:00:12.481118,Rahul Sharma,92,28.5,DRIBBLING_PERFECTION,Maintained brilliant execution posture vectors.
0:00:12.481118,Sagnik Guha,88,24.2,DRIBBLING_PERFECTION,Maintained brilliant execution posture vectors.
0:00:12.481118,Academy Player #3,81,19.8,DRIBBLING_PERFECTION,Maintained brilliant execution posture vectors.
0:00:12.548584,Rahul Sharma,92,28.5,DRIBBLING_PERFECTION,Maintained brilliant execution posture vectors.
0:00:12.548584,Sagnik Guha,88,24.2,DRIBBLING_PERFECTION,Maintained brilliant execution posture vectors.
0:00:12.548584,Academy Player #3,81,19.8,DRIBBLING_PERFECTION,Maintained brilliant execution posture vectors.
0:00:12.616049,Rahul Sharma,92,28.5,DRIBBLING_PERFECTION,Maintained brilliant execution posture vectors.
0:00:12.616049,Sagnik Guha,88,24.2,DRIBBLING_PERFECTION,Maintained brilliant execution posture vectors.
0:00:12.616049,Academy Player #3,81,19.8,DRIBBLING_PERFECTION,Maintained brilliant execution posture vectors.
0:00:12.683515,Rahul Sharma,92,28.5,DRIBBLING_PERFECTION,Maintained brilliant execution posture vectors.
0:00:12.683515,Sagnik Guha,88,24.2,DRIBBLING_PERFECTION,Maintained brilliant execution posture vectors.
0:00:12.683515,Academy Player #3,81,19.8,DRIBBLING_PERFECTION,Maintained brilliant execution posture vectors.
0:00:12.750980,Rahul Sharma,92,28.5,DRIBBLING_PERFECTION,Maintained brilliant execution posture vectors.
0:00:12.750980,Sagnik Guha,88,24.2,DRIBBLING_PERFECTION,Maintained brilliant execution posture vectors.
0:00:12.750980,Academy Player #3,81,19.8,DRIBBLING_PERFECTION,Maintained brilliant execution posture vectors.
0:00:12.818446,Rahul Sharma,92,28.5,DRIBBLING_PERFECTION,Maintained brilliant execution posture vectors.
0:00:12.818446,Sagnik Guha,88,24.2,DRIBBLING_PERFECTION,Maintained brilliant execution posture vectors.
0:00:12.818446,Academy Player #3,81,19.8,DRIBBLING_PERFECTION,Maintained brilliant execution posture vectors.
0:00:12.885911,Rahul Sharma,92,28.5,DRIBBLING_PERFECTION,Maintained brilliant execution posture vectors.
0:00:12.885911,Sagnik Guha,88,24.2,DRIBBLING_PERFECTION,Maintained brilliant execution posture vectors.
0:00:12.885911,Academy Player #3,81,19.8,DRIBBLING_PERFECTION,Maintained brilliant execution posture vectors.
0:00:12.953377,Rahul Sharma,92,28.5,DRIBBLING_PERFECTION,Maintained brilliant execution posture vectors.
0:00:12.953377,Sagnik Guha,88,24.2,DRIBBLING_PERFECTION,Maintained brilliant execution posture vectors.
0:00:12.953377,Academy Player #3,81,19.8,DRIBBLING_PERFECTION,Maintained brilliant execution posture vectors.
0:00:13.020842,Rahul Sharma,92,28.5,DRIBBLING_PERFECTION,Maintained brilliant execution posture vectors.
0:00:13.020842,Sagnik Guha,88,24.2,DRIBBLING_PERFECTION,Maintained brilliant execution posture vectors.
0:00:13.020842,Academy Player #3,81,19.8,DRIBBLING_PERFECTION,Maintained brilliant execution posture vectors.
0:00:13.088308,Rahul Sharma,92,28.5,DRIBBLING_PERFECTION,Maintained brilliant execution posture vectors.
0:00:13.088308,Sagnik Guha,88,24.2,DRIBBLING_PERFECTION,Maintained brilliant execution posture vectors.
0:00:13.088308,Academy Player #3,81,19.8,DRIBBLING_PERFECTION,Maintained brilliant execution posture vectors.
0:00:13.155773,Rahul Sharma,92,28.5,DRIBBLING_PERFECTION,Maintained brilliant execution posture vectors.
0:00:13.155773,Sagnik Guha,88,24.2,DRIBBLING_PERFECTION,Maintained brilliant execution posture vectors.
0:00:13.155773,Academy Player #3,81,19.8,DRIBBLING_PERFECTION,Maintained brilliant execution posture vectors.
0:00:13.223239,Rahul Sharma,92,28.5,DRIBBLING_PERFECTION,Maintained brilliant execution posture vectors.
0:00:13.223239,Sagnik Guha,88,24.2,DRIBBLING_PERFECTION,Maintained brilliant execution posture vectors.
0:00:13.223239,Academy Player #3,81,19.8,DRIBBLING_PERFECTION,Maintained brilliant execution posture vectors.
0:00:13.290704,Rahul Sharma,92,28.5,DRIBBLING_PERFECTION,Maintained brilliant execution posture vectors.
0:00:13.290704,Sagnik Guha,88,24.2,DRIBBLING_PERFECTION,Maintained brilliant execution posture vectors.
0:00:13.290704,Academy Player #3,81,19.8,DRIBBLING_PERFECTION,Maintained brilliant execution posture vectors.
0:00:13.358170,Rahul Sharma,92,28.5,DRIBBLING_PERFECTION,Maintained brilliant execution posture vectors.
0:00:13.358170,Sagnik Guha,88,24.2,DRIBBLING_PERFECTION,Maintained brilliant execution posture vectors.
0:00:13.358170,Academy Player #3,81,19.8,DRIBBLING_PERFECTION,Maintained brilliant execution posture vectors.
0:00:13.425635,Rahul Sharma,92,28.5,DRIBBLING_PERFECTION,Maintained brilliant execution posture vectors.
0:00:13.425635,Sagnik Guha,88,24.2,DRIBBLING_PERFECTION,Maintained brilliant execution posture vectors.
0:00:13.425635,Academy Player #3,81,19.8,DRIBBLING_PERFECTION,Maintained brilliant execution posture vectors.
0:00:13.493101,Rahul Sharma,92,28.5,DRIBBLING_PERFECTION,Maintained brilliant execution posture vectors.
0:00:13.493101,Sagnik Guha,88,24.2,DRIBBLING_PERFECTION,Maintained brilliant execution posture vectors.
0:00:13.493101,Academy Player #3,81,19.8,DRIBBLING_PERFECTION,Maintained brilliant execution posture vectors.
0:00:13.560566,Rahul Sharma,92,28.5,DRIBBLING_PERFECTION,Maintained brilliant execution posture vectors.
0:00:13.560566,Sagnik Guha,88,24.2,DRIBBLING_PERFECTION,Maintained brilliant execution posture vectors.
0:00:13.560566,Academy Player #3,81,19.8,DRIBBLING_PERFECTION,Maintained brilliant execution posture vectors.
0:00:13.628032,Rahul Sharma,92,28.5,DRIBBLING_PERFECTION,Maintained brilliant execution posture vectors.
0:00:13.628032,Sagnik Guha,88,24.2,DRIBBLING_PERFECTION,Maintained brilliant execution posture vectors.
0:00:13.628032,Academy Player #3,81,19.8,DRIBBLING_PERFECTION,Maintained brilliant execution posture vectors.
0:00:13.695497,Rahul Sharma,92,28.5,DRIBBLING_PERFECTION,Maintained brilliant execution posture vectors.
0:00:13.695497,Sagnik Guha,88,24.2,DRIBBLING_PERFECTION,Maintained brilliant execution posture vectors.
0:00:13.695497,Academy Player #3,81,19.8,DRIBBLING_PERFECTION,Maintained brilliant execution posture vectors.
0:00:13.762963,Rahul Sharma,92,28.5,DRIBBLING_PERFECTION,Maintained brilliant execution posture vectors.
0:00:13.762963,Sagnik Guha,88,24.2,DRIBBLING_PERFECTION,Maintained brilliant execution posture vectors.
0:00:13.762963,Academy Player #3,81,19.8,DRIBBLING_PERFECTION,Maintained brilliant execution posture vectors.
0:00:13.830428,Rahul Sharma,92,28.5,DRIBBLING_PERFECTION,Maintained brilliant execution posture vectors.
0:00:13.830428,Sagnik Guha,88,24.2,DRIBBLING_PERFECTION,Maintained brilliant execution posture vectors.
0:00:13.830428,Academy Player #3,81,19.8,DRIBBLING_PERFECTION,Maintained brilliant execution posture vectors.
0:00:13.897894,Rahul Sharma,92,28.5,DRIBBLING_PERFECTION,Maintained brilliant execution posture vectors.
0:00:13.897894,Sagnik Guha,88,24.2,DRIBBLING_PERFECTION,Maintained brilliant execution posture vectors.
0:00:13.897894,Academy Player #3,81,19.8,DRIBBLING_PERFECTION,Maintained brilliant execution posture vectors.
0:00:13.965359,Rahul Sharma,92,28.5,DRIBBLING_PERFECTION,Maintained brilliant execution posture vectors.
0:00:13.965359,Sagnik Guha,88,24.2,DRIBBLING_PERFECTION,Maintained brilliant execution posture vectors.
0:00:13.965359,Academy Player #3,81,19.8,DRIBBLING_PERFECTION,Maintained brilliant execution posture vectors.
0:00:14.032825,Rahul Sharma,92,28.5,DRIBBLING_PERFECTION,Maintained brilliant execution posture vectors.
0:00:14.032825,Sagnik Guha,88,24.2,DRIBBLING_PERFECTION,Maintained brilliant execution posture vectors.
0:00:14.032825,Academy Player #3,81,19.8,DRIBBLING_PERFECTION,Maintained brilliant execution posture vectors.
0:00:14.100290,Rahul Sharma,92,28.5,DRIBBLING_PERFECTION,Maintained brilliant execution posture vectors.
0:00:14.100290,Sagnik Guha,88,24.2,DRIBBLING_PERFECTION,Maintained brilliant execution posture vectors.
0:00:14.100290,Academy Player #3,81,19.8,DRIBBLING_PERFECTION,Maintained brilliant execution posture vectors.
0:00:14.167756,Rahul Sharma,92,28.5,DRIBBLING_PERFECTION,Maintained brilliant execution posture vectors.
0:00:14.167756,Sagnik Guha,88,24.2,DRIBBLING_PERFECTION,Maintained brilliant execution posture vectors.
0:00:14.167756,Academy Player #3,81,19.8,DRIBBLING_PERFECTION,Maintained brilliant execution posture vectors.
0:00:14.235221,Rahul Sharma,92,28.5,DRIBBLING_PERFECTION,Maintained brilliant execution posture vectors.
0:00:14.235221,Sagnik Guha,88,24.2,DRIBBLING_PERFECTION,Maintained brilliant execution posture vectors.
0:00:14.235221,Academy Player #3,81,19.8,DRIBBLING_PERFECTION,Maintained brilliant execution posture vectors.
0:00:14.302687,Rahul Sharma,92,28.5,DRIBBLING_PERFECTION,Maintained brilliant execution posture vectors.
0:00:14.302687,Sagnik Guha,88,24.2,DRIBBLING_PERFECTION,Maintained brilliant execution posture vectors.
0:00:14.302687,Academy Player #3,81,19.8,DRIBBLING_PERFECTION,Maintained brilliant execution posture vectors.
0:00:14.370153,Rahul Sharma,92,28.5,DRIBBLING_PERFECTION,Maintained brilliant execution posture vectors.
0:00:14.370153,Sagnik Guha,88,24.2,DRIBBLING_PERFECTION,Maintained brilliant execution posture vectors.
0:00:14.370153,Academy Player #3,81,19.8,DRIBBLING_PERFECTION,Maintained brilliant execution posture vectors.
0:00:14.437618,Rahul Sharma,92,28.5,DRIBBLING_PERFECTION,Maintained brilliant execution posture vectors.
0:00:14.437618,Sagnik Guha,88,24.2,DRIBBLING_PERFECTION,Maintained brilliant execution posture vectors.
0:00:14.437618,Academy Player #3,81,19.8,DRIBBLING_PERFECTION,Maintained brilliant execution posture vectors.
0:00:14.505084,Rahul Sharma,92,28.5,DRIBBLING_PERFECTION,Maintained brilliant execution posture vectors.
0:00:14.505084,Sagnik Guha,88,24.2,DRIBBLING_PERFECTION,Maintained brilliant execution posture vectors.
0:00:14.505084,Academy Player #3,81,19.8,DRIBBLING_PERFECTION,Maintained brilliant execution posture vectors.
0:00:14.572549,Rahul Sharma,92,28.5,DRIBBLING_PERFECTION,Maintained brilliant execution posture vectors.
0:00:14.572549,Sagnik Guha,88,24.2,DRIBBLING_PERFECTION,Maintained brilliant execution posture vectors.
0:00:14.572549,Academy Player #3,81,19.8,DRIBBLING_PERFECTION,Maintained brilliant execution posture vectors.
0:00:14.640015,Rahul Sharma,92,28.5,DRIBBLING_PERFECTION,Maintained brilliant execution posture vectors.
0:00:14.640015,Sagnik Guha,88,24.2,DRIBBLING_PERFECTION,Maintained brilliant execution posture vectors.
0:00:14.640015,Academy Player #3,81,19.8,DRIBBLING_PERFECTION,Maintained brilliant execution posture vectors.
0:00:14.707480,Rahul Sharma,92,28.5,DRIBBLING_PERFECTION,Maintained brilliant execution posture vectors.
0:00:14.707480,Sagnik Guha,88,24.2,DRIBBLING_PERFECTION,Maintained brilliant execution posture vectors.
0:00:14.707480,Academy Player #3,81,19.8,DRIBBLING_PERFECTION,Maintained brilliant execution posture vectors.
0:00:14.774946,Rahul Sharma,92,28.5,DRIBBLING_PERFECTION,Maintained brilliant execution posture vectors.
0:00:14.774946,Sagnik Guha,88,24.2,DRIBBLING_PERFECTION,Maintained brilliant execution posture vectors.
0:00:14.774946,Academy Player #3,81,19.8,DRIBBLING_PERFECTION,Maintained brilliant execution posture vectors.
0:00:14.842411,Rahul Sharma,92,28.5,DRIBBLING_PERFECTION,Maintained brilliant execution posture vectors.
0:00:14.842411,Sagnik Guha,88,24.2,DRIBBLING_PERFECTION,Maintained brilliant execution posture vectors.
0:00:14.842411,Academy Player #3,81,19.8,DRIBBLING_PERFECTION,Maintained brilliant execution posture vectors.
0:00:14.909877,Rahul Sharma,92,28.5,DRIBBLING_PERFECTION,Maintained brilliant execution posture vectors.
0:00:14.909877,Sagnik Guha,88,24.2,DRIBBLING_PERFECTION,Maintained brilliant execution posture vectors.
0:00:14.909877,Academy Player #3,81,19.8,DRIBBLING_PERFECTION,Maintained brilliant execution posture vectors.
0:00:14.977342,Rahul Sharma,92,28.5,DRIBBLING_PERFECTION,Maintained brilliant execution posture vectors.
0:00:14.977342,Sagnik Guha,88,24.2,DRIBBLING_PERFECTION,Maintained brilliant execution posture vectors.
0:00:14.977342,Academy Player #3,81,19.8,DRIBBLING_PERFECTION,Maintained brilliant execution posture vectors.
0:00:15.044808,Rahul Sharma,92,28.5,DRIBBLING_PERFECTION,Maintained brilliant execution posture vectors.
0:00:15.044808,Sagnik Guha,88,24.2,DRIBBLING_PERFECTION,Maintained brilliant execution posture vectors.
0:00:15.044808,Academy Player #3,81,19.8,DRIBBLING_PERFECTION,Maintained brilliant execution posture vectors.
0:00:15.112273,Rahul Sharma,92,28.5,DRIBBLING_PERFECTION,Maintained brilliant execution posture vectors.
0:00:15.112273,Sagnik Guha,88,24.2,DRIBBLING_PERFECTION,Maintained brilliant execution posture vectors.
0:00:15.112273,Academy Player #3,81,19.8,DRIBBLING_PERFECTION,Maintained brilliant execution posture vectors.
0:00:15.179739,Rahul Sharma,92,28.5,DRIBBLING_PERFECTION,Maintained brilliant execution posture vectors.
0:00:15.179739,Sagnik Guha,88,24.2,DRIBBLING_PERFECTION,Maintained brilliant execution posture vectors.
0:00:15.179739,Academy Player #3,81,19.8,DRIBBLING_PERFECTION,Maintained brilliant execution posture vectors.
0:00:15.247204,Rahul Sharma,92,28.5,DRIBBLING_PERFECTION,Maintained brilliant execution posture vectors.
0:00:15.247204,Sagnik Guha,88,24.2,DRIBBLING_PERFECTION,Maintained brilliant execution posture vectors.
0:00:15.247204,Academy Player #3,81,19.8,DRIBBLING_PERFECTION,Maintained brilliant execution posture vectors.
0:00:15.314670,Rahul Sharma,92,28.5,DRIBBLING_PERFECTION,Maintained brilliant execution posture vectors.
0:00:15.314670,Sagnik Guha,88,24.2,DRIBBLING_PERFECTION,Maintained brilliant execution posture vectors.
0:00:15.314670,Academy Player #3,81,19.8,DRIBBLING_PERFECTION,Maintained brilliant execution posture vectors.
0:00:15.382135,Rahul Sharma,92,28.5,DRIBBLING_PERFECTION,Maintained brilliant execution posture vectors.
0:00:15.382135,Sagnik Guha,88,24.2,DRIBBLING_PERFECTION,Maintained brilliant execution posture vectors.
0:00:15.382135,Academy Player #3,81,19.8,DRIBBLING_PERFECTION,Maintained brilliant execution posture vectors.
0:00:15.449601,Rahul Sharma,92,28.5,DRIBBLING_PERFECTION,Maintained brilliant execution posture vectors.
0:00:15.449601,Sagnik Guha,88,24.2,DRIBBLING_PERFECTION,Maintained brilliant execution posture vectors.
0:00:15.449601,Academy Player #3,81,19.8,DRIBBLING_PERFECTION,Maintained brilliant execution posture vectors.
0:00:15.517066,Rahul Sharma,92,28.5,DRIBBLING_PERFECTION,Maintained brilliant execution posture vectors.
0:00:15.517066,Sagnik Guha,88,24.2,DRIBBLING_PERFECTION,Maintained brilliant execution posture vectors.
0:00:15.517066,Academy Player #3,81,19.8,DRIBBLING_PERFECTION,Maintained brilliant execution posture vectors.
0:00:15.584532,Rahul Sharma,92,28.5,DRIBBLING_PERFECTION,Maintained brilliant execution posture vectors.
0:00:15.584532,Sagnik Guha,88,24.2,DRIBBLING_PERFECTION,Maintained brilliant execution posture vectors.
0:00:15.584532,Academy Player #3,81,19.8,DRIBBLING_PERFECTION,Maintained brilliant execution posture vectors.
0:00:15.651997,Rahul Sharma,92,28.5,DRIBBLING_PERFECTION,Maintained brilliant execution posture vectors.
0:00:15.651997,Sagnik Guha,88,24.2,DRIBBLING_PERFECTION,Maintained brilliant execution posture vectors.
0:00:15.651997,Academy Player #3,81,19.8,DRIBBLING_PERFECTION,Maintained brilliant execution posture vectors.
0:00:15.719463,Rahul Sharma,92,28.5,DRIBBLING_PERFECTION,Maintained brilliant execution posture vectors.
0:00:15.719463,Sagnik Guha,88,24.2,DRIBBLING_PERFECTION,Maintained brilliant execution posture vectors.
0:00:15.719463,Academy Player #3,81,19.8,DRIBBLING_PERFECTION,Maintained brilliant execution posture vectors.
0:00:15.786928,Rahul Sharma,92,28.5,DRIBBLING_PERFECTION,Maintained brilliant execution posture vectors.
0:00:15.786928,Sagnik Guha,88,24.2,DRIBBLING_PERFECTION,Maintained brilliant execution posture vectors.
0:00:15.786928,Academy Player #3,81,19.8,DRIBBLING_PERFECTION,Maintained brilliant execution posture vectors.
0:00:15.854394,Rahul Sharma,92,28.5,DRIBBLING_PERFECTION,Maintained brilliant execution posture vectors.
0:00:15.854394,Sagnik Guha,88,24.2,DRIBBLING_PERFECTION,Maintained brilliant execution posture vectors.
0:00:15.854394,Academy Player #3,81,19.8,DRIBBLING_PERFECTION,Maintained brilliant execution posture vectors.
0:00:15.921859,Rahul Sharma,92,28.5,DRIBBLING_PERFECTION,Maintained brilliant execution posture vectors.
0:00:15.921859,Sagnik Guha,88,24.2,DRIBBLING_PERFECTION,Maintained brilliant execution posture vectors.
0:00:15.921859,Academy Player #3,81,19.8,DRIBBLING_PERFECTION,Maintained brilliant execution posture vectors.
0:00:15.989325,Rahul Sharma,92,28.5,DRIBBLING_PERFECTION,Maintained brilliant execution posture vectors.
0:00:15.989325,Sagnik Guha,88,24.2,DRIBBLING_PERFECTION,Maintained brilliant execution posture vectors.
0:00:15.989325,Academy Player #3,81,19.8,DRIBBLING_PERFECTION,Maintained brilliant execution posture vectors.
0:00:16.056790,Rahul Sharma,92,28.5,DRIBBLING_PERFECTION,Maintained brilliant execution posture vectors.
0:00:16.056790,Sagnik Guha,88,24.2,DRIBBLING_PERFECTION,Maintained brilliant execution posture vectors.
0:00:16.056790,Academy Player #3,81,19.8,DRIBBLING_PERFECTION,Maintained brilliant execution posture vectors.
0:00:16.124256,Rahul Sharma,92,28.5,DRIBBLING_PERFECTION,Maintained brilliant execution posture vectors.
0:00:16.124256,Sagnik Guha,88,24.2,DRIBBLING_PERFECTION,Maintained brilliant execution posture vectors.
0:00:16.124256,Academy Player #3,81,19.8,DRIBBLING_PERFECTION,Maintained brilliant execution posture vectors.
0:00:16.191721,Rahul Sharma,92,28.5,DRIBBLING_PERFECTION,Maintained brilliant execution posture vectors.
0:00:16.191721,Sagnik Guha,88,24.2,DRIBBLING_PERFECTION,Maintained brilliant execution posture vectors.
0:00:16.191721,Academy Player #3,81,19.8,DRIBBLING_PERFECTION,Maintained brilliant execution posture vectors.
0:00:16.259187,Rahul Sharma,92,28.5,DRIBBLING_PERFECTION,Maintained brilliant execution posture vectors.
0:00:16.259187,Sagnik Guha,88,24.2,DRIBBLING_PERFECTION,Maintained brilliant execution posture vectors.
0:00:16.259187,Academy Player #3,81,19.8,DRIBBLING_PERFECTION,Maintained brilliant execution posture vectors.
0:00:16.326652,Rahul Sharma,92,28.5,DRIBBLING_PERFECTION,Maintained brilliant execution posture vectors.
0:00:16.326652,Sagnik Guha,88,24.2,DRIBBLING_PERFECTION,Maintained brilliant execution posture vectors.
0:00:16.326652,Academy Player #3,81,19.8,DRIBBLING_PERFECTION,Maintained brilliant execution posture vectors.
0:00:16.394118,Rahul Sharma,92,28.5,DRIBBLING_PERFECTION,Maintained brilliant execution posture vectors.
0:00:16.394118,Sagnik Guha,88,24.2,DRIBBLING_PERFECTION,Maintained brilliant execution posture vectors.
0:00:16.394118,Academy Player #3,81,19.8,DRIBBLING_PERFECTION,Maintained brilliant execution posture vectors.
0:00:16.461583,Rahul Sharma,92,28.5,DRIBBLING_PERFECTION,Maintained brilliant execution posture vectors.
0:00:16.461583,Sagnik Guha,88,24.2,DRIBBLING_PERFECTION,Maintained brilliant execution posture vectors.
0:00:16.461583,Academy Player #3,81,19.8,DRIBBLING_PERFECTION,Maintained brilliant execution posture vectors.
0:00:16.529049,Rahul Sharma,92,28.5,DRIBBLING_PERFECTION,Maintained brilliant execution posture vectors.
0:00:16.529049,Sagnik Guha,88,24.2,DRIBBLING_PERFECTION,Maintained brilliant execution posture vectors.
0:00:16.529049,Academy Player #3,81,19.8,DRIBBLING_PERFECTION,Maintained brilliant execution posture vectors.
0:00:16.596514,Rahul Sharma,92,28.5,DRIBBLING_PERFECTION,Maintained brilliant execution posture vectors.
0:00:16.596514,Sagnik Guha,88,24.2,DRIBBLING_PERFECTION,Maintained brilliant execution posture vectors.
0:00:16.596514,Academy Player #3,81,19.8,DRIBBLING_PERFECTION,Maintained brilliant execution posture vectors.
0:00:16.663980,Rahul Sharma,92,28.5,DRIBBLING_PERFECTION,Maintained brilliant execution posture vectors.
0:00:16.663980,Sagnik Guha,88,24.2,DRIBBLING_PERFECTION,Maintained brilliant execution posture vectors.
0:00:16.663980,Academy Player #3,81,19.8,DRIBBLING_PERFECTION,Maintained brilliant execution posture vectors.
0:00:16.731445,Rahul Sharma,92,28.5,DRIBBLING_PERFECTION,Maintained brilliant execution posture vectors.
0:00:16.731445,Sagnik Guha,88,24.2,DRIBBLING_PERFECTION,Maintained brilliant execution posture vectors.
0:00:16.731445,Academy Player #3,81,19.8,DRIBBLING_PERFECTION,Maintained brilliant execution posture vectors.
0:00:16.798911,Rahul Sharma,92,28.5,DRIBBLING_PERFECTION,Maintained brilliant execution posture vectors.
0:00:16.798911,Sagnik Guha,88,24.2,DRIBBLING_PERFECTION,Maintained brilliant execution posture vectors.
0:00:16.798911,Academy Player #3,81,19.8,DRIBBLING_PERFECTION,Maintained brilliant execution posture vectors.
0:00:16.866376,Rahul Sharma,92,28.5,DRIBBLING_PERFECTION,Maintained brilliant execution posture vectors.
0:00:16.866376,Sagnik Guha,88,24.2,DRIBBLING_PERFECTION,Maintained brilliant execution posture vectors.
0:00:16.866376,Academy Player #3,81,19.8,DRIBBLING_PERFECTION,Maintained brilliant execution posture vectors.
0:00:16.933842,Rahul Sharma,92,28.5,DRIBBLING_PERFECTION,Maintained brilliant execution posture vectors.
0:00:16.933842,Sagnik Guha,88,24.2,DRIBBLING_PERFECTION,Maintained brilliant execution posture vectors.
0:00:16.933842,Academy Player #3,81,19.8,DRIBBLING_PERFECTION,Maintained brilliant execution posture vectors.
0:00:17.001307,Rahul Sharma,92,28.5,DRIBBLING_PERFECTION,Maintained brilliant execution posture vectors.
0:00:17.001307,Sagnik Guha,88,24.2,DRIBBLING_PERFECTION,Maintained brilliant execution posture vectors.
0:00:17.001307,Academy Player #3,81,19.8,DRIBBLING_PERFECTION,Maintained brilliant execution posture vectors.
0:00:17.068773,Rahul Sharma,92,28.5,DRIBBLING_PERFECTION,Maintained brilliant execution posture vectors.
0:00:17.068773,Sagnik Guha,88,24.2,DRIBBLING_PERFECTION,Maintained brilliant execution posture vectors.
0:00:17.068773,Academy Player #3,81,19.8,DRIBBLING_PERFECTION,Maintained brilliant execution posture vectors.
0:00:17.136238,Rahul Sharma,92,28.5,DRIBBLING_PERFECTION,Maintained brilliant execution posture vectors.
0:00:17.136238,Sagnik Guha,88,24.2,DRIBBLING_PERFECTION,Maintained brilliant execution posture vectors.
0:00:17.136238,Academy Player #3,81,19.8,DRIBBLING_PERFECTION,Maintained brilliant execution posture vectors.
0:00:17.203704,Rahul Sharma,92,28.5,DRIBBLING_PERFECTION,Maintained brilliant execution posture vectors.
0:00:17.203704,Sagnik Guha,88,24.2,DRIBBLING_PERFECTION,Maintained brilliant execution posture vectors.
0:00:17.203704,Academy Player #3,81,19.8,DRIBBLING_PERFECTION,Maintained brilliant execution posture vectors.
0:00:17.271169,Rahul Sharma,92,28.5,DRIBBLING_PERFECTION,Maintained brilliant execution posture vectors.
0:00:17.271169,Sagnik Guha,88,24.2,DRIBBLING_PERFECTION,Maintained brilliant execution posture vectors.
0:00:17.271169,Academy Player #3,81,19.8,DRIBBLING_PERFECTION,Maintained brilliant execution posture vectors.
0:00:17.338635,Rahul Sharma,92,28.5,DRIBBLING_PERFECTION,Maintained brilliant execution posture vectors.
0:00:17.338635,Sagnik Guha,88,24.2,DRIBBLING_PERFECTION,Maintained brilliant execution posture vectors.
0:00:17.338635,Academy Player #3,81,19.8,DRIBBLING_PERFECTION,Maintained brilliant execution posture vectors.
0:00:17.406100,Rahul Sharma,92,28.5,DRIBBLING_PERFECTION,Maintained brilliant execution posture vectors.
0:00:17.406100,Sagnik Guha,88,24.2,DRIBBLING_PERFECTION,Maintained brilliant execution posture vectors.
0:00:17.406100,Academy Player #3,81,19.8,DRIBBLING_PERFECTION,Maintained brilliant execution posture vectors.
0:00:17.473566,Rahul Sharma,92,28.5,DRIBBLING_PERFECTION,Maintained brilliant execution posture vectors.
0:00:17.473566,Sagnik Guha,88,24.2,DRIBBLING_PERFECTION,Maintained brilliant execution posture vectors.
0:00:17.473566,Academy Player #3,81,19.8,DRIBBLING_PERFECTION,Maintained brilliant execution posture vectors.
0:00:17.541031,Rahul Sharma,92,28.5,DRIBBLING_PERFECTION,Maintained brilliant execution posture vectors.
0:00:17.541031,Sagnik Guha,88,24.2,DRIBBLING_PERFECTION,Maintained brilliant execution posture vectors.
0:00:17.541031,Academy Player #3,81,19.8,DRIBBLING_PERFECTION,Maintained brilliant execution posture vectors.
0:00:17.608497,Rahul Sharma,92,28.5,DRIBBLING_PERFECTION,Maintained brilliant execution posture vectors.
0:00:17.608497,Sagnik Guha,88,24.2,DRIBBLING_PERFECTION,Maintained brilliant execution posture vectors.
0:00:17.608497,Academy Player #3,81,19.8,DRIBBLING_PERFECTION,Maintained brilliant execution posture vectors.
0:00:17.675962,Rahul Sharma,92,28.5,DRIBBLING_PERFECTION,Maintained brilliant execution posture vectors.
0:00:17.675962,Sagnik Guha,88,24.2,DRIBBLING_PERFECTION,Maintained brilliant execution posture vectors.
0:00:17.675962,Academy Player #3,81,19.8,DRIBBLING_PERFECTION,Maintained brilliant execution posture vectors.
0:00:17.743428,Rahul Sharma,92,28.5,DRIBBLING_PERFECTION,Maintained brilliant execution posture vectors.
0:00:17.743428,Sagnik Guha,88,24.2,DRIBBLING_PERFECTION,Maintained brilliant execution posture vectors.
0:00:17.743428,Academy Player #3,81,19.8,DRIBBLING_PERFECTION,Maintained brilliant execution posture vectors.
0:00:17.810893,Rahul Sharma,92,28.5,DRIBBLING_PERFECTION,Maintained brilliant execution posture vectors.
0:00:17.810893,Sagnik Guha,88,24.2,DRIBBLING_PERFECTION,Maintained brilliant execution posture vectors.
0:00:17.810893,Academy Player #3,81,19.8,DRIBBLING_PERFECTION,Maintained brilliant execution posture vectors.
0:00:17.878359,Rahul Sharma,92,28.5,DRIBBLING_PERFECTION,Maintained brilliant execution posture vectors.
0:00:17.878359,Sagnik Guha,88,24.2,DRIBBLING_PERFECTION,Maintained brilliant execution posture vectors.
0:00:17.878359,Academy Player #3,81,19.8,DRIBBLING_PERFECTION,Maintained brilliant execution posture vectors.
0:00:17.945824,Rahul Sharma,92,28.5,DRIBBLING_PERFECTION,Maintained brilliant execution posture vectors.
0:00:17.945824,Sagnik Guha,88,24.2,DRIBBLING_PERFECTION,Maintained brilliant execution posture vectors.
0:00:17.945824,Academy Player #3,81,19.8,DRIBBLING_PERFECTION,Maintained brilliant execution posture vectors.
0:00:18.013290,Rahul Sharma,92,28.5,DRIBBLING_PERFECTION,Maintained brilliant execution posture vectors.
0:00:18.013290,Sagnik Guha,88,24.2,DRIBBLING_PERFECTION,Maintained brilliant execution posture vectors.
0:00:18.013290,Academy Player #3,81,19.8,DRIBBLING_PERFECTION,Maintained brilliant execution posture vectors.
0:00:18.080755,Rahul Sharma,92,28.5,DRIBBLING_PERFECTION,Maintained brilliant execution posture vectors.
0:00:18.080755,Sagnik Guha,88,24.2,DRIBBLING_PERFECTION,Maintained brilliant execution posture vectors.
0:00:18.080755,Academy Player #3,81,19.8,DRIBBLING_PERFECTION,Maintained brilliant execution posture vectors.
0:00:18.148221,Rahul Sharma,92,28.5,DRIBBLING_PERFECTION,Maintained brilliant execution posture vectors.
0:00:18.148221,Sagnik Guha,88,24.2,DRIBBLING_PERFECTION,Maintained brilliant execution posture vectors.
0:00:18.148221,Academy Player #3,81,19.8,DRIBBLING_PERFECTION,Maintained brilliant execution posture vectors.
0:00:18.215686,Rahul Sharma,92,28.5,DRIBBLING_PERFECTION,Maintained brilliant execution posture vectors.
0:00:18.215686,Sagnik Guha,88,24.2,DRIBBLING_PERFECTION,Maintained brilliant execution posture vectors.
0:00:18.215686,Academy Player #3,81,19.8,DRIBBLING_PERFECTION,Maintained brilliant execution posture vectors.
0:00:18.283152,Rahul Sharma,92,28.5,DRIBBLING_PERFECTION,Maintained brilliant execution posture vectors.
0:00:18.283152,Sagnik Guha,88,24.2,DRIBBLING_PERFECTION,Maintained brilliant execution posture vectors.
0:00:18.283152,Academy Player #3,81,19.8,DRIBBLING_PERFECTION,Maintained brilliant execution posture vectors.
0:00:18.350617,Rahul Sharma,92,28.5,DRIBBLING_PERFECTION,Maintained brilliant execution posture vectors.
0:00:18.350617,Sagnik Guha,88,24.2,DRIBBLING_PERFECTION,Maintained brilliant execution posture vectors.
0:00:18.350617,Academy Player #3,81,19.8,DRIBBLING_PERFECTION,Maintained brilliant execution posture vectors.
0:00:18.418083,Rahul Sharma,92,28.5,DRIBBLING_PERFECTION,Maintained brilliant execution posture vectors.
0:00:18.418083,Sagnik Guha,88,24.2,DRIBBLING_PERFECTION,Maintained brilliant execution posture vectors.
0:00:18.418083,Academy Player #3,81,19.8,DRIBBLING_PERFECTION,Maintained brilliant execution posture vectors.
0:00:18.485548,Rahul Sharma,92,28.5,DRIBBLING_PERFECTION,Maintained brilliant execution posture vectors.
0:00:18.485548,Sagnik Guha,88,24.2,DRIBBLING_PERFECTION,Maintained brilliant execution posture vectors.
0:00:18.485548,Academy Player #3,81,19.8,DRIBBLING_PERFECTION,Maintained brilliant execution posture vectors.
0:00:18.553014,Rahul Sharma,92,28.5,DRIBBLING_PERFECTION,Maintained brilliant execution posture vectors.
0:00:18.553014,Sagnik Guha,88,24.2,DRIBBLING_PERFECTION,Maintained brilliant execution posture vectors.
0:00:18.553014,Academy Player #3,81,19.8,DRIBBLING_PERFECTION,Maintained brilliant execution posture vectors.
0:00:18.620479,Rahul Sharma,92,28.5,DRIBBLING_PERFECTION,Maintained brilliant execution posture vectors.
0:00:18.620479,Sagnik Guha,88,24.2,DRIBBLING_PERFECTION,Maintained brilliant execution posture vectors.
0:00:18.620479,Academy Player #3,81,19.8,DRIBBLING_PERFECTION,Maintained brilliant execution posture vectors.
0:00:18.687945,Rahul Sharma,92,28.5,DRIBBLING_PERFECTION,Maintained brilliant execution posture vectors.
0:00:18.687945,Sagnik Guha,88,24.2,DRIBBLING_PERFECTION,Maintained brilliant execution posture vectors.
0:00:18.687945,Academy Player #3,81,19.8,DRIBBLING_PERFECTION,Maintained brilliant execution posture vectors.
0:00:18.755410,Rahul Sharma,92,28.5,DRIBBLING_PERFECTION,Maintained brilliant execution posture vectors.
0:00:18.755410,Sagnik Guha,88,24.2,DRIBBLING_PERFECTION,Maintained brilliant execution posture vectors.
0:00:18.755410,Academy Player #3,81,19.8,DRIBBLING_PERFECTION,Maintained brilliant execution posture vectors.
0:00:18.822876,Rahul Sharma,92,28.5,DRIBBLING_PERFECTION,Maintained brilliant execution posture vectors.
0:00:18.822876,Sagnik Guha,88,24.2,DRIBBLING_PERFECTION,Maintained brilliant execution posture vectors.
0:00:18.822876,Academy Player #3,81,19.8,DRIBBLING_PERFECTION,Maintained brilliant execution posture vectors.
0:00:18.890341,Rahul Sharma,92,28.5,DRIBBLING_PERFECTION,Maintained brilliant execution posture vectors.
0:00:18.890341,Sagnik Guha,88,24.2,DRIBBLING_PERFECTION,Maintained brilliant execution posture vectors.
0:00:18.890341,Academy Player #3,81,19.8,DRIBBLING_PERFECTION,Maintained brilliant execution posture vectors.
0:00:18.957807,Rahul Sharma,92,28.5,DRIBBLING_PERFECTION,Maintained brilliant execution posture vectors.
0:00:18.957807,Sagnik Guha,88,24.2,DRIBBLING_PERFECTION,Maintained brilliant execution posture vectors.
0:00:18.957807,Academy Player #3,81,19.8,DRIBBLING_PERFECTION,Maintained brilliant execution posture vectors.
0:00:19.025272,Rahul Sharma,92,28.5,DRIBBLING_PERFECTION,Maintained brilliant execution posture vectors.
0:00:19.025272,Sagnik Guha,88,24.2,DRIBBLING_PERFECTION,Maintained brilliant execution posture vectors.
0:00:19.025272,Academy Player #3,81,19.8,DRIBBLING_PERFECTION,Maintained brilliant execution posture vectors.
0:00:19.092738,Rahul Sharma,92,28.5,DRIBBLING_PERFECTION,Maintained brilliant execution posture vectors.
0:00:19.092738,Sagnik Guha,88,24.2,DRIBBLING_PERFECTION,Maintained brilliant execution posture vectors.
0:00:19.092738,Academy Player #3,81,19.8,DRIBBLING_PERFECTION,Maintained brilliant execution posture vectors.
0:00:19.160203,Rahul Sharma,92,28.5,DRIBBLING_PERFECTION,Maintained brilliant execution posture vectors.
0:00:19.160203,Sagnik Guha,88,24.2,DRIBBLING_PERFECTION,Maintained brilliant execution posture vectors.
0:00:19.160203,Academy Player #3,81,19.8,DRIBBLING_PERFECTION,Maintained brilliant execution posture vectors.
0:00:19.227669,Rahul Sharma,92,28.5,DRIBBLING_PERFECTION,Maintained brilliant execution posture vectors.
0:00:19.227669,Sagnik Guha,88,24.2,DRIBBLING_PERFECTION,Maintained brilliant execution posture vectors.
0:00:19.227669,Academy Player #3,81,19.8,DRIBBLING_PERFECTION,Maintained brilliant execution posture vectors.
0:00:19.295134,Rahul Sharma,92,28.5,DRIBBLING_PERFECTION,Maintained brilliant execution posture vectors.
0:00:19.295134,Sagnik Guha,88,24.2,DRIBBLING_PERFECTION,Maintained brilliant execution posture vectors.
0:00:19.295134,Academy Player #3,81,19.8,DRIBBLING_PERFECTION,Maintained brilliant execution posture vectors.
0:00:19.362600,Rahul Sharma,92,28.5,DRIBBLING_PERFECTION,Maintained brilliant execution posture vectors.
0:00:19.362600,Sagnik Guha,88,24.2,DRIBBLING_PERFECTION,Maintained brilliant execution posture vectors.
0:00:19.362600,Academy Player #3,81,19.8,DRIBBLING_PERFECTION,Maintained brilliant execution posture vectors.
0:00:19.430065,Rahul Sharma,92,28.5,DRIBBLING_PERFECTION,Maintained brilliant execution posture vectors.
0:00:19.430065,Sagnik Guha,88,24.2,DRIBBLING_PERFECTION,Maintained brilliant execution posture vectors.
0:00:19.430065,Academy Player #3,81,19.8,DRIBBLING_PERFECTION,Maintained brilliant execution posture vectors.
0:00:19.497531,Rahul Sharma,92,28.5,DRIBBLING_PERFECTION,Maintained brilliant execution posture vectors.
0:00:19.497531,Sagnik Guha,88,24.2,DRIBBLING_PERFECTION,Maintained brilliant execution posture vectors.
0:00:19.497531,Academy Player #3,81,19.8,DRIBBLING_PERFECTION,Maintained brilliant execution posture vectors.
0:00:19.564996,Rahul Sharma,92,28.5,DRIBBLING_PERFECTION,Maintained brilliant execution posture vectors.
0:00:19.564996,Sagnik Guha,88,24.2,DRIBBLING_PERFECTION,Maintained brilliant execution posture vectors.
0:00:19.564996,Academy Player #3,81,19.8,DRIBBLING_PERFECTION,Maintained brilliant execution posture vectors.
0:00:19.632462,Rahul Sharma,92,28.5,DRIBBLING_PERFECTION,Maintained brilliant execution posture vectors.
0:00:19.632462,Sagnik Guha,88,24.2,DRIBBLING_PERFECTION,Maintained brilliant execution posture vectors.
0:00:19.632462,Academy Player #3,81,19.8,DRIBBLING_PERFECTION,Maintained brilliant execution posture vectors.
0:00:19.699927,Rahul Sharma,92,28.5,DRIBBLING_PERFECTION,Maintained brilliant execution posture vectors.
0:00:19.699927,Sagnik Guha,88,24.2,DRIBBLING_PERFECTION,Maintained brilliant execution posture vectors.
0:00:19.699927,Academy Player #3,81,19.8,DRIBBLING_PERFECTION,Maintained brilliant execution posture vectors.
0:00:19.767393,Rahul Sharma,92,28.5,DRIBBLING_PERFECTION,Maintained brilliant execution posture vectors.
0:00:19.767393,Sagnik Guha,88,24.2,DRIBBLING_PERFECTION,Maintained brilliant execution posture vectors.
0:00:19.767393,Academy Player #3,81,19.8,DRIBBLING_PERFECTION,Maintained brilliant execution posture vectors.
0:00:19.834858,Rahul Sharma,92,28.5,DRIBBLING_PERFECTION,Maintained brilliant execution posture vectors.
0:00:19.834858,Sagnik Guha,88,24.2,DRIBBLING_PERFECTION,Maintained brilliant execution posture vectors.
0:00:19.834858,Academy Player #3,81,19.8,DRIBBLING_PERFECTION,Maintained brilliant execution posture vectors.
0:00:19.902324,Rahul Sharma,92,28.5,DRIBBLING_PERFECTION,Maintained brilliant execution posture vectors.
0:00:19.902324,Sagnik Guha,88,24.2,DRIBBLING_PERFECTION,Maintained brilliant execution posture vectors.
0:00:19.902324,Academy Player #3,81,19.8,DRIBBLING_PERFECTION,Maintained brilliant execution posture vectors.
0:00:19.969789,Rahul Sharma,92,28.5,DRIBBLING_PERFECTION,Maintained brilliant execution posture vectors.
0:00:19.969789,Sagnik Guha,88,24.2,DRIBBLING_PERFECTION,Maintained brilliant execution posture vectors.
0:00:19.969789,Academy Player #3,81,19.8,DRIBBLING_PERFECTION,Maintained brilliant execution posture vectors.
0:00:20.037255,Rahul Sharma,92,28.5,DRIBBLING_PERFECTION,Maintained brilliant execution posture vectors.
0:00:20.037255,Sagnik Guha,88,24.2,DRIBBLING_PERFECTION,Maintained brilliant execution posture vectors.
0:00:20.037255,Academy Player #3,81,19.8,DRIBBLING_PERFECTION,Maintained brilliant execution posture vectors.
0:00:20.104720,Rahul Sharma,92,28.5,DRIBBLING_PERFECTION,Maintained brilliant execution posture vectors.
0:00:20.104720,Sagnik Guha,88,24.2,DRIBBLING_PERFECTION,Maintained brilliant execution posture vectors.
0:00:20.104720,Academy Player #3,81,19.8,DRIBBLING_PERFECTION,Maintained brilliant execution posture vectors.
0:00:20.172186,Rahul Sharma,92,28.5,DRIBBLING_PERFECTION,Maintained brilliant execution posture vectors.
0:00:20.172186,Sagnik Guha,88,24.2,DRIBBLING_PERFECTION,Maintained brilliant execution posture vectors.
0:00:20.172186,Academy Player #3,81,19.8,DRIBBLING_PERFECTION,Maintained brilliant execution posture vectors.
0:00:20.239651,Rahul Sharma,92,28.5,DRIBBLING_PERFECTION,Maintained brilliant execution posture vectors.
0:00:20.239651,Sagnik Guha,88,24.2,DRIBBLING_PERFECTION,Maintained brilliant execution posture vectors.
0:00:20.239651,Academy Player #3,81,19.8,DRIBBLING_PERFECTION,Maintained brilliant execution posture vectors.
0:00:20.307117,Rahul Sharma,92,28.5,DRIBBLING_PERFECTION,Maintained brilliant execution posture vectors.
0:00:20.307117,Sagnik Guha,88,24.2,DRIBBLING_PERFECTION,Maintained brilliant execution posture vectors.
0:00:20.307117,Academy Player #3,81,19.8,DRIBBLING_PERFECTION,Maintained brilliant execution posture vectors.
0:00:20.374582,Rahul Sharma,92,28.5,DRIBBLING_PERFECTION,Maintained brilliant execution posture vectors.
0:00:20.374582,Sagnik Guha,88,24.2,DRIBBLING_PERFECTION,Maintained brilliant execution posture vectors.
0:00:20.374582,Academy Player #3,81,19.8,DRIBBLING_PERFECTION,Maintained brilliant execution posture vectors.
0:00:20.442048,Rahul Sharma,92,28.5,DRIBBLING_PERFECTION,Maintained brilliant execution posture vectors.
0:00:20.442048,Sagnik Guha,88,24.2,DRIBBLING_PERFECTION,Maintained brilliant execution posture vectors.
0:00:20.442048,Academy Player #3,81,19.8,DRIBBLING_PERFECTION,Maintained brilliant execution posture vectors.
0:00:20.509513,Rahul Sharma,92,28.5,DRIBBLING_PERFECTION,Maintained brilliant execution posture vectors.
0:00:20.509513,Sagnik Guha,88,24.2,DRIBBLING_PERFECTION,Maintained brilliant execution posture vectors.
0:00:20.509513,Academy Player #3,81,19.8,DRIBBLING_PERFECTION,Maintained brilliant execution posture vectors.
0:00:20.576979,Rahul Sharma,92,28.5,DRIBBLING_PERFECTION,Maintained brilliant execution posture vectors.
0:00:20.576979,Sagnik Guha,88,24.2,DRIBBLING_PERFECTION,Maintained brilliant execution posture vectors.
0:00:20.576979,Academy Player #3,81,19.8,DRIBBLING_PERFECTION,Maintained brilliant execution posture vectors.
0:00:20.644444,Rahul Sharma,92,28.5,DRIBBLING_PERFECTION,Maintained brilliant execution posture vectors.
0:00:20.644444,Sagnik Guha,88,24.2,DRIBBLING_PERFECTION,Maintained brilliant execution posture vectors.
0:00:20.644444,Academy Player #3,81,19.8,DRIBBLING_PERFECTION,Maintained brilliant execution posture vectors.
0:00:20.711910,Rahul Sharma,92,28.5,DRIBBLING_PERFECTION,Maintained brilliant execution posture vectors.
0:00:20.711910,Sagnik Guha,88,24.2,DRIBBLING_PERFECTION,Maintained brilliant execution posture vectors.
0:00:20.711910,Academy Player #3,81,19.8,DRIBBLING_PERFECTION,Maintained brilliant execution posture vectors.
0:00:20.779375,Rahul Sharma,92,28.5,DRIBBLING_PERFECTION,Maintained brilliant execution posture vectors.
0:00:20.779375,Sagnik Guha,88,24.2,DRIBBLING_PERFECTION,Maintained brilliant execution posture vectors.
0:00:20.779375,Academy Player #3,81,19.8,DRIBBLING_PERFECTION,Maintained brilliant execution posture vectors.
0:00:20.846841,Rahul Sharma,92,28.5,DRIBBLING_PERFECTION,Maintained brilliant execution posture vectors.
0:00:20.846841,Sagnik Guha,88,24.2,DRIBBLING_PERFECTION,Maintained brilliant execution posture vectors.
0:00:20.846841,Academy Player #3,81,19.8,DRIBBLING_PERFECTION,Maintained brilliant execution posture vectors.
0:00:20.914306,Rahul Sharma,92,28.5,DRIBBLING_PERFECTION,Maintained brilliant execution posture vectors.
0:00:20.914306,Sagnik Guha,88,24.2,DRIBBLING_PERFECTION,Maintained brilliant execution posture vectors.
0:00:20.914306,Academy Player #3,81,19.8,DRIBBLING_PERFECTION,Maintained brilliant execution posture vectors.
0:00:20.981772,Rahul Sharma,92,28.5,DRIBBLING_PERFECTION,Maintained brilliant execution posture vectors.
0:00:20.981772,Sagnik Guha,88,24.2,DRIBBLING_PERFECTION,Maintained brilliant execution posture vectors.
0:00:20.981772,Academy Player #3,81,19.8,DRIBBLING_PERFECTION,Maintained brilliant execution posture vectors.
0:00:21.049237,Rahul Sharma,92,28.5,DRIBBLING_PERFECTION,Maintained brilliant execution posture vectors.
0:00:21.049237,Sagnik Guha,88,24.2,DRIBBLING_PERFECTION,Maintained brilliant execution posture vectors.
0:00:21.049237,Academy Player #3,81,19.8,DRIBBLING_PERFECTION,Maintained brilliant execution posture vectors.
0:00:21.116703,Rahul Sharma,92,28.5,DRIBBLING_PERFECTION,Maintained brilliant execution posture vectors.
0:00:21.116703,Sagnik Guha,88,24.2,DRIBBLING_PERFECTION,Maintained brilliant execution posture vectors.
0:00:21.116703,Academy Player #3,81,19.8,DRIBBLING_PERFECTION,Maintained brilliant execution posture vectors.
0:00:21.184168,Rahul Sharma,92,28.5,DRIBBLING_PERFECTION,Maintained brilliant execution posture vectors.
0:00:21.184168,Sagnik Guha,88,24.2,DRIBBLING_PERFECTION,Maintained brilliant execution posture vectors.
0:00:21.184168,Academy Player #3,81,19.8,DRIBBLING_PERFECTION,Maintained brilliant execution posture vectors.
0:00:21.251634,Rahul Sharma,92,28.5,DRIBBLING_PERFECTION,Maintained brilliant execution posture vectors.
0:00:21.251634,Sagnik Guha,88,24.2,DRIBBLING_PERFECTION,Maintained brilliant execution posture vectors.
0:00:21.251634,Academy Player #3,81,19.8,DRIBBLING_PERFECTION,Maintained brilliant execution posture vectors.
0:00:21.319099,Rahul Sharma,92,28.5,DRIBBLING_PERFECTION,Maintained brilliant execution posture vectors.
0:00:21.319099,Sagnik Guha,88,24.2,DRIBBLING_PERFECTION,Maintained brilliant execution posture vectors.
0:00:21.319099,Academy Player #3,81,19.8,DRIBBLING_PERFECTION,Maintained brilliant execution posture vectors.
0:00:21.386565,Rahul Sharma,92,28.5,DRIBBLING_PERFECTION,Maintained brilliant execution posture vectors.
0:00:21.386565,Sagnik Guha,88,24.2,DRIBBLING_PERFECTION,Maintained brilliant execution posture vectors.
0:00:21.386565,Academy Player #3,81,19.8,DRIBBLING_PERFECTION,Maintained brilliant execution posture vectors.
0:00:21.454031,Rahul Sharma,92,28.5,DRIBBLING_PERFECTION,Maintained brilliant execution posture vectors.
0:00:21.454031,Sagnik Guha,88,24.2,DRIBBLING_PERFECTION,Maintained brilliant execution posture vectors.
0:00:21.454031,Academy Player #3,81,19.8,DRIBBLING_PERFECTION,Maintained brilliant execution posture vectors.
0:00:21.521496,Rahul Sharma,92,28.5,DRIBBLING_PERFECTION,Maintained brilliant execution posture vectors.
0:00:21.521496,Sagnik Guha,88,24.2,DRIBBLING_PERFECTION,Maintained brilliant execution posture vectors.
0:00:21.521496,Academy Player #3,81,19.8,DRIBBLING_PERFECTION,Maintained brilliant execution posture vectors.
0:00:21.588962,Rahul Sharma,92,28.5,DRIBBLING_PERFECTION,Maintained brilliant execution posture vectors.
0:00:21.588962,Sagnik Guha,88,24.2,DRIBBLING_PERFECTION,Maintained brilliant execution posture vectors.
0:00:21.588962,Academy Player #3,81,19.8,DRIBBLING_PERFECTION,Maintained brilliant execution posture vectors.
0:00:21.656427,Rahul Sharma,92,28.5,DRIBBLING_PERFECTION,Maintained brilliant execution posture vectors.
0:00:21.656427,Sagnik Guha,88,24.2,DRIBBLING_PERFECTION,Maintained brilliant execution posture vectors.
0:00:21.656427,Academy Player #3,81,19.8,DRIBBLING_PERFECTION,Maintained brilliant execution posture vectors.
0:00:21.723893,Rahul Sharma,92,28.5,DRIBBLING_PERFECTION,Maintained brilliant execution posture vectors.
0:00:21.723893,Sagnik Guha,88,24.2,DRIBBLING_PERFECTION,Maintained brilliant execution posture vectors.
0:00:21.723893,Academy Player #3,81,19.8,DRIBBLING_PERFECTION,Maintained brilliant execution posture vectors.
0:00:21.791358,Rahul Sharma,92,28.5,DRIBBLING_PERFECTION,Maintained brilliant execution posture vectors.
0:00:21.791358,Sagnik Guha,88,24.2,DRIBBLING_PERFECTION,Maintained brilliant execution posture vectors.
0:00:21.791358,Academy Player #3,81,19.8,DRIBBLING_PERFECTION,Maintained brilliant execution posture vectors.
0:00:21.858824,Rahul Sharma,92,28.5,DRIBBLING_PERFECTION,Maintained brilliant execution posture vectors.
0:00:21.858824,Sagnik Guha,88,24.2,DRIBBLING_PERFECTION,Maintained brilliant execution posture vectors.
0:00:21.858824,Academy Player #3,81,19.8,DRIBBLING_PERFECTION,Maintained brilliant execution posture vectors.
0:00:21.926289,Rahul Sharma,92,28.5,DRIBBLING_PERFECTION,Maintained brilliant execution posture vectors.
0:00:21.926289,Sagnik Guha,88,24.2,DRIBBLING_PERFECTION,Maintained brilliant execution posture vectors.
0:00:21.926289,Academy Player #3,81,19.8,DRIBBLING_PERFECTION,Maintained brilliant execution posture vectors.
0:00:21.993755,Rahul Sharma,92,28.5,DRIBBLING_PERFECTION,Maintained brilliant execution posture vectors.
0:00:21.993755,Sagnik Guha,88,24.2,DRIBBLING_PERFECTION,Maintained brilliant execution posture vectors.
0:00:21.993755,Academy Player #3,81,19.8,DRIBBLING_PERFECTION,Maintained brilliant execution posture vectors.
0:00:22.061220,Rahul Sharma,92,28.5,DRIBBLING_PERFECTION,Maintained brilliant execution posture vectors.
0:00:22.061220,Sagnik Guha,88,24.2,DRIBBLING_PERFECTION,Maintained brilliant execution posture vectors.
0:00:22.061220,Academy Player #3,81,19.8,DRIBBLING_PERFECTION,Maintained brilliant execution posture vectors.
0:00:22.128686,Rahul Sharma,92,28.5,DRIBBLING_PERFECTION,Maintained brilliant execution posture vectors.
0:00:22.128686,Sagnik Guha,88,24.2,DRIBBLING_PERFECTION,Maintained brilliant execution posture vectors.
0:00:22.128686,Academy Player #3,81,19.8,DRIBBLING_PERFECTION,Maintained brilliant execution posture vectors.
0:00:22.196151,Rahul Sharma,92,28.5,DRIBBLING_PERFECTION,Maintained brilliant execution posture vectors.
0:00:22.196151,Sagnik Guha,88,24.2,DRIBBLING_PERFECTION,Maintained brilliant execution posture vectors.
0:00:22.196151,Academy Player #3,81,19.8,DRIBBLING_PERFECTION,Maintained brilliant execution posture vectors.
0:00:22.263617,Rahul Sharma,92,28.5,DRIBBLING_PERFECTION,Maintained brilliant execution posture vectors.
0:00:22.263617,Sagnik Guha,88,24.2,DRIBBLING_PERFECTION,Maintained brilliant execution posture vectors.
0:00:22.263617,Academy Player #3,81,19.8,DRIBBLING_PERFECTION,Maintained brilliant execution posture vectors.
0:00:22.331082,Rahul Sharma,92,28.5,DRIBBLING_PERFECTION,Maintained brilliant execution posture vectors.
0:00:22.331082,Sagnik Guha,88,24.2,DRIBBLING_PERFECTION,Maintained brilliant execution posture vectors.
0:00:22.331082,Academy Player #3,81,19.8,DRIBBLING_PERFECTION,Maintained brilliant execution posture vectors.
0:00:22.398548,Rahul Sharma,92,28.5,DRIBBLING_PERFECTION,Maintained brilliant execution posture vectors.
0:00:22.398548,Sagnik Guha,88,24.2,DRIBBLING_PERFECTION,Maintained brilliant execution posture vectors.
0:00:22.398548,Academy Player #3,81,19.8,DRIBBLING_PERFECTION,Maintained brilliant execution posture vectors.
0:00:22.466013,Rahul Sharma,92,28.5,DRIBBLING_PERFECTION,Maintained brilliant execution posture vectors.
0:00:22.466013,Sagnik Guha,88,24.2,DRIBBLING_PERFECTION,Maintained brilliant execution posture vectors.
0:00:22.466013,Academy Player #3,81,19.8,DRIBBLING_PERFECTION,Maintained brilliant execution posture vectors.
0:00:22.533479,Rahul Sharma,92,28.5,DRIBBLING_PERFECTION,Maintained brilliant execution posture vectors.
0:00:22.533479,Sagnik Guha,88,24.2,DRIBBLING_PERFECTION,Maintained brilliant execution posture vectors.
0:00:22.533479,Academy Player #3,81,19.8,DRIBBLING_PERFECTION,Maintained brilliant execution posture vectors.
0:00:22.600944,Rahul Sharma,92,28.5,DRIBBLING_PERFECTION,Maintained brilliant execution posture vectors.
0:00:22.600944,Sagnik Guha,88,24.2,DRIBBLING_PERFECTION,Maintained brilliant execution posture vectors.
0:00:22.600944,Academy Player #3,81,19.8,DRIBBLING_PERFECTION,Maintained brilliant execution posture vectors.
0:00:22.668410,Rahul Sharma,92,28.5,DRIBBLING_PERFECTION,Maintained brilliant execution posture vectors.
0:00:22.668410,Sagnik Guha,88,24.2,DRIBBLING_PERFECTION,Maintained brilliant execution posture vectors.
0:00:22.668410,Academy Player #3,81,19.8,DRIBBLING_PERFECTION,Maintained brilliant execution posture vectors.
0:00:22.735875,Rahul Sharma,92,28.5,DRIBBLING_PERFECTION,Maintained brilliant execution posture vectors.
0:00:22.735875,Sagnik Guha,88,24.2,DRIBBLING_PERFECTION,Maintained brilliant execution posture vectors.
0:00:22.735875,Academy Player #3,81,19.8,DRIBBLING_PERFECTION,Maintained brilliant execution posture vectors.
0:00:22.803341,Rahul Sharma,92,28.5,DRIBBLING_PERFECTION,Maintained brilliant execution posture vectors.
0:00:22.803341,Sagnik Guha,88,24.2,DRIBBLING_PERFECTION,Maintained brilliant execution posture vectors.
0:00:22.803341,Academy Player #3,81,19.8,DRIBBLING_PERFECTION,Maintained brilliant execution posture vectors.
0:00:22.870806,Rahul Sharma,92,28.5,DRIBBLING_PERFECTION,Maintained brilliant execution posture vectors.
0:00:22.870806,Sagnik Guha,88,24.2,DRIBBLING_PERFECTION,Maintained brilliant execution posture vectors.
0:00:22.870806,Academy Player #3,81,19.8,DRIBBLING_PERFECTION,Maintained brilliant execution posture vectors.
0:00:22.938272,Rahul Sharma,92,28.5,DRIBBLING_PERFECTION,Maintained brilliant execution posture vectors.
0:00:22.938272,Sagnik Guha,88,24.2,DRIBBLING_PERFECTION,Maintained brilliant execution posture vectors.
0:00:22.938272,Academy Player #3,81,19.8,DRIBBLING_PERFECTION,Maintained brilliant execution posture vectors.
0:00:23.005737,Rahul Sharma,92,28.5,DRIBBLING_PERFECTION,Maintained brilliant execution posture vectors.
0:00:23.005737,Sagnik Guha,88,24.2,DRIBBLING_PERFECTION,Maintained brilliant execution posture vectors.
0:00:23.005737,Academy Player #3,81,19.8,DRIBBLING_PERFECTION,Maintained brilliant execution posture vectors.
0:00:23.073203,Rahul Sharma,92,28.5,DRIBBLING_PERFECTION,Maintained brilliant execution posture vectors.
0:00:23.073203,Sagnik Guha,88,24.2,DRIBBLING_PERFECTION,Maintained brilliant execution posture vectors.
0:00:23.073203,Academy Player #3,81,19.8,DRIBBLING_PERFECTION,Maintained brilliant execution posture vectors.
0:00:23.140668,Rahul Sharma,92,28.5,DRIBBLING_PERFECTION,Maintained brilliant execution posture vectors.
0:00:23.140668,Sagnik Guha,88,24.2,DRIBBLING_PERFECTION,Maintained brilliant execution posture vectors.
0:00:23.140668,Academy Player #3,81,19.8,DRIBBLING_PERFECTION,Maintained brilliant execution posture vectors.
0:00:23.208134,Rahul Sharma,92,28.5,DRIBBLING_PERFECTION,Maintained brilliant execution posture vectors.
0:00:23.208134,Sagnik Guha,88,24.2,DRIBBLING_PERFECTION,Maintained brilliant execution posture vectors.
0:00:23.208134,Academy Player #3,81,19.8,DRIBBLING_PERFECTION,Maintained brilliant execution posture vectors.
0:00:23.275599,Rahul Sharma,92,28.5,DRIBBLING_PERFECTION,Maintained brilliant execution posture vectors.
0:00:23.275599,Sagnik Guha,88,24.2,DRIBBLING_PERFECTION,Maintained brilliant execution posture vectors.
0:00:23.275599,Academy Player #3,81,19.8,DRIBBLING_PERFECTION,Maintained brilliant execution posture vectors.
0:00:23.343065,Rahul Sharma,92,28.5,DRIBBLING_PERFECTION,Maintained brilliant execution posture vectors.
0:00:23.343065,Sagnik Guha,88,24.2,DRIBBLING_PERFECTION,Maintained brilliant execution posture vectors.
0:00:23.343065,Academy Player #3,81,19.8,DRIBBLING_PERFECTION,Maintained brilliant execution posture vectors.
0:00:23.410530,Rahul Sharma,92,28.5,DRIBBLING_PERFECTION,Maintained brilliant execution posture vectors.
0:00:23.410530,Sagnik Guha,88,24.2,DRIBBLING_PERFECTION,Maintained brilliant execution posture vectors.
0:00:23.410530,Academy Player #3,81,19.8,DRIBBLING_PERFECTION,Maintained brilliant execution posture vectors.
0:00:23.477996,Rahul Sharma,92,28.5,DRIBBLING_PERFECTION,Maintained brilliant execution posture vectors.
0:00:23.477996,Sagnik Guha,88,24.2,DRIBBLING_PERFECTION,Maintained brilliant execution posture vectors.
0:00:23.477996,Academy Player #3,81,19.8,DRIBBLING_PERFECTION,Maintained brilliant execution posture vectors.
0:00:23.545461,Rahul Sharma,92,28.5,DRIBBLING_PERFECTION,Maintained brilliant execution posture vectors.
0:00:23.545461,Sagnik Guha,88,24.2,DRIBBLING_PERFECTION,Maintained brilliant execution posture vectors.
0:00:23.545461,Academy Player #3,81,19.8,DRIBBLING_PERFECTION,Maintained brilliant execution posture vectors.
0:00:23.612927,Rahul Sharma,92,28.5,DRIBBLING_PERFECTION,Maintained brilliant execution posture vectors.
0:00:23.612927,Sagnik Guha,88,24.2,DRIBBLING_PERFECTION,Maintained brilliant execution posture vectors.
0:00:23.612927,Academy Player #3,81,19.8,DRIBBLING_PERFECTION,Maintained brilliant execution posture vectors.
0:00:23.680392,Rahul Sharma,92,28.5,DRIBBLING_PERFECTION,Maintained brilliant execution posture vectors.
0:00:23.680392,Sagnik Guha,88,24.2,DRIBBLING_PERFECTION,Maintained brilliant execution posture vectors.
0:00:23.680392,Academy Player #3,81,19.8,DRIBBLING_PERFECTION,Maintained brilliant execution posture vectors.
0:00:23.747858,Rahul Sharma,92,28.5,DRIBBLING_PERFECTION,Maintained brilliant execution posture vectors.
0:00:23.747858,Sagnik Guha,88,24.2,DRIBBLING_PERFECTION,Maintained brilliant execution posture vectors.
0:00:23.747858,Academy Player #3,81,19.8,DRIBBLING_PERFECTION,Maintained brilliant execution posture vectors.
0:00:23.815323,Rahul Sharma,92,28.5,DRIBBLING_PERFECTION,Maintained brilliant execution posture vectors.
0:00:23.815323,Sagnik Guha,88,24.2,DRIBBLING_PERFECTION,Maintained brilliant execution posture vectors.
0:00:23.815323,Academy Player #3,81,19.8,DRIBBLING_PERFECTION,Maintained brilliant execution posture vectors.
0:00:23.882789,Rahul Sharma,92,28.5,DRIBBLING_PERFECTION,Maintained brilliant execution posture vectors.
0:00:23.882789,Sagnik Guha,88,24.2,DRIBBLING_PERFECTION,Maintained brilliant execution posture vectors.
0:00:23.882789,Academy Player #3,81,19.8,DRIBBLING_PERFECTION,Maintained brilliant execution posture vectors.
0:00:23.950254,Rahul Sharma,92,28.5,DRIBBLING_PERFECTION,Maintained brilliant execution posture vectors.
0:00:23.950254,Sagnik Guha,88,24.2,DRIBBLING_PERFECTION,Maintained brilliant execution posture vectors.
0:00:23.950254,Academy Player #3,81,19.8,DRIBBLING_PERFECTION,Maintained brilliant execution posture vectors.
0:00:24.017720,Rahul Sharma,92,28.5,DRIBBLING_PERFECTION,Maintained brilliant execution posture vectors.
0:00:24.017720,Sagnik Guha,88,24.2,DRIBBLING_PERFECTION,Maintained brilliant execution posture vectors.
0:00:24.017720,Academy Player #3,81,19.8,DRIBBLING_PERFECTION,Maintained brilliant execution posture vectors.
0:00:24.085185,Rahul Sharma,92,28.5,DRIBBLING_PERFECTION,Maintained brilliant execution posture vectors.
0:00:24.085185,Sagnik Guha,88,24.2,DRIBBLING_PERFECTION,Maintained brilliant execution posture vectors.
0:00:24.085185,Academy Player #3,81,19.8,DRIBBLING_PERFECTION,Maintained brilliant execution posture vectors.
0:00:24.152651,Rahul Sharma,92,28.5,DRIBBLING_PERFECTION,Maintained brilliant execution posture vectors.
0:00:24.152651,Sagnik Guha,88,24.2,DRIBBLING_PERFECTION,Maintained brilliant execution posture vectors.
0:00:24.152651,Academy Player #3,81,19.8,DRIBBLING_PERFECTION,Maintained brilliant execution posture vectors.
0:00:24.220116,Rahul Sharma,92,28.5,DRIBBLING_PERFECTION,Maintained brilliant execution posture vectors.
0:00:24.220116,Sagnik Guha,88,24.2,DRIBBLING_PERFECTION,Maintained brilliant execution posture vectors.
0:00:24.220116,Academy Player #3,81,19.8,DRIBBLING_PERFECTION,Maintained brilliant execution posture vectors.
0:00:24.287582,Rahul Sharma,92,28.5,DRIBBLING_PERFECTION,Maintained brilliant execution posture vectors.
0:00:24.287582,Sagnik Guha,88,24.2,DRIBBLING_PERFECTION,Maintained brilliant execution posture vectors.
0:00:24.287582,Academy Player #3,81,19.8,DRIBBLING_PERFECTION,Maintained brilliant execution posture vectors.
0:00:24.355047,Rahul Sharma,92,28.5,DRIBBLING_PERFECTION,Maintained brilliant execution posture vectors.
0:00:24.355047,Sagnik Guha,88,24.2,DRIBBLING_PERFECTION,Maintained brilliant execution posture vectors.
0:00:24.355047,Academy Player #3,81,19.8,DRIBBLING_PERFECTION,Maintained brilliant execution posture vectors.
0:00:24.422513,Rahul Sharma,92,28.5,DRIBBLING_PERFECTION,Maintained brilliant execution posture vectors.
0:00:24.422513,Sagnik Guha,88,24.2,DRIBBLING_PERFECTION,Maintained brilliant execution posture vectors.
0:00:24.422513,Academy Player #3,81,19.8,DRIBBLING_PERFECTION,Maintained brilliant execution posture vectors.
0:00:24.489978,Rahul Sharma,92,28.5,DRIBBLING_PERFECTION,Maintained brilliant execution posture vectors.
0:00:24.489978,Sagnik Guha,88,24.2,DRIBBLING_PERFECTION,Maintained brilliant execution posture vectors.
0:00:24.489978,Academy Player #3,81,19.8,DRIBBLING_PERFECTION,Maintained brilliant execution posture vectors.
0:00:24.557444,Rahul Sharma,92,28.5,DRIBBLING_PERFECTION,Maintained brilliant execution posture vectors.
0:00:24.557444,Sagnik Guha,88,24.2,DRIBBLING_PERFECTION,Maintained brilliant execution posture vectors.
0:00:24.557444,Academy Player #3,81,19.8,DRIBBLING_PERFECTION,Maintained brilliant execution posture vectors.
0:00:24.624909,Rahul Sharma,92,28.5,DRIBBLING_PERFECTION,Maintained brilliant execution posture vectors.
0:00:24.624909,Sagnik Guha,88,24.2,DRIBBLING_PERFECTION,Maintained brilliant execution posture vectors.
0:00:24.624909,Academy Player #3,81,19.8,DRIBBLING_PERFECTION,Maintained brilliant execution posture vectors.
0:00:24.692375,Rahul Sharma,92,28.5,DRIBBLING_PERFECTION,Maintained brilliant execution posture vectors.
0:00:24.692375,Sagnik Guha,88,24.2,DRIBBLING_PERFECTION,Maintained brilliant execution posture vectors.
0:00:24.692375,Academy Player #3,81,19.8,DRIBBLING_PERFECTION,Maintained brilliant execution posture vectors.
0:00:24.759840,Rahul Sharma,92,28.5,DRIBBLING_PERFECTION,Maintained brilliant execution posture vectors.
0:00:24.759840,Sagnik Guha,88,24.2,DRIBBLING_PERFECTION,Maintained brilliant execution posture vectors.
0:00:24.759840,Academy Player #3,81,19.8,DRIBBLING_PERFECTION,Maintained brilliant execution posture vectors.
0:00:24.827306,Rahul Sharma,92,28.5,DRIBBLING_PERFECTION,Maintained brilliant execution posture vectors.
0:00:24.827306,Sagnik Guha,88,24.2,DRIBBLING_PERFECTION,Maintained brilliant execution posture vectors.
0:00:24.827306,Academy Player #3,81,19.8,DRIBBLING_PERFECTION,Maintained brilliant execution posture vectors.
0:00:24.894771,Rahul Sharma,92,28.5,DRIBBLING_PERFECTION,Maintained brilliant execution posture vectors.
0:00:24.894771,Sagnik Guha,88,24.2,DRIBBLING_PERFECTION,Maintained brilliant execution posture vectors.
0:00:24.894771,Academy Player #3,81,19.8,DRIBBLING_PERFECTION,Maintained brilliant execution posture vectors.
0:00:24.962237,Rahul Sharma,92,28.5,DRIBBLING_PERFECTION,Maintained brilliant execution posture vectors.
0:00:24.962237,Sagnik Guha,88,24.2,DRIBBLING_PERFECTION,Maintained brilliant execution posture vectors.
0:00:24.962237,Academy Player #3,81,19.8,DRIBBLING_PERFECTION,Maintained brilliant execution posture vectors.
0:00:25.029702,Rahul Sharma,92,28.5,DRIBBLING_PERFECTION,Maintained brilliant execution posture vectors.
0:00:25.029702,Sagnik Guha,88,24.2,DRIBBLING_PERFECTION,Maintained brilliant execution posture vectors.
0:00:25.029702,Academy Player #3,81,19.8,DRIBBLING_PERFECTION,Maintained brilliant execution posture vectors.
0:00:25.097168,Rahul Sharma,92,28.5,DRIBBLING_PERFECTION,Maintained brilliant execution posture vectors.
0:00:25.097168,Sagnik Guha,88,24.2,DRIBBLING_PERFECTION,Maintained brilliant execution posture vectors.
0:00:25.097168,Academy Player #3,81,19.8,DRIBBLING_PERFECTION,Maintained brilliant execution posture vectors.
0:00:25.164633,Rahul Sharma,92,28.5,DRIBBLING_PERFECTION,Maintained brilliant execution posture vectors.
0:00:25.164633,Sagnik Guha,88,24.2,DRIBBLING_PERFECTION,Maintained brilliant execution posture vectors.
0:00:25.164633,Academy Player #3,81,19.8,DRIBBLING_PERFECTION,Maintained brilliant execution posture vectors.
0:00:25.232099,Rahul Sharma,92,28.5,DRIBBLING_PERFECTION,Maintained brilliant execution posture vectors.
0:00:25.232099,Sagnik Guha,88,24.2,DRIBBLING_PERFECTION,Maintained brilliant execution posture vectors.
0:00:25.232099,Academy Player #3,81,19.8,DRIBBLING_PERFECTION,Maintained brilliant execution posture vectors.
0:00:25.299564,Rahul Sharma,92,28.5,DRIBBLING_PERFECTION,Maintained brilliant execution posture vectors.
0:00:25.299564,Sagnik Guha,88,24.2,DRIBBLING_PERFECTION,Maintained brilliant execution posture vectors.
0:00:25.299564,Academy Player #3,81,19.8,DRIBBLING_PERFECTION,Maintained brilliant execution posture vectors.
0:00:25.367030,Rahul Sharma,92,28.5,DRIBBLING_PERFECTION,Maintained brilliant execution posture vectors.
0:00:25.367030,Sagnik Guha,88,24.2,DRIBBLING_PERFECTION,Maintained brilliant execution posture vectors.
0:00:25.367030,Academy Player #3,81,19.8,DRIBBLING_PERFECTION,Maintained brilliant execution posture vectors.
0:00:25.434495,Rahul Sharma,92,28.5,DRIBBLING_PERFECTION,Maintained brilliant execution posture vectors.
0:00:25.434495,Sagnik Guha,88,24.2,DRIBBLING_PERFECTION,Maintained brilliant execution posture vectors.
0:00:25.434495,Academy Player #3,81,19.8,DRIBBLING_PERFECTION,Maintained brilliant execution posture vectors.
0:00:25.501961,Rahul Sharma,92,28.5,DRIBBLING_PERFECTION,Maintained brilliant execution posture vectors.
0:00:25.501961,Sagnik Guha,88,24.2,DRIBBLING_PERFECTION,Maintained brilliant execution posture vectors.
0:00:25.501961,Academy Player #3,81,19.8,DRIBBLING_PERFECTION,Maintained brilliant execution posture vectors.
0:00:25.569426,Rahul Sharma,92,28.5,DRIBBLING_PERFECTION,Maintained brilliant execution posture vectors.
0:00:25.569426,Sagnik Guha,88,24.2,DRIBBLING_PERFECTION,Maintained brilliant execution posture vectors.
0:00:25.569426,Academy Player #3,81,19.8,DRIBBLING_PERFECTION,Maintained brilliant execution posture vectors.
0:00:25.636892,Rahul Sharma,92,28.5,DRIBBLING_PERFECTION,Maintained brilliant execution posture vectors.
0:00:25.636892,Sagnik Guha,88,24.2,DRIBBLING_PERFECTION,Maintained brilliant execution posture vectors.
0:00:25.636892,Academy Player #3,81,19.8,DRIBBLING_PERFECTION,Maintained brilliant execution posture vectors.
0:00:25.704357,Rahul Sharma,92,28.5,DRIBBLING_PERFECTION,Maintained brilliant execution posture vectors.
0:00:25.704357,Sagnik Guha,88,24.2,DRIBBLING_PERFECTION,Maintained brilliant execution posture vectors.
0:00:25.704357,Academy Player #3,81,19.8,DRIBBLING_PERFECTION,Maintained brilliant execution posture vectors.
0:00:25.771823,Rahul Sharma,92,28.5,DRIBBLING_PERFECTION,Maintained brilliant execution posture vectors.
0:00:25.771823,Sagnik Guha,88,24.2,DRIBBLING_PERFECTION,Maintained brilliant execution posture vectors.
0:00:25.771823,Academy Player #3,81,19.8,DRIBBLING_PERFECTION,Maintained brilliant execution posture vectors.
0:00:25.839288,Rahul Sharma,92,28.5,DRIBBLING_PERFECTION,Maintained brilliant execution posture vectors.
0:00:25.839288,Sagnik Guha,88,24.2,DRIBBLING_PERFECTION,Maintained brilliant execution posture vectors.
0:00:25.839288,Academy Player #3,81,19.8,DRIBBLING_PERFECTION,Maintained brilliant execution posture vectors.
0:00:25.906754,Rahul Sharma,92,28.5,DRIBBLING_PERFECTION,Maintained brilliant execution posture vectors.
0:00:25.906754,Sagnik Guha,88,24.2,DRIBBLING_PERFECTION,Maintained brilliant execution posture vectors.
0:00:25.906754,Academy Player #3,81,19.8,DRIBBLING_PERFECTION,Maintained brilliant execution posture vectors.
0:00:25.974219,Rahul Sharma,92,28.5,DRIBBLING_PERFECTION,Maintained brilliant execution posture vectors.
0:00:25.974219,Sagnik Guha,88,24.2,DRIBBLING_PERFECTION,Maintained brilliant execution posture vectors.
0:00:25.974219,Academy Player #3,81,19.8,DRIBBLING_PERFECTION,Maintained brilliant execution posture vectors.
0:00:26.041685,Rahul Sharma,92,28.5,DRIBBLING_PERFECTION,Maintained brilliant execution posture vectors.
0:00:26.041685,Sagnik Guha,88,24.2,DRIBBLING_PERFECTION,Maintained brilliant execution posture vectors.
0:00:26.041685,Academy Player #3,81,19.8,DRIBBLING_PERFECTION,Maintained brilliant execution posture vectors.
0:00:26.109150,Rahul Sharma,92,28.5,DRIBBLING_PERFECTION,Maintained brilliant execution posture vectors.
0:00:26.109150,Sagnik Guha,88,24.2,DRIBBLING_PERFECTION,Maintained brilliant execution posture vectors.
0:00:26.109150,Academy Player #3,81,19.8,DRIBBLING_PERFECTION,Maintained brilliant execution posture vectors.
0:00:26.176616,Rahul Sharma,92,28.5,DRIBBLING_PERFECTION,Maintained brilliant execution posture vectors.
0:00:26.176616,Sagnik Guha,88,24.2,DRIBBLING_PERFECTION,Maintained brilliant execution posture vectors.
0:00:26.176616,Academy Player #3,81,19.8,DRIBBLING_PERFECTION,Maintained brilliant execution posture vectors.
0:00:26.244081,Rahul Sharma,92,28.5,DRIBBLING_PERFECTION,Maintained brilliant execution posture vectors.
0:00:26.244081,Sagnik Guha,88,24.2,DRIBBLING_PERFECTION,Maintained brilliant execution posture vectors.
0:00:26.244081,Academy Player #3,81,19.8,DRIBBLING_PERFECTION,Maintained brilliant execution posture vectors.
0:00:26.311547,Rahul Sharma,92,28.5,DRIBBLING_PERFECTION,Maintained brilliant execution posture vectors.
0:00:26.311547,Sagnik Guha,88,24.2,DRIBBLING_PERFECTION,Maintained brilliant execution posture vectors.
0:00:26.311547,Academy Player #3,81,19.8,DRIBBLING_PERFECTION,Maintained brilliant execution posture vectors.
0:00:26.379012,Rahul Sharma,92,28.5,DRIBBLING_PERFECTION,Maintained brilliant execution posture vectors.
0:00:26.379012,Sagnik Guha,88,24.2,DRIBBLING_PERFECTION,Maintained brilliant execution posture vectors.
0:00:26.379012,Academy Player #3,81,19.8,DRIBBLING_PERFECTION,Maintained brilliant execution posture vectors.
0:00:26.446478,Rahul Sharma,92,28.5,DRIBBLING_PERFECTION,Maintained brilliant execution posture vectors.
0:00:26.446478,Sagnik Guha,88,24.2,DRIBBLING_PERFECTION,Maintained brilliant execution posture vectors.
0:00:26.446478,Academy Player #3,81,19.8,DRIBBLING_PERFECTION,Maintained brilliant execution posture vectors.
0:00:26.513943,Rahul Sharma,92,28.5,DRIBBLING_PERFECTION,Maintained brilliant execution posture vectors.
0:00:26.513943,Sagnik Guha,88,24.2,DRIBBLING_PERFECTION,Maintained brilliant execution posture vectors.
0:00:26.513943,Academy Player #3,81,19.8,DRIBBLING_PERFECTION,Maintained brilliant execution posture vectors.
0:00:26.581409,Rahul Sharma,92,28.5,DRIBBLING_PERFECTION,Maintained brilliant execution posture vectors.
0:00:26.581409,Sagnik Guha,88,24.2,DRIBBLING_PERFECTION,Maintained brilliant execution posture vectors.
0:00:26.581409,Academy Player #3,81,19.8,DRIBBLING_PERFECTION,Maintained brilliant execution posture vectors.
0:00:26.648874,Rahul Sharma,92,28.5,DRIBBLING_PERFECTION,Maintained brilliant execution posture vectors.
0:00:26.648874,Sagnik Guha,88,24.2,DRIBBLING_PERFECTION,Maintained brilliant execution posture vectors.
0:00:26.648874,Academy Player #3,81,19.8,DRIBBLING_PERFECTION,Maintained brilliant execution posture vectors.
0:00:26.716340,Rahul Sharma,92,28.5,DRIBBLING_PERFECTION,Maintained brilliant execution posture vectors.
0:00:26.716340,Sagnik Guha,88,24.2,DRIBBLING_PERFECTION,Maintained brilliant execution posture vectors.
0:00:26.716340,Academy Player #3,81,19.8,DRIBBLING_PERFECTION,Maintained brilliant execution posture vectors.
0:00:26.783805,Rahul Sharma,92,28.5,DRIBBLING_PERFECTION,Maintained brilliant execution posture vectors.
0:00:26.783805,Sagnik Guha,88,24.2,DRIBBLING_PERFECTION,Maintained brilliant execution posture vectors.
0:00:26.783805,Academy Player #3,81,19.8,DRIBBLING_PERFECTION,Maintained brilliant execution posture vectors.
0:00:26.851271,Rahul Sharma,92,28.5,DRIBBLING_PERFECTION,Maintained brilliant execution posture vectors.
0:00:26.851271,Sagnik Guha,88,24.2,DRIBBLING_PERFECTION,Maintained brilliant execution posture vectors.
0:00:26.851271,Academy Player #3,81,19.8,DRIBBLING_PERFECTION,Maintained brilliant execution posture vectors.
0:00:26.918736,Rahul Sharma,92,28.5,DRIBBLING_PERFECTION,Maintained brilliant execution posture vectors.
0:00:26.918736,Sagnik Guha,88,24.2,DRIBBLING_PERFECTION,Maintained brilliant execution posture vectors.
0:00:26.918736,Academy Player #3,81,19.8,DRIBBLING_PERFECTION,Maintained brilliant execution posture vectors.
0:00:26.986202,Rahul Sharma,92,28.5,DRIBBLING_PERFECTION,Maintained brilliant execution posture vectors.
0:00:26.986202,Sagnik Guha,88,24.2,DRIBBLING_PERFECTION,Maintained brilliant execution posture vectors.
0:00:26.986202,Academy Player #3,81,19.8,DRIBBLING_PERFECTION,Maintained brilliant execution posture vectors.
0:00:27.053667,Rahul Sharma,92,28.5,DRIBBLING_PERFECTION,Maintained brilliant execution posture vectors.
0:00:27.053667,Sagnik Guha,88,24.2,DRIBBLING_PERFECTION,Maintained brilliant execution posture vectors.
0:00:27.053667,Academy Player #3,81,19.8,DRIBBLING_PERFECTION,Maintained brilliant execution posture vectors.
0:00:27.121133,Rahul Sharma,92,28.5,DRIBBLING_PERFECTION,Maintained brilliant execution posture vectors.
0:00:27.121133,Sagnik Guha,88,24.2,DRIBBLING_PERFECTION,Maintained brilliant execution posture vectors.
0:00:27.121133,Academy Player #3,81,19.8,DRIBBLING_PERFECTION,Maintained brilliant execution posture vectors.
0:00:27.188598,Rahul Sharma,92,28.5,DRIBBLING_PERFECTION,Maintained brilliant execution posture vectors.
0:00:27.188598,Sagnik Guha,88,24.2,DRIBBLING_PERFECTION,Maintained brilliant execution posture vectors.
0:00:27.188598,Academy Player #3,81,19.8,DRIBBLING_PERFECTION,Maintained brilliant execution posture vectors.
0:00:27.256064,Rahul Sharma,92,28.5,DRIBBLING_PERFECTION,Maintained brilliant execution posture vectors.
0:00:27.256064,Sagnik Guha,88,24.2,DRIBBLING_PERFECTION,Maintained brilliant execution posture vectors.
0:00:27.256064,Academy Player #3,81,19.8,DRIBBLING_PERFECTION,Maintained brilliant execution posture vectors.
0:00:27.323529,Rahul Sharma,92,28.5,DRIBBLING_PERFECTION,Maintained brilliant execution posture vectors.
0:00:27.323529,Sagnik Guha,88,24.2,DRIBBLING_PERFECTION,Maintained brilliant execution posture vectors.
0:00:27.323529,Academy Player #3,81,19.8,DRIBBLING_PERFECTION,Maintained brilliant execution posture vectors.
0:00:27.390995,Rahul Sharma,92,28.5,DRIBBLING_PERFECTION,Maintained brilliant execution posture vectors.
0:00:27.390995,Sagnik Guha,88,24.2,DRIBBLING_PERFECTION,Maintained brilliant execution posture vectors.
0:00:27.390995,Academy Player #3,81,19.8,DRIBBLING_PERFECTION,Maintained brilliant execution posture vectors.
0:00:27.458460,Rahul Sharma,92,28.5,DRIBBLING_PERFECTION,Maintained brilliant execution posture vectors.
0:00:27.458460,Sagnik Guha,88,24.2,DRIBBLING_PERFECTION,Maintained brilliant execution posture vectors.
0:00:27.458460,Academy Player #3,81,19.8,DRIBBLING_PERFECTION,Maintained brilliant execution posture vectors.
0:00:27.525926,Rahul Sharma,92,28.5,DRIBBLING_PERFECTION,Maintained brilliant execution posture vectors.
0:00:27.525926,Sagnik Guha,88,24.2,DRIBBLING_PERFECTION,Maintained brilliant execution posture vectors.
0:00:27.525926,Academy Player #3,81,19.8,DRIBBLING_PERFECTION,Maintained brilliant execution posture vectors.
0:00:27.593391,Rahul Sharma,92,28.5,DRIBBLING_PERFECTION,Maintained brilliant execution posture vectors.
0:00:27.593391,Sagnik Guha,88,24.2,DRIBBLING_PERFECTION,Maintained brilliant execution posture vectors.
0:00:27.593391,Academy Player #3,81,19.8,DRIBBLING_PERFECTION,Maintained brilliant execution posture vectors.
0:00:27.660857,Rahul Sharma,92,28.5,DRIBBLING_PERFECTION,Maintained brilliant execution posture vectors.
0:00:27.660857,Sagnik Guha,88,24.2,DRIBBLING_PERFECTION,Maintained brilliant execution posture vectors.
0:00:27.660857,Academy Player #3,81,19.8,DRIBBLING_PERFECTION,Maintained brilliant execution posture vectors.
0:00:27.728322,Rahul Sharma,92,28.5,DRIBBLING_PERFECTION,Maintained brilliant execution posture vectors.
0:00:27.728322,Sagnik Guha,88,24.2,DRIBBLING_PERFECTION,Maintained brilliant execution posture vectors.
0:00:27.728322,Academy Player #3,81,19.8,DRIBBLING_PERFECTION,Maintained brilliant execution posture vectors.
0:00:27.795788,Rahul Sharma,92,28.5,DRIBBLING_PERFECTION,Maintained brilliant execution posture vectors.
0:00:27.795788,Sagnik Guha,88,24.2,DRIBBLING_PERFECTION,Maintained brilliant execution posture vectors.
0:00:27.795788,Academy Player #3,81,19.8,DRIBBLING_PERFECTION,Maintained brilliant execution posture vectors.
0:00:27.863253,Rahul Sharma,92,28.5,DRIBBLING_PERFECTION,Maintained brilliant execution posture vectors.
0:00:27.863253,Sagnik Guha,88,24.2,DRIBBLING_PERFECTION,Maintained brilliant execution posture vectors.
0:00:27.863253,Academy Player #3,81,19.8,DRIBBLING_PERFECTION,Maintained brilliant execution posture vectors.
0:00:27.930719,Rahul Sharma,92,28.5,DRIBBLING_PERFECTION,Maintained brilliant execution posture vectors.
0:00:27.930719,Sagnik Guha,88,24.2,DRIBBLING_PERFECTION,Maintained brilliant execution posture vectors.
0:00:27.930719,Academy Player #3,81,19.8,DRIBBLING_PERFECTION,Maintained brilliant execution posture vectors.
0:00:27.998184,Rahul Sharma,92,28.5,DRIBBLING_PERFECTION,Maintained brilliant execution posture vectors.
0:00:27.998184,Sagnik Guha,88,24.2,DRIBBLING_PERFECTION,Maintained brilliant execution posture vectors.
0:00:27.998184,Academy Player #3,81,19.8,DRIBBLING_PERFECTION,Maintained brilliant execution posture vectors.
0:00:28.065650,Rahul Sharma,92,28.5,DRIBBLING_PERFECTION,Maintained brilliant execution posture vectors.
0:00:28.065650,Sagnik Guha,88,24.2,DRIBBLING_PERFECTION,Maintained brilliant execution posture vectors.
0:00:28.065650,Academy Player #3,81,19.8,DRIBBLING_PERFECTION,Maintained brilliant execution posture vectors.
0:00:28.133115,Rahul Sharma,92,28.5,DRIBBLING_PERFECTION,Maintained brilliant execution posture vectors.
0:00:28.133115,Sagnik Guha,88,24.2,DRIBBLING_PERFECTION,Maintained brilliant execution posture vectors.
0:00:28.133115,Academy Player #3,81,19.8,DRIBBLING_PERFECTION,Maintained brilliant execution posture vectors.
0:00:28.200581,Rahul Sharma,92,28.5,DRIBBLING_PERFECTION,Maintained brilliant execution posture vectors.
0:00:28.200581,Sagnik Guha,88,24.2,DRIBBLING_PERFECTION,Maintained brilliant execution posture vectors.
0:00:28.200581,Academy Player #3,81,19.8,DRIBBLING_PERFECTION,Maintained brilliant execution posture vectors.
0:00:28.268046,Rahul Sharma,92,28.5,DRIBBLING_PERFECTION,Maintained brilliant execution posture vectors.
0:00:28.268046,Sagnik Guha,88,24.2,DRIBBLING_PERFECTION,Maintained brilliant execution posture vectors.
0:00:28.268046,Academy Player #3,81,19.8,DRIBBLING_PERFECTION,Maintained brilliant execution posture vectors.
0:00:28.335512,Rahul Sharma,92,28.5,DRIBBLING_PERFECTION,Maintained brilliant execution posture vectors.
0:00:28.335512,Sagnik Guha,88,24.2,DRIBBLING_PERFECTION,Maintained brilliant execution posture vectors.
0:00:28.335512,Academy Player #3,81,19.8,DRIBBLING_PERFECTION,Maintained brilliant execution posture vectors.
0:00:28.402977,Rahul Sharma,92,28.5,DRIBBLING_PERFECTION,Maintained brilliant execution posture vectors.
0:00:28.402977,Sagnik Guha,88,24.2,DRIBBLING_PERFECTION,Maintained brilliant execution posture vectors.
0:00:28.402977,Academy Player #3,81,19.8,DRIBBLING_PERFECTION,Maintained brilliant execution posture vectors.
0:00:28.470443,Rahul Sharma,92,28.5,DRIBBLING_PERFECTION,Maintained brilliant execution posture vectors.
0:00:28.470443,Sagnik Guha,88,24.2,DRIBBLING_PERFECTION,Maintained brilliant execution posture vectors.
0:00:28.470443,Academy Player #3,81,19.8,DRIBBLING_PERFECTION,Maintained brilliant execution posture vectors.
0:00:28.537908,Rahul Sharma,92,28.5,DRIBBLING_PERFECTION,Maintained brilliant execution posture vectors.
0:00:28.537908,Sagnik Guha,88,24.2,DRIBBLING_PERFECTION,Maintained brilliant execution posture vectors.
0:00:28.537908,Academy Player #3,81,19.8,DRIBBLING_PERFECTION,Maintained brilliant execution posture vectors.
0:00:28.605374,Rahul Sharma,92,28.5,DRIBBLING_PERFECTION,Maintained brilliant execution posture vectors.
0:00:28.605374,Sagnik Guha,88,24.2,DRIBBLING_PERFECTION,Maintained brilliant execution posture vectors.
0:00:28.605374,Academy Player #3,81,19.8,DRIBBLING_PERFECTION,Maintained brilliant execution posture vectors.
0:00:28.672840,Rahul Sharma,92,28.5,DRIBBLING_PERFECTION,Maintained brilliant execution posture vectors.
0:00:28.672840,Sagnik Guha,88,24.2,DRIBBLING_PERFECTION,Maintained brilliant execution posture vectors.
0:00:28.672840,Academy Player #3,81,19.8,DRIBBLING_PERFECTION,Maintained brilliant execution posture vectors.
0:00:28.740305,Rahul Sharma,92,28.5,DRIBBLING_PERFECTION,Maintained brilliant execution posture vectors.
0:00:28.740305,Sagnik Guha,88,24.2,DRIBBLING_PERFECTION,Maintained brilliant execution posture vectors.
0:00:28.740305,Academy Player #3,81,19.8,DRIBBLING_PERFECTION,Maintained brilliant execution posture vectors.
0:00:28.807771,Rahul Sharma,92,28.5,DRIBBLING_PERFECTION,Maintained brilliant execution posture vectors.
0:00:28.807771,Sagnik Guha,88,24.2,DRIBBLING_PERFECTION,Maintained brilliant execution posture vectors.
0:00:28.807771,Academy Player #3,81,19.8,DRIBBLING_PERFECTION,Maintained brilliant execution posture vectors.
0:00:28.875236,Rahul Sharma,92,28.5,DRIBBLING_PERFECTION,Maintained brilliant execution posture vectors.
0:00:28.875236,Sagnik Guha,88,24.2,DRIBBLING_PERFECTION,Maintained brilliant execution posture vectors.
0:00:28.875236,Academy Player #3,81,19.8,DRIBBLING_PERFECTION,Maintained brilliant execution posture vectors.
0:00:28.942702,Rahul Sharma,92,28.5,DRIBBLING_PERFECTION,Maintained brilliant execution posture vectors.
0:00:28.942702,Sagnik Guha,88,24.2,DRIBBLING_PERFECTION,Maintained brilliant execution posture vectors.
0:00:28.942702,Academy Player #3,81,19.8,DRIBBLING_PERFECTION,Maintained brilliant execution posture vectors.
0:00:29.010167,Rahul Sharma,92,28.5,DRIBBLING_PERFECTION,Maintained brilliant execution posture vectors.
0:00:29.010167,Sagnik Guha,88,24.2,DRIBBLING_PERFECTION,Maintained brilliant execution posture vectors.
0:00:29.010167,Academy Player #3,81,19.8,DRIBBLING_PERFECTION,Maintained brilliant execution posture vectors.
0:00:29.077633,Rahul Sharma,92,28.5,DRIBBLING_PERFECTION,Maintained brilliant execution posture vectors.
0:00:29.077633,Sagnik Guha,88,24.2,DRIBBLING_PERFECTION,Maintained brilliant execution posture vectors.
0:00:29.077633,Academy Player #3,81,19.8,DRIBBLING_PERFECTION,Maintained brilliant execution posture vectors.
0:00:29.145098,Rahul Sharma,92,28.5,DRIBBLING_PERFECTION,Maintained brilliant execution posture vectors.
0:00:29.145098,Sagnik Guha,88,24.2,DRIBBLING_PERFECTION,Maintained brilliant execution posture vectors.
0:00:29.145098,Academy Player #3,81,19.8,DRIBBLING_PERFECTION,Maintained brilliant execution posture vectors.
0:00:29.212564,Rahul Sharma,92,28.5,DRIBBLING_PERFECTION,Maintained brilliant execution posture vectors.
0:00:29.212564,Sagnik Guha,88,24.2,DRIBBLING_PERFECTION,Maintained brilliant execution posture vectors.
0:00:29.212564,Academy Player #3,81,19.8,DRIBBLING_PERFECTION,Maintained brilliant execution posture vectors.
0:00:29.280029,Rahul Sharma,92,28.5,DRIBBLING_PERFECTION,Maintained brilliant execution posture vectors.
0:00:29.280029,Sagnik Guha,88,24.2,DRIBBLING_PERFECTION,Maintained brilliant execution posture vectors.
0:00:29.280029,Academy Player #3,81,19.8,DRIBBLING_PERFECTION,Maintained brilliant execution posture vectors.
0:00:29.347495,Rahul Sharma,92,28.5,DRIBBLING_PERFECTION,Maintained brilliant execution posture vectors.
0:00:29.347495,Sagnik Guha,88,24.2,DRIBBLING_PERFECTION,Maintained brilliant execution posture vectors.
0:00:29.347495,Academy Player #3,81,19.8,DRIBBLING_PERFECTION,Maintained brilliant execution posture vectors.
0:00:29.414960,Rahul Sharma,92,28.5,DRIBBLING_PERFECTION,Maintained brilliant execution posture vectors.
0:00:29.414960,Sagnik Guha,88,24.2,DRIBBLING_PERFECTION,Maintained brilliant execution posture vectors.
0:00:29.414960,Academy Player #3,81,19.8,DRIBBLING_PERFECTION,Maintained brilliant execution posture vectors.
0:00:29.482426,Rahul Sharma,92,28.5,DRIBBLING_PERFECTION,Maintained brilliant execution posture vectors.
0:00:29.482426,Sagnik Guha,88,24.2,DRIBBLING_PERFECTION,Maintained brilliant execution posture vectors.
0:00:29.482426,Academy Player #3,81,19.8,DRIBBLING_PERFECTION,Maintained brilliant execution posture vectors.
0:00:29.549891,Rahul Sharma,92,28.5,DRIBBLING_PERFECTION,Maintained brilliant execution posture vectors.
0:00:29.549891,Sagnik Guha,88,24.2,DRIBBLING_PERFECTION,Maintained brilliant execution posture vectors.
0:00:29.549891,Academy Player #3,81,19.8,DRIBBLING_PERFECTION,Maintained brilliant execution posture vectors.
0:00:29.617357,Rahul Sharma,92,28.5,DRIBBLING_PERFECTION,Maintained brilliant execution posture vectors.
0:00:29.617357,Sagnik Guha,88,24.2,DRIBBLING_PERFECTION,Maintained brilliant execution posture vectors.
0:00:29.617357,Academy Player #3,81,19.8,DRIBBLING_PERFECTION,Maintained brilliant execution posture vectors.
0:00:29.684822,Rahul Sharma,92,28.5,DRIBBLING_PERFECTION,Maintained brilliant execution posture vectors.
0:00:29.684822,Sagnik Guha,88,24.2,DRIBBLING_PERFECTION,Maintained brilliant execution posture vectors.
0:00:29.684822,Academy Player #3,81,19.8,DRIBBLING_PERFECTION,Maintained brilliant execution posture vectors.
0:00:29.752288,Rahul Sharma,92,28.5,DRIBBLING_PERFECTION,Maintained brilliant execution posture vectors.
0:00:29.752288,Sagnik Guha,88,24.2,DRIBBLING_PERFECTION,Maintained brilliant execution posture vectors.
0:00:29.752288,Academy Player #3,81,19.8,DRIBBLING_PERFECTION,Maintained brilliant execution posture vectors.
0:00:29.819753,Rahul Sharma,92,28.5,DRIBBLING_PERFECTION,Maintained brilliant execution posture vectors.
0:00:29.819753,Sagnik Guha,88,24.2,DRIBBLING_PERFECTION,Maintained brilliant execution posture vectors.
0:00:29.819753,Academy Player #3,81,19.8,DRIBBLING_PERFECTION,Maintained brilliant execution posture vectors.
0:00:29.887219,Rahul Sharma,92,28.5,DRIBBLING_PERFECTION,Maintained brilliant execution posture vectors.
0:00:29.887219,Sagnik Guha,88,24.2,DRIBBLING_PERFECTION,Maintained brilliant execution posture vectors.
0:00:29.887219,Academy Player #3,81,19.8,DRIBBLING_PERFECTION,Maintained brilliant execution posture vectors.
0:00:29.954684,Rahul Sharma,92,28.5,DRIBBLING_PERFECTION,Maintained brilliant execution posture vectors.
0:00:29.954684,Sagnik Guha,88,24.2,DRIBBLING_PERFECTION,Maintained brilliant execution posture vectors.
0:00:29.954684,Academy Player #3,81,19.8,DRIBBLING_PERFECTION,Maintained brilliant execution posture vectors.
0:00:30.022150,Rahul Sharma,92,28.5,DRIBBLING_PERFECTION,Maintained brilliant execution posture vectors.
0:00:30.022150,Sagnik Guha,88,24.2,DRIBBLING_PERFECTION,Maintained brilliant execution posture vectors.
0:00:30.022150,Academy Player #3,81,19.8,DRIBBLING_PERFECTION,Maintained brilliant execution posture vectors.
0:00:30.089615,Rahul Sharma,92,28.5,DRIBBLING_PERFECTION,Maintained brilliant execution posture vectors.
0:00:30.089615,Sagnik Guha,88,24.2,DRIBBLING_PERFECTION,Maintained brilliant execution posture vectors.
0:00:30.089615,Academy Player #3,81,19.8,DRIBBLING_PERFECTION,Maintained brilliant execution posture vectors.
0:00:30.157081,Rahul Sharma,92,28.5,DRIBBLING_PERFECTION,Maintained brilliant execution posture vectors.
0:00:30.157081,Sagnik Guha,88,24.2,DRIBBLING_PERFECTION,Maintained brilliant execution posture vectors.
0:00:30.157081,Academy Player #3,81,19.8,DRIBBLING_PERFECTION,Maintained brilliant execution posture vectors.
0:00:30.224546,Rahul Sharma,92,28.5,DRIBBLING_PERFECTION,Maintained brilliant execution posture vectors.
0:00:30.224546,Sagnik Guha,88,24.2,DRIBBLING_PERFECTION,Maintained brilliant execution posture vectors.
0:00:30.224546,Academy Player #3,81,19.8,DRIBBLING_PERFECTION,Maintained brilliant execution posture vectors.
0:00:30.292012,Rahul Sharma,92,28.5,DRIBBLING_PERFECTION,Maintained brilliant execution posture vectors.
0:00:30.292012,Sagnik Guha,88,24.2,DRIBBLING_PERFECTION,Maintained brilliant execution posture vectors.
0:00:30.292012,Academy Player #3,81,19.8,DRIBBLING_PERFECTION,Maintained brilliant execution posture vectors.
0:00:30.359477,Rahul Sharma,92,28.5,DRIBBLING_PERFECTION,Maintained brilliant execution posture vectors.
0:00:30.359477,Sagnik Guha,88,24.2,DRIBBLING_PERFECTION,Maintained brilliant execution posture vectors.
0:00:30.359477,Academy Player #3,81,19.8,DRIBBLING_PERFECTION,Maintained brilliant execution posture vectors.
0:00:30.426943,Rahul Sharma,92,28.5,DRIBBLING_PERFECTION,Maintained brilliant execution posture vectors.
0:00:30.426943,Sagnik Guha,88,24.2,DRIBBLING_PERFECTION,Maintained brilliant execution posture vectors.
0:00:30.426943,Academy Player #3,81,19.8,DRIBBLING_PERFECTION,Maintained brilliant execution posture vectors.
0:00:30.494408,Rahul Sharma,92,28.5,DRIBBLING_PERFECTION,Maintained brilliant execution posture vectors.
0:00:30.494408,Sagnik Guha,88,24.2,DRIBBLING_PERFECTION,Maintained brilliant execution posture vectors.
0:00:30.494408,Academy Player #3,81,19.8,DRIBBLING_PERFECTION,Maintained brilliant execution posture vectors.
0:00:30.561874,Rahul Sharma,92,28.5,DRIBBLING_PERFECTION,Maintained brilliant execution posture vectors.
0:00:30.561874,Sagnik Guha,88,24.2,DRIBBLING_PERFECTION,Maintained brilliant execution posture vectors.
0:00:30.561874,Academy Player #3,81,19.8,DRIBBLING_PERFECTION,Maintained brilliant execution posture vectors.
0:00:30.629339,Rahul Sharma,92,28.5,DRIBBLING_PERFECTION,Maintained brilliant execution posture vectors.
0:00:30.629339,Sagnik Guha,88,24.2,DRIBBLING_PERFECTION,Maintained brilliant execution posture vectors.
0:00:30.629339,Academy Player #3,81,19.8,DRIBBLING_PERFECTION,Maintained brilliant execution posture vectors.
0:00:30.696805,Rahul Sharma,92,28.5,DRIBBLING_PERFECTION,Maintained brilliant execution posture vectors.
0:00:30.696805,Sagnik Guha,88,24.2,DRIBBLING_PERFECTION,Maintained brilliant execution posture vectors.
0:00:30.696805,Academy Player #3,81,19.8,DRIBBLING_PERFECTION,Maintained brilliant execution posture vectors.
0:00:30.764270,Rahul Sharma,92,28.5,DRIBBLING_PERFECTION,Maintained brilliant execution posture vectors.
0:00:30.764270,Sagnik Guha,88,24.2,DRIBBLING_PERFECTION,Maintained brilliant execution posture vectors.
0:00:30.764270,Academy Player #3,81,19.8,DRIBBLING_PERFECTION,Maintained brilliant execution posture vectors.
0:00:30.831736,Rahul Sharma,92,28.5,DRIBBLING_PERFECTION,Maintained brilliant execution posture vectors.
0:00:30.831736,Sagnik Guha,88,24.2,DRIBBLING_PERFECTION,Maintained brilliant execution posture vectors.
0:00:30.831736,Academy Player #3,81,19.8,DRIBBLING_PERFECTION,Maintained brilliant execution posture vectors.
0:00:30.899201,Rahul Sharma,92,28.5,DRIBBLING_PERFECTION,Maintained brilliant execution posture vectors.
0:00:30.899201,Sagnik Guha,88,24.2,DRIBBLING_PERFECTION,Maintained brilliant execution posture vectors.
0:00:30.899201,Academy Player #3,81,19.8,DRIBBLING_PERFECTION,Maintained brilliant execution posture vectors.
0:00:30.966667,Rahul Sharma,92,28.5,DRIBBLING_PERFECTION,Maintained brilliant execution posture vectors.
0:00:30.966667,Sagnik Guha,88,24.2,DRIBBLING_PERFECTION,Maintained brilliant execution posture vectors.
0:00:30.966667,Academy Player #3,81,19.8,DRIBBLING_PERFECTION,Maintained brilliant execution posture vectors.
0:00:31.034132,Rahul Sharma,92,28.5,DRIBBLING_PERFECTION,Maintained brilliant execution posture vectors.
0:00:31.034132,Sagnik Guha,88,24.2,DRIBBLING_PERFECTION,Maintained brilliant execution posture vectors.
0:00:31.034132,Academy Player #3,81,19.8,DRIBBLING_PERFECTION,Maintained brilliant execution posture vectors.
0:00:31.101598,Rahul Sharma,92,28.5,DRIBBLING_PERFECTION,Maintained brilliant execution posture vectors.
0:00:31.101598,Sagnik Guha,88,24.2,DRIBBLING_PERFECTION,Maintained brilliant execution posture vectors.
0:00:31.101598,Academy Player #3,81,19.8,DRIBBLING_PERFECTION,Maintained brilliant execution posture vectors.
0:00:31.169063,Rahul Sharma,92,28.5,DRIBBLING_PERFECTION,Maintained brilliant execution posture vectors.
0:00:31.169063,Sagnik Guha,88,24.2,DRIBBLING_PERFECTION,Maintained brilliant execution posture vectors.
0:00:31.169063,Academy Player #3,81,19.8,DRIBBLING_PERFECTION,Maintained brilliant execution posture vectors.
0:00:31.236529,Rahul Sharma,92,28.5,DRIBBLING_PERFECTION,Maintained brilliant execution posture vectors.
0:00:31.236529,Sagnik Guha,88,24.2,DRIBBLING_PERFECTION,Maintained brilliant execution posture vectors.
0:00:31.236529,Academy Player #3,81,19.8,DRIBBLING_PERFECTION,Maintained brilliant execution posture vectors.
0:00:31.303994,Rahul Sharma,92,28.5,DRIBBLING_PERFECTION,Maintained brilliant execution posture vectors.
0:00:31.303994,Sagnik Guha,88,24.2,DRIBBLING_PERFECTION,Maintained brilliant execution posture vectors.
0:00:31.303994,Academy Player #3,81,19.8,DRIBBLING_PERFECTION,Maintained brilliant execution posture vectors.
0:00:31.371460,Rahul Sharma,92,28.5,DRIBBLING_PERFECTION,Maintained brilliant execution posture vectors.
0:00:31.371460,Sagnik Guha,88,24.2,DRIBBLING_PERFECTION,Maintained brilliant execution posture vectors.
0:00:31.371460,Academy Player #3,81,19.8,DRIBBLING_PERFECTION,Maintained brilliant execution posture vectors.
0:00:31.438925,Rahul Sharma,92,28.5,DRIBBLING_PERFECTION,Maintained brilliant execution posture vectors.
0:00:31.438925,Sagnik Guha,88,24.2,DRIBBLING_PERFECTION,Maintained brilliant execution posture vectors.
0:00:31.438925,Academy Player #3,81,19.8,DRIBBLING_PERFECTION,Maintained brilliant execution posture vectors.
0:00:31.506391,Rahul Sharma,92,28.5,DRIBBLING_PERFECTION,Maintained brilliant execution posture vectors.
0:00:31.506391,Sagnik Guha,88,24.2,DRIBBLING_PERFECTION,Maintained brilliant execution posture vectors.
0:00:31.506391,Academy Player #3,81,19.8,DRIBBLING_PERFECTION,Maintained brilliant execution posture vectors.
0:00:31.573856,Rahul Sharma,92,28.5,DRIBBLING_PERFECTION,Maintained brilliant execution posture vectors.
0:00:31.573856,Sagnik Guha,88,24.2,DRIBBLING_PERFECTION,Maintained brilliant execution posture vectors.
0:00:31.573856,Academy Player #3,81,19.8,DRIBBLING_PERFECTION,Maintained brilliant execution posture vectors.
0:00:31.641322,Rahul Sharma,92,28.5,DRIBBLING_PERFECTION,Maintained brilliant execution posture vectors.
0:00:31.641322,Sagnik Guha,88,24.2,DRIBBLING_PERFECTION,Maintained brilliant execution posture vectors.
0:00:31.641322,Academy Player #3,81,19.8,DRIBBLING_PERFECTION,Maintained brilliant execution posture vectors.
0:00:31.708787,Rahul Sharma,92,28.5,DRIBBLING_PERFECTION,Maintained brilliant execution posture vectors.
0:00:31.708787,Sagnik Guha,88,24.2,DRIBBLING_PERFECTION,Maintained brilliant execution posture vectors.
0:00:31.708787,Academy Player #3,81,19.8,DRIBBLING_PERFECTION,Maintained brilliant execution posture vectors.
0:00:31.776253,Rahul Sharma,92,28.5,DRIBBLING_PERFECTION,Maintained brilliant execution posture vectors.
0:00:31.776253,Sagnik Guha,88,24.2,DRIBBLING_PERFECTION,Maintained brilliant execution posture vectors.
0:00:31.776253,Academy Player #3,81,19.8,DRIBBLING_PERFECTION,Maintained brilliant execution posture vectors.
0:00:31.843718,Rahul Sharma,92,28.5,DRIBBLING_PERFECTION,Maintained brilliant execution posture vectors.
0:00:31.843718,Sagnik Guha,88,24.2,DRIBBLING_PERFECTION,Maintained brilliant execution posture vectors.
0:00:31.843718,Academy Player #3,81,19.8,DRIBBLING_PERFECTION,Maintained brilliant execution posture vectors.
0:00:31.911184,Rahul Sharma,92,28.5,DRIBBLING_PERFECTION,Maintained brilliant execution posture vectors.
0:00:31.911184,Sagnik Guha,88,24.2,DRIBBLING_PERFECTION,Maintained brilliant execution posture vectors.
0:00:31.911184,Academy Player #3,81,19.8,DRIBBLING_PERFECTION,Maintained brilliant execution posture vectors.
0:00:31.978649,Rahul Sharma,92,28.5,DRIBBLING_PERFECTION,Maintained brilliant execution posture vectors.
0:00:31.978649,Sagnik Guha,88,24.2,DRIBBLING_PERFECTION,Maintained brilliant execution posture vectors.
0:00:31.978649,Academy Player #3,81,19.8,DRIBBLING_PERFECTION,Maintained brilliant execution posture vectors.
0:00:32.046115,Rahul Sharma,92,28.5,DRIBBLING_PERFECTION,Maintained brilliant execution posture vectors.
0:00:32.046115,Sagnik Guha,88,24.2,DRIBBLING_PERFECTION,Maintained brilliant execution posture vectors.
0:00:32.046115,Academy Player #3,81,19.8,DRIBBLING_PERFECTION,Maintained brilliant execution posture vectors.
0:00:32.113580,Rahul Sharma,92,28.5,DRIBBLING_PERFECTION,Maintained brilliant execution posture vectors.
0:00:32.113580,Sagnik Guha,88,24.2,DRIBBLING_PERFECTION,Maintained brilliant execution posture vectors.
0:00:32.113580,Academy Player #3,81,19.8,DRIBBLING_PERFECTION,Maintained brilliant execution posture vectors.
0:00:32.181046,Rahul Sharma,92,28.5,DRIBBLING_PERFECTION,Maintained brilliant execution posture vectors.
0:00:32.181046,Sagnik Guha,88,24.2,DRIBBLING_PERFECTION,Maintained brilliant execution posture vectors.
0:00:32.181046,Academy Player #3,81,19.8,DRIBBLING_PERFECTION,Maintained brilliant execution posture vectors.
0:00:32.248511,Rahul Sharma,92,28.5,DRIBBLING_PERFECTION,Maintained brilliant execution posture vectors.
0:00:32.248511,Sagnik Guha,88,24.2,DRIBBLING_PERFECTION,Maintained brilliant execution posture vectors.
0:00:32.248511,Academy Player #3,81,19.8,DRIBBLING_PERFECTION,Maintained brilliant execution posture vectors.
0:00:32.315977,Rahul Sharma,92,28.5,DRIBBLING_PERFECTION,Maintained brilliant execution posture vectors.
0:00:32.315977,Sagnik Guha,88,24.2,DRIBBLING_PERFECTION,Maintained brilliant execution posture vectors.
0:00:32.315977,Academy Player #3,81,19.8,DRIBBLING_PERFECTION,Maintained brilliant execution posture vectors.
0:00:32.383442,Rahul Sharma,92,28.5,DRIBBLING_PERFECTION,Maintained brilliant execution posture vectors.
0:00:32.383442,Sagnik Guha,88,24.2,DRIBBLING_PERFECTION,Maintained brilliant execution posture vectors.
0:00:32.383442,Academy Player #3,81,19.8,DRIBBLING_PERFECTION,Maintained brilliant execution posture vectors.
0:00:32.450908,Rahul Sharma,92,28.5,DRIBBLING_PERFECTION,Maintained brilliant execution posture vectors.
0:00:32.450908,Sagnik Guha,88,24.2,DRIBBLING_PERFECTION,Maintained brilliant execution posture vectors.
0:00:32.450908,Academy Player #3,81,19.8,DRIBBLING_PERFECTION,Maintained brilliant execution posture vectors.
0:00:32.518373,Rahul Sharma,92,28.5,DRIBBLING_PERFECTION,Maintained brilliant execution posture vectors.
0:00:32.518373,Sagnik Guha,88,24.2,DRIBBLING_PERFECTION,Maintained brilliant execution posture vectors.
0:00:32.518373,Academy Player #3,81,19.8,DRIBBLING_PERFECTION,Maintained brilliant execution posture vectors.
0:00:32.585839,Rahul Sharma,92,28.5,DRIBBLING_PERFECTION,Maintained brilliant execution posture vectors.
0:00:32.585839,Sagnik Guha,88,24.2,DRIBBLING_PERFECTION,Maintained brilliant execution posture vectors.
0:00:32.585839,Academy Player #3,81,19.8,DRIBBLING_PERFECTION,Maintained brilliant execution posture vectors.
0:00:32.653304,Rahul Sharma,92,28.5,DRIBBLING_PERFECTION,Maintained brilliant execution posture vectors.
0:00:32.653304,Sagnik Guha,88,24.2,DRIBBLING_PERFECTION,Maintained brilliant execution posture vectors.
0:00:32.653304,Academy Player #3,81,19.8,DRIBBLING_PERFECTION,Maintained brilliant execution posture vectors.
0:00:32.720770,Rahul Sharma,92,28.5,DRIBBLING_PERFECTION,Maintained brilliant execution posture vectors.
0:00:32.720770,Sagnik Guha,88,24.2,DRIBBLING_PERFECTION,Maintained brilliant execution posture vectors.
0:00:32.720770,Academy Player #3,81,19.8,DRIBBLING_PERFECTION,Maintained brilliant execution posture vectors.
0:00:32.788235,Rahul Sharma,92,28.5,DRIBBLING_PERFECTION,Maintained brilliant execution posture vectors.
0:00:32.788235,Sagnik Guha,88,24.2,DRIBBLING_PERFECTION,Maintained brilliant execution posture vectors.
0:00:32.788235,Academy Player #3,81,19.8,DRIBBLING_PERFECTION,Maintained brilliant execution posture vectors.
0:00:32.855701,Rahul Sharma,92,28.5,DRIBBLING_PERFECTION,Maintained brilliant execution posture vectors.
0:00:32.855701,Sagnik Guha,88,24.2,DRIBBLING_PERFECTION,Maintained brilliant execution posture vectors.
0:00:32.855701,Academy Player #3,81,19.8,DRIBBLING_PERFECTION,Maintained brilliant execution posture vectors.
0:00:32.923166,Rahul Sharma,92,28.5,DRIBBLING_PERFECTION,Maintained brilliant execution posture vectors.
0:00:32.923166,Sagnik Guha,88,24.2,DRIBBLING_PERFECTION,Maintained brilliant execution posture vectors.
0:00:32.923166,Academy Player #3,81,19.8,DRIBBLING_PERFECTION,Maintained brilliant execution posture vectors.
0:00:32.990632,Rahul Sharma,92,28.5,DRIBBLING_PERFECTION,Maintained brilliant execution posture vectors.
0:00:32.990632,Sagnik Guha,88,24.2,DRIBBLING_PERFECTION,Maintained brilliant execution posture vectors.
0:00:32.990632,Academy Player #3,81,19.8,DRIBBLING_PERFECTION,Maintained brilliant execution posture vectors.
0:00:33.058097,Rahul Sharma,92,28.5,DRIBBLING_PERFECTION,Maintained brilliant execution posture vectors.
0:00:33.058097,Sagnik Guha,88,24.2,DRIBBLING_PERFECTION,Maintained brilliant execution posture vectors.
0:00:33.058097,Academy Player #3,81,19.8,DRIBBLING_PERFECTION,Maintained brilliant execution posture vectors.
0:00:33.125563,Rahul Sharma,92,28.5,DRIBBLING_PERFECTION,Maintained brilliant execution posture vectors.
0:00:33.125563,Sagnik Guha,88,24.2,DRIBBLING_PERFECTION,Maintained brilliant execution posture vectors.
0:00:33.125563,Academy Player #3,81,19.8,DRIBBLING_PERFECTION,Maintained brilliant execution posture vectors.
0:00:33.193028,Rahul Sharma,92,28.5,DRIBBLING_PERFECTION,Maintained brilliant execution posture vectors.
0:00:33.193028,Sagnik Guha,88,24.2,DRIBBLING_PERFECTION,Maintained brilliant execution posture vectors.
0:00:33.193028,Academy Player #3,81,19.8,DRIBBLING_PERFECTION,Maintained brilliant execution posture vectors.
0:00:33.260494,Rahul Sharma,92,28.5,DRIBBLING_PERFECTION,Maintained brilliant execution posture vectors.
0:00:33.260494,Sagnik Guha,88,24.2,DRIBBLING_PERFECTION,Maintained brilliant execution posture vectors.
0:00:33.260494,Academy Player #3,81,19.8,DRIBBLING_PERFECTION,Maintained brilliant execution posture vectors.
0:00:33.327959,Rahul Sharma,92,28.5,DRIBBLING_PERFECTION,Maintained brilliant execution posture vectors.
0:00:33.327959,Sagnik Guha,88,24.2,DRIBBLING_PERFECTION,Maintained brilliant execution posture vectors.
0:00:33.327959,Academy Player #3,81,19.8,DRIBBLING_PERFECTION,Maintained brilliant execution posture vectors.
0:00:33.395425,Rahul Sharma,92,28.5,DRIBBLING_PERFECTION,Maintained brilliant execution posture vectors.
0:00:33.395425,Sagnik Guha,88,24.2,DRIBBLING_PERFECTION,Maintained brilliant execution posture vectors.
0:00:33.395425,Academy Player #3,81,19.8,DRIBBLING_PERFECTION,Maintained brilliant execution posture vectors.
0:00:33.462890,Rahul Sharma,92,28.5,DRIBBLING_PERFECTION,Maintained brilliant execution posture vectors.
0:00:33.462890,Sagnik Guha,88,24.2,DRIBBLING_PERFECTION,Maintained brilliant execution posture vectors.
0:00:33.462890,Academy Player #3,81,19.8,DRIBBLING_PERFECTION,Maintained brilliant execution posture vectors.
0:00:33.530356,Rahul Sharma,92,28.5,DRIBBLING_PERFECTION,Maintained brilliant execution posture vectors.
0:00:33.530356,Sagnik Guha,88,24.2,DRIBBLING_PERFECTION,Maintained brilliant execution posture vectors.
0:00:33.530356,Academy Player #3,81,19.8,DRIBBLING_PERFECTION,Maintained brilliant execution posture vectors.
0:00:33.597821,Rahul Sharma,92,28.5,DRIBBLING_PERFECTION,Maintained brilliant execution posture vectors.
0:00:33.597821,Sagnik Guha,88,24.2,DRIBBLING_PERFECTION,Maintained brilliant execution posture vectors.
0:00:33.597821,Academy Player #3,81,19.8,DRIBBLING_PERFECTION,Maintained brilliant execution posture vectors.
0:00:33.665287,Rahul Sharma,92,28.5,DRIBBLING_PERFECTION,Maintained brilliant execution posture vectors.
0:00:33.665287,Sagnik Guha,88,24.2,DRIBBLING_PERFECTION,Maintained brilliant execution posture vectors.
0:00:33.665287,Academy Player #3,81,19.8,DRIBBLING_PERFECTION,Maintained brilliant execution posture vectors.
0:00:33.732752,Rahul Sharma,92,28.5,DRIBBLING_PERFECTION,Maintained brilliant execution posture vectors.
0:00:33.732752,Sagnik Guha,88,24.2,DRIBBLING_PERFECTION,Maintained brilliant execution posture vectors.
0:00:33.732752,Academy Player #3,81,19.8,DRIBBLING_PERFECTION,Maintained brilliant execution posture vectors.
0:00:33.800218,Rahul Sharma,92,28.5,DRIBBLING_PERFECTION,Maintained brilliant execution posture vectors.
0:00:33.800218,Sagnik Guha,88,24.2,DRIBBLING_PERFECTION,Maintained brilliant execution posture vectors.
0:00:33.800218,Academy Player #3,81,19.8,DRIBBLING_PERFECTION,Maintained brilliant execution posture vectors.
0:00:33.867683,Rahul Sharma,92,28.5,DRIBBLING_PERFECTION,Maintained brilliant execution posture vectors.
0:00:33.867683,Sagnik Guha,88,24.2,DRIBBLING_PERFECTION,Maintained brilliant execution posture vectors.
0:00:33.867683,Academy Player #3,81,19.8,DRIBBLING_PERFECTION,Maintained brilliant execution posture vectors.
0:00:33.935149,Rahul Sharma,92,28.5,DRIBBLING_PERFECTION,Maintained brilliant execution posture vectors.
0:00:33.935149,Sagnik Guha,88,24.2,DRIBBLING_PERFECTION,Maintained brilliant execution posture vectors.
0:00:33.935149,Academy Player #3,81,19.8,DRIBBLING_PERFECTION,Maintained brilliant execution posture vectors.
0:00:34.002614,Rahul Sharma,92,28.5,DRIBBLING_PERFECTION,Maintained brilliant execution posture vectors.
0:00:34.002614,Sagnik Guha,88,24.2,DRIBBLING_PERFECTION,Maintained brilliant execution posture vectors.
0:00:34.002614,Academy Player #3,81,19.8,DRIBBLING_PERFECTION,Maintained brilliant execution posture vectors.
0:00:34.070080,Rahul Sharma,92,28.5,DRIBBLING_PERFECTION,Maintained brilliant execution posture vectors.
0:00:34.070080,Sagnik Guha,88,24.2,DRIBBLING_PERFECTION,Maintained brilliant execution posture vectors.
0:00:34.070080,Academy Player #3,81,19.8,DRIBBLING_PERFECTION,Maintained brilliant execution posture vectors.
0:00:34.137545,Rahul Sharma,92,28.5,DRIBBLING_PERFECTION,Maintained brilliant execution posture vectors.
0:00:34.137545,Sagnik Guha,88,24.2,DRIBBLING_PERFECTION,Maintained brilliant execution posture vectors.
0:00:34.137545,Academy Player #3,81,19.8,DRIBBLING_PERFECTION,Maintained brilliant execution posture vectors.
0:00:34.205011,Rahul Sharma,92,28.5,DRIBBLING_PERFECTION,Maintained brilliant execution posture vectors.
0:00:34.205011,Sagnik Guha,88,24.2,DRIBBLING_PERFECTION,Maintained brilliant execution posture vectors.
0:00:34.205011,Academy Player #3,81,19.8,DRIBBLING_PERFECTION,Maintained brilliant execution posture vectors.
0:00:34.272476,Rahul Sharma,92,28.5,DRIBBLING_PERFECTION,Maintained brilliant execution posture vectors.
0:00:34.272476,Sagnik Guha,88,24.2,DRIBBLING_PERFECTION,Maintained brilliant execution posture vectors.
0:00:34.272476,Academy Player #3,81,19.8,DRIBBLING_PERFECTION,Maintained brilliant execution posture vectors.
0:00:34.339942,Rahul Sharma,92,28.5,DRIBBLING_PERFECTION,Maintained brilliant execution posture vectors.
0:00:34.339942,Sagnik Guha,88,24.2,DRIBBLING_PERFECTION,Maintained brilliant execution posture vectors.
0:00:34.339942,Academy Player #3,81,19.8,DRIBBLING_PERFECTION,Maintained brilliant execution posture vectors.
0:00:34.407407,Rahul Sharma,92,28.5,DRIBBLING_PERFECTION,Maintained brilliant execution posture vectors.
0:00:34.407407,Sagnik Guha,88,24.2,DRIBBLING_PERFECTION,Maintained brilliant execution posture vectors.
0:00:34.407407,Academy Player #3,81,19.8,DRIBBLING_PERFECTION,Maintained brilliant execution posture vectors.
0:00:34.474873,Rahul Sharma,92,28.5,DRIBBLING_PERFECTION,Maintained brilliant execution posture vectors.
0:00:34.474873,Sagnik Guha,88,24.2,DRIBBLING_PERFECTION,Maintained brilliant execution posture vectors.
0:00:34.474873,Academy Player #3,81,19.8,DRIBBLING_PERFECTION,Maintained brilliant execution posture vectors.
0:00:34.542338,Rahul Sharma,92,28.5,DRIBBLING_PERFECTION,Maintained brilliant execution posture vectors.
0:00:34.542338,Sagnik Guha,88,24.2,DRIBBLING_PERFECTION,Maintained brilliant execution posture vectors.
0:00:34.542338,Academy Player #3,81,19.8,DRIBBLING_PERFECTION,Maintained brilliant execution posture vectors.
0:00:34.609804,Rahul Sharma,92,28.5,DRIBBLING_PERFECTION,Maintained brilliant execution posture vectors.
0:00:34.609804,Sagnik Guha,88,24.2,DRIBBLING_PERFECTION,Maintained brilliant execution posture vectors.
0:00:34.609804,Academy Player #3,81,19.8,DRIBBLING_PERFECTION,Maintained brilliant execution posture vectors.
0:00:34.677269,Rahul Sharma,92,28.5,DRIBBLING_PERFECTION,Maintained brilliant execution posture vectors.
0:00:34.677269,Sagnik Guha,88,24.2,DRIBBLING_PERFECTION,Maintained brilliant execution posture vectors.
0:00:34.677269,Academy Player #3,81,19.8,DRIBBLING_PERFECTION,Maintained brilliant execution posture vectors.
0:00:34.744735,Rahul Sharma,92,28.5,DRIBBLING_PERFECTION,Maintained brilliant execution posture vectors.
0:00:34.744735,Sagnik Guha,88,24.2,DRIBBLING_PERFECTION,Maintained brilliant execution posture vectors.
0:00:34.744735,Academy Player #3,81,19.8,DRIBBLING_PERFECTION,Maintained brilliant execution posture vectors.
0:00:34.812200,Rahul Sharma,92,28.5,DRIBBLING_PERFECTION,Maintained brilliant execution posture vectors.
0:00:34.812200,Sagnik Guha,88,24.2,DRIBBLING_PERFECTION,Maintained brilliant execution posture vectors.
0:00:34.812200,Academy Player #3,81,19.8,DRIBBLING_PERFECTION,Maintained brilliant execution posture vectors.
0:00:34.879666,Rahul Sharma,92,28.5,DRIBBLING_PERFECTION,Maintained brilliant execution posture vectors.
0:00:34.879666,Sagnik Guha,88,24.2,DRIBBLING_PERFECTION,Maintained brilliant execution posture vectors.
0:00:34.879666,Academy Player #3,81,19.8,DRIBBLING_PERFECTION,Maintained brilliant execution posture vectors.
0:00:34.947131,Rahul Sharma,92,28.5,DRIBBLING_PERFECTION,Maintained brilliant execution posture vectors.
0:00:34.947131,Sagnik Guha,88,24.2,DRIBBLING_PERFECTION,Maintained brilliant execution posture vectors.
0:00:34.947131,Academy Player #3,81,19.8,DRIBBLING_PERFECTION,Maintained brilliant execution posture vectors.
0:00:35.014597,Rahul Sharma,92,28.5,DRIBBLING_PERFECTION,Maintained brilliant execution posture vectors.
0:00:35.014597,Sagnik Guha,88,24.2,DRIBBLING_PERFECTION,Maintained brilliant execution posture vectors.
0:00:35.014597,Academy Player #3,81,19.8,DRIBBLING_PERFECTION,Maintained brilliant execution posture vectors.
0:00:35.082062,Rahul Sharma,92,28.5,DRIBBLING_PERFECTION,Maintained brilliant execution posture vectors.
0:00:35.082062,Sagnik Guha,88,24.2,DRIBBLING_PERFECTION,Maintained brilliant execution posture vectors.
0:00:35.082062,Academy Player #3,81,19.8,DRIBBLING_PERFECTION,Maintained brilliant execution posture vectors.
0:00:35.149528,Rahul Sharma,92,28.5,DRIBBLING_PERFECTION,Maintained brilliant execution posture vectors.
0:00:35.149528,Sagnik Guha,88,24.2,DRIBBLING_PERFECTION,Maintained brilliant execution posture vectors.
0:00:35.149528,Academy Player #3,81,19.8,DRIBBLING_PERFECTION,Maintained brilliant execution posture vectors.
0:00:35.216993,Rahul Sharma,92,28.5,DRIBBLING_PERFECTION,Maintained brilliant execution posture vectors.
0:00:35.216993,Sagnik Guha,88,24.2,DRIBBLING_PERFECTION,Maintained brilliant execution posture vectors.
0:00:35.216993,Academy Player #3,81,19.8,DRIBBLING_PERFECTION,Maintained brilliant execution posture vectors.
0:00:35.284459,Rahul Sharma,92,28.5,DRIBBLING_PERFECTION,Maintained brilliant execution posture vectors.
0:00:35.284459,Sagnik Guha,88,24.2,DRIBBLING_PERFECTION,Maintained brilliant execution posture vectors.
0:00:35.284459,Academy Player #3,81,19.8,DRIBBLING_PERFECTION,Maintained brilliant execution posture vectors.
0:00:35.351924,Rahul Sharma,92,28.5,DRIBBLING_PERFECTION,Maintained brilliant execution posture vectors.
0:00:35.351924,Sagnik Guha,88,24.2,DRIBBLING_PERFECTION,Maintained brilliant execution posture vectors.
0:00:35.351924,Academy Player #3,81,19.8,DRIBBLING_PERFECTION,Maintained brilliant execution posture vectors.
0:00:35.419390,Rahul Sharma,92,28.5,DRIBBLING_PERFECTION,Maintained brilliant execution posture vectors.
0:00:35.419390,Sagnik Guha,88,24.2,DRIBBLING_PERFECTION,Maintained brilliant execution posture vectors.
0:00:35.419390,Academy Player #3,81,19.8,DRIBBLING_PERFECTION,Maintained brilliant execution posture vectors.
0:00:35.486855,Rahul Sharma,92,28.5,DRIBBLING_PERFECTION,Maintained brilliant execution posture vectors.
0:00:35.486855,Sagnik Guha,88,24.2,DRIBBLING_PERFECTION,Maintained brilliant execution posture vectors.
0:00:35.486855,Academy Player #3,81,19.8,DRIBBLING_PERFECTION,Maintained brilliant execution posture vectors.
0:00:35.554321,Rahul Sharma,92,28.5,DRIBBLING_PERFECTION,Maintained brilliant execution posture vectors.
0:00:35.554321,Sagnik Guha,88,24.2,DRIBBLING_PERFECTION,Maintained brilliant execution posture vectors.
0:00:35.554321,Academy Player #3,81,19.8,DRIBBLING_PERFECTION,Maintained brilliant execution posture vectors.
0:00:35.621786,Rahul Sharma,92,28.5,DRIBBLING_PERFECTION,Maintained brilliant execution posture vectors.
0:00:35.621786,Sagnik Guha,88,24.2,DRIBBLING_PERFECTION,Maintained brilliant execution posture vectors.
0:00:35.621786,Academy Player #3,81,19.8,DRIBBLING_PERFECTION,Maintained brilliant execution posture vectors.
0:00:35.689252,Rahul Sharma,92,28.5,DRIBBLING_PERFECTION,Maintained brilliant execution posture vectors.
0:00:35.689252,Sagnik Guha,88,24.2,DRIBBLING_PERFECTION,Maintained brilliant execution posture vectors.
0:00:35.689252,Academy Player #3,81,19.8,DRIBBLING_PERFECTION,Maintained brilliant execution posture vectors.
0:00:35.756718,Rahul Sharma,92,28.5,DRIBBLING_PERFECTION,Maintained brilliant execution posture vectors.
0:00:35.756718,Sagnik Guha,88,24.2,DRIBBLING_PERFECTION,Maintained brilliant execution posture vectors.
0:00:35.756718,Academy Player #3,81,19.8,DRIBBLING_PERFECTION,Maintained brilliant execution posture vectors.
0:00:35.824183,Rahul Sharma,92,28.5,DRIBBLING_PERFECTION,Maintained brilliant execution posture vectors.
0:00:35.824183,Sagnik Guha,88,24.2,DRIBBLING_PERFECTION,Maintained brilliant execution posture vectors.
0:00:35.824183,Academy Player #3,81,19.8,DRIBBLING_PERFECTION,Maintained brilliant execution posture vectors.
0:00:35.891649,Rahul Sharma,92,28.5,DRIBBLING_PERFECTION,Maintained brilliant execution posture vectors.
0:00:35.891649,Sagnik Guha,88,24.2,DRIBBLING_PERFECTION,Maintained brilliant execution posture vectors.
0:00:35.891649,Academy Player #3,81,19.8,DRIBBLING_PERFECTION,Maintained brilliant execution posture vectors.
0:00:35.959114,Rahul Sharma,92,28.5,DRIBBLING_PERFECTION,Maintained brilliant execution posture vectors.
0:00:35.959114,Sagnik Guha,88,24.2,DRIBBLING_PERFECTION,Maintained brilliant execution posture vectors.
0:00:35.959114,Academy Player #3,81,19.8,DRIBBLING_PERFECTION,Maintained brilliant execution posture vectors.
0:00:36.026580,Rahul Sharma,92,28.5,DRIBBLING_PERFECTION,Maintained brilliant execution posture vectors.
0:00:36.026580,Sagnik Guha,88,24.2,DRIBBLING_PERFECTION,Maintained brilliant execution posture vectors.
0:00:36.026580,Academy Player #3,81,19.8,DRIBBLING_PERFECTION,Maintained brilliant execution posture vectors.
0:00:36.094045,Rahul Sharma,92,28.5,DRIBBLING_PERFECTION,Maintained brilliant execution posture vectors.
0:00:36.094045,Sagnik Guha,88,24.2,DRIBBLING_PERFECTION,Maintained brilliant execution posture vectors.
0:00:36.094045,Academy Player #3,81,19.8,DRIBBLING_PERFECTION,Maintained brilliant execution posture vectors.
0:00:36.161511,Rahul Sharma,92,28.5,DRIBBLING_PERFECTION,Maintained brilliant execution posture vectors.
0:00:36.161511,Sagnik Guha,88,24.2,DRIBBLING_PERFECTION,Maintained brilliant execution posture vectors.
0:00:36.161511,Academy Player #3,81,19.8,DRIBBLING_PERFECTION,Maintained brilliant execution posture vectors.
0:00:36.228976,Rahul Sharma,92,28.5,DRIBBLING_PERFECTION,Maintained brilliant execution posture vectors.
0:00:36.228976,Sagnik Guha,88,24.2,DRIBBLING_PERFECTION,Maintained brilliant execution posture vectors.
0:00:36.228976,Academy Player #3,81,19.8,DRIBBLING_PERFECTION,Maintained brilliant execution posture vectors.
0:00:36.296442,Rahul Sharma,92,28.5,DRIBBLING_PERFECTION,Maintained brilliant execution posture vectors.
0:00:36.296442,Sagnik Guha,88,24.2,DRIBBLING_PERFECTION,Maintained brilliant execution posture vectors.
0:00:36.296442,Academy Player #3,81,19.8,DRIBBLING_PERFECTION,Maintained brilliant execution posture vectors.
0:00:36.363907,Rahul Sharma,92,28.5,DRIBBLING_PERFECTION,Maintained brilliant execution posture vectors.
0:00:36.363907,Sagnik Guha,88,24.2,DRIBBLING_PERFECTION,Maintained brilliant execution posture vectors.
0:00:36.363907,Academy Player #3,81,19.8,DRIBBLING_PERFECTION,Maintained brilliant execution posture vectors.
0:00:36.431373,Rahul Sharma,92,28.5,DRIBBLING_PERFECTION,Maintained brilliant execution posture vectors.
0:00:36.431373,Sagnik Guha,88,24.2,DRIBBLING_PERFECTION,Maintained brilliant execution posture vectors.
0:00:36.431373,Academy Player #3,81,19.8,DRIBBLING_PERFECTION,Maintained brilliant execution posture vectors.
0:00:36.498838,Rahul Sharma,92,28.5,DRIBBLING_PERFECTION,Maintained brilliant execution posture vectors.
0:00:36.498838,Sagnik Guha,88,24.2,DRIBBLING_PERFECTION,Maintained brilliant execution posture vectors.
0:00:36.498838,Academy Player #3,81,19.8,DRIBBLING_PERFECTION,Maintained brilliant execution posture vectors.
0:00:36.566304,Rahul Sharma,92,28.5,DRIBBLING_PERFECTION,Maintained brilliant execution posture vectors.
0:00:36.566304,Sagnik Guha,88,24.2,DRIBBLING_PERFECTION,Maintained brilliant execution posture vectors.
0:00:36.566304,Academy Player #3,81,19.8,DRIBBLING_PERFECTION,Maintained brilliant execution posture vectors.
0:00:36.633769,Rahul Sharma,92,28.5,DRIBBLING_PERFECTION,Maintained brilliant execution posture vectors.
0:00:36.633769,Sagnik Guha,88,24.2,DRIBBLING_PERFECTION,Maintained brilliant execution posture vectors.
0:00:36.633769,Academy Player #3,81,19.8,DRIBBLING_PERFECTION,Maintained brilliant execution posture vectors.
0:00:36.701235,Rahul Sharma,92,28.5,DRIBBLING_PERFECTION,Maintained brilliant execution posture vectors.
0:00:36.701235,Sagnik Guha,88,24.2,DRIBBLING_PERFECTION,Maintained brilliant execution posture vectors.
0:00:36.701235,Academy Player #3,81,19.8,DRIBBLING_PERFECTION,Maintained brilliant execution posture vectors.
0:00:36.768700,Rahul Sharma,92,28.5,DRIBBLING_PERFECTION,Maintained brilliant execution posture vectors.
0:00:36.768700,Sagnik Guha,88,24.2,DRIBBLING_PERFECTION,Maintained brilliant execution posture vectors.
0:00:36.768700,Academy Player #3,81,19.8,DRIBBLING_PERFECTION,Maintained brilliant execution posture vectors.
0:00:36.836166,Rahul Sharma,92,28.5,DRIBBLING_PERFECTION,Maintained brilliant execution posture vectors.
0:00:36.836166,Sagnik Guha,88,24.2,DRIBBLING_PERFECTION,Maintained brilliant execution posture vectors.
0:00:36.836166,Academy Player #3,81,19.8,DRIBBLING_PERFECTION,Maintained brilliant execution posture vectors.
0:00:36.903631,Rahul Sharma,92,28.5,DRIBBLING_PERFECTION,Maintained brilliant execution posture vectors.
0:00:36.903631,Sagnik Guha,88,24.2,DRIBBLING_PERFECTION,Maintained brilliant execution posture vectors.
0:00:36.903631,Academy Player #3,81,19.8,DRIBBLING_PERFECTION,Maintained brilliant execution posture vectors.
0:00:36.971097,Rahul Sharma,92,28.5,DRIBBLING_PERFECTION,Maintained brilliant execution posture vectors.
0:00:36.971097,Sagnik Guha,88,24.2,DRIBBLING_PERFECTION,Maintained brilliant execution posture vectors.
0:00:36.971097,Academy Player #3,81,19.8,DRIBBLING_PERFECTION,Maintained brilliant execution posture vectors.
0:00:37.038562,Rahul Sharma,92,28.5,DRIBBLING_PERFECTION,Maintained brilliant execution posture vectors.
0:00:37.038562,Sagnik Guha,88,24.2,DRIBBLING_PERFECTION,Maintained brilliant execution posture vectors.
0:00:37.038562,Academy Player #3,81,19.8,DRIBBLING_PERFECTION,Maintained brilliant execution posture vectors.
0:00:37.106028,Rahul Sharma,92,28.5,DRIBBLING_PERFECTION,Maintained brilliant execution posture vectors.
0:00:37.106028,Sagnik Guha,88,24.2,DRIBBLING_PERFECTION,Maintained brilliant execution posture vectors.
0:00:37.106028,Academy Player #3,81,19.8,DRIBBLING_PERFECTION,Maintained brilliant execution posture vectors.
0:00:37.173493,Rahul Sharma,92,28.5,DRIBBLING_PERFECTION,Maintained brilliant execution posture vectors.
0:00:37.173493,Sagnik Guha,88,24.2,DRIBBLING_PERFECTION,Maintained brilliant execution posture vectors.
0:00:37.173493,Academy Player #3,81,19.8,DRIBBLING_PERFECTION,Maintained brilliant execution posture vectors.
0:00:37.240959,Rahul Sharma,92,28.5,DRIBBLING_PERFECTION,Maintained brilliant execution posture vectors.
0:00:37.240959,Sagnik Guha,88,24.2,DRIBBLING_PERFECTION,Maintained brilliant execution posture vectors.
0:00:37.240959,Academy Player #3,81,19.8,DRIBBLING_PERFECTION,Maintained brilliant execution posture vectors.
0:00:37.308424,Rahul Sharma,92,28.5,DRIBBLING_PERFECTION,Maintained brilliant execution posture vectors.
0:00:37.308424,Sagnik Guha,88,24.2,DRIBBLING_PERFECTION,Maintained brilliant execution posture vectors.
0:00:37.308424,Academy Player #3,81,19.8,DRIBBLING_PERFECTION,Maintained brilliant execution posture vectors.
0:00:37.375890,Rahul Sharma,92,28.5,DRIBBLING_PERFECTION,Maintained brilliant execution posture vectors.
0:00:37.375890,Sagnik Guha,88,24.2,DRIBBLING_PERFECTION,Maintained brilliant execution posture vectors.
0:00:37.375890,Academy Player #3,81,19.8,DRIBBLING_PERFECTION,Maintained brilliant execution posture vectors.
0:00:37.443355,Rahul Sharma,92,28.5,DRIBBLING_PERFECTION,Maintained brilliant execution posture vectors.
0:00:37.443355,Sagnik Guha,88,24.2,DRIBBLING_PERFECTION,Maintained brilliant execution posture vectors.
0:00:37.443355,Academy Player #3,81,19.8,DRIBBLING_PERFECTION,Maintained brilliant execution posture vectors.
0:00:37.510821,Rahul Sharma,92,28.5,DRIBBLING_PERFECTION,Maintained brilliant execution posture vectors.
0:00:37.510821,Sagnik Guha,88,24.2,DRIBBLING_PERFECTION,Maintained brilliant execution posture vectors.
0:00:37.510821,Academy Player #3,81,19.8,DRIBBLING_PERFECTION,Maintained brilliant execution posture vectors.
0:00:37.578286,Rahul Sharma,92,28.5,DRIBBLING_PERFECTION,Maintained brilliant execution posture vectors.
0:00:37.578286,Sagnik Guha,88,24.2,DRIBBLING_PERFECTION,Maintained brilliant execution posture vectors.
0:00:37.578286,Academy Player #3,81,19.8,DRIBBLING_PERFECTION,Maintained brilliant execution posture vectors.
0:00:37.645752,Rahul Sharma,92,28.5,DRIBBLING_PERFECTION,Maintained brilliant execution posture vectors.
0:00:37.645752,Sagnik Guha,88,24.2,DRIBBLING_PERFECTION,Maintained brilliant execution posture vectors.
0:00:37.645752,Academy Player #3,81,19.8,DRIBBLING_PERFECTION,Maintained brilliant execution posture vectors.
0:00:37.713217,Rahul Sharma,92,28.5,DRIBBLING_PERFECTION,Maintained brilliant execution posture vectors.
0:00:37.713217,Sagnik Guha,88,24.2,DRIBBLING_PERFECTION,Maintained brilliant execution posture vectors.
0:00:37.713217,Academy Player #3,81,19.8,DRIBBLING_PERFECTION,Maintained brilliant execution posture vectors.
0:00:37.780683,Rahul Sharma,92,28.5,DRIBBLING_PERFECTION,Maintained brilliant execution posture vectors.
0:00:37.780683,Sagnik Guha,88,24.2,DRIBBLING_PERFECTION,Maintained brilliant execution posture vectors.
0:00:37.780683,Academy Player #3,81,19.8,DRIBBLING_PERFECTION,Maintained brilliant execution posture vectors.
0:00:37.848148,Rahul Sharma,92,28.5,DRIBBLING_PERFECTION,Maintained brilliant execution posture vectors.
0:00:37.848148,Sagnik Guha,88,24.2,DRIBBLING_PERFECTION,Maintained brilliant execution posture vectors.
0:00:37.848148,Academy Player #3,81,19.8,DRIBBLING_PERFECTION,Maintained brilliant execution posture vectors.
0:00:37.915614,Rahul Sharma,92,28.5,DRIBBLING_PERFECTION,Maintained brilliant execution posture vectors.
0:00:37.915614,Sagnik Guha,88,24.2,DRIBBLING_PERFECTION,Maintained brilliant execution posture vectors.
0:00:37.915614,Academy Player #3,81,19.8,DRIBBLING_PERFECTION,Maintained brilliant execution posture vectors.
0:00:37.983079,Rahul Sharma,92,28.5,DRIBBLING_PERFECTION,Maintained brilliant execution posture vectors.
0:00:37.983079,Sagnik Guha,88,24.2,DRIBBLING_PERFECTION,Maintained brilliant execution posture vectors.
0:00:37.983079,Academy Player #3,81,19.8,DRIBBLING_PERFECTION,Maintained brilliant execution posture vectors.
0:00:38.050545,Rahul Sharma,92,28.5,DRIBBLING_PERFECTION,Maintained brilliant execution posture vectors.
0:00:38.050545,Sagnik Guha,88,24.2,DRIBBLING_PERFECTION,Maintained brilliant execution posture vectors.
0:00:38.050545,Academy Player #3,81,19.8,DRIBBLING_PERFECTION,Maintained brilliant execution posture vectors.
0:00:38.118010,Rahul Sharma,92,28.5,DRIBBLING_PERFECTION,Maintained brilliant execution posture vectors.
0:00:38.118010,Sagnik Guha,88,24.2,DRIBBLING_PERFECTION,Maintained brilliant execution posture vectors.
0:00:38.118010,Academy Player #3,81,19.8,DRIBBLING_PERFECTION,Maintained brilliant execution posture vectors.
0:00:38.185476,Rahul Sharma,92,28.5,DRIBBLING_PERFECTION,Maintained brilliant execution posture vectors.
0:00:38.185476,Sagnik Guha,88,24.2,DRIBBLING_PERFECTION,Maintained brilliant execution posture vectors.
0:00:38.185476,Academy Player #3,81,19.8,DRIBBLING_PERFECTION,Maintained brilliant execution posture vectors.
0:00:38.252941,Rahul Sharma,92,28.5,DRIBBLING_PERFECTION,Maintained brilliant execution posture vectors.
0:00:38.252941,Sagnik Guha,88,24.2,DRIBBLING_PERFECTION,Maintained brilliant execution posture vectors.
0:00:38.252941,Academy Player #3,81,19.8,DRIBBLING_PERFECTION,Maintained brilliant execution posture vectors.
0:00:38.320407,Rahul Sharma,92,28.5,DRIBBLING_PERFECTION,Maintained brilliant execution posture vectors.
0:00:38.320407,Sagnik Guha,88,24.2,DRIBBLING_PERFECTION,Maintained brilliant execution posture vectors.
0:00:38.320407,Academy Player #3,81,19.8,DRIBBLING_PERFECTION,Maintained brilliant execution posture vectors.
0:00:38.387872,Rahul Sharma,92,28.5,DRIBBLING_PERFECTION,Maintained brilliant execution posture vectors.
0:00:38.387872,Sagnik Guha,88,24.2,DRIBBLING_PERFECTION,Maintained brilliant execution posture vectors.
0:00:38.387872,Academy Player #3,81,19.8,DRIBBLING_PERFECTION,Maintained brilliant execution posture vectors.
0:00:38.455338,Rahul Sharma,92,28.5,DRIBBLING_PERFECTION,Maintained brilliant execution posture vectors.
0:00:38.455338,Sagnik Guha,88,24.2,DRIBBLING_PERFECTION,Maintained brilliant execution posture vectors.
0:00:38.455338,Academy Player #3,81,19.8,DRIBBLING_PERFECTION,Maintained brilliant execution posture vectors.
0:00:38.522803,Rahul Sharma,92,28.5,DRIBBLING_PERFECTION,Maintained brilliant execution posture vectors.
0:00:38.522803,Sagnik Guha,88,24.2,DRIBBLING_PERFECTION,Maintained brilliant execution posture vectors.
0:00:38.522803,Academy Player #3,81,19.8,DRIBBLING_PERFECTION,Maintained brilliant execution posture vectors.
0:00:38.590269,Rahul Sharma,92,28.5,DRIBBLING_PERFECTION,Maintained brilliant execution posture vectors.
0:00:38.590269,Sagnik Guha,88,24.2,DRIBBLING_PERFECTION,Maintained brilliant execution posture vectors.
0:00:38.590269,Academy Player #3,81,19.8,DRIBBLING_PERFECTION,Maintained brilliant execution posture vectors.
0:00:38.657734,Rahul Sharma,92,28.5,DRIBBLING_PERFECTION,Maintained brilliant execution posture vectors.
0:00:38.657734,Sagnik Guha,88,24.2,DRIBBLING_PERFECTION,Maintained brilliant execution posture vectors.
0:00:38.657734,Academy Player #3,81,19.8,DRIBBLING_PERFECTION,Maintained brilliant execution posture vectors.
0:00:38.725200,Rahul Sharma,92,28.5,DRIBBLING_PERFECTION,Maintained brilliant execution posture vectors.
0:00:38.725200,Sagnik Guha,88,24.2,DRIBBLING_PERFECTION,Maintained brilliant execution posture vectors.
0:00:38.725200,Academy Player #3,81,19.8,DRIBBLING_PERFECTION,Maintained brilliant execution posture vectors.
0:00:38.792665,Rahul Sharma,92,28.5,DRIBBLING_PERFECTION,Maintained brilliant execution posture vectors.
0:00:38.792665,Sagnik Guha,88,24.2,DRIBBLING_PERFECTION,Maintained brilliant execution posture vectors.
0:00:38.792665,Academy Player #3,81,19.8,DRIBBLING_PERFECTION,Maintained brilliant execution posture vectors.
0:00:38.860131,Rahul Sharma,92,28.5,DRIBBLING_PERFECTION,Maintained brilliant execution posture vectors.
0:00:38.860131,Sagnik Guha,88,24.2,DRIBBLING_PERFECTION,Maintained brilliant execution posture vectors.
0:00:38.860131,Academy Player #3,81,19.8,DRIBBLING_PERFECTION,Maintained brilliant execution posture vectors.
0:00:38.927596,Rahul Sharma,92,28.5,DRIBBLING_PERFECTION,Maintained brilliant execution posture vectors.
0:00:38.927596,Sagnik Guha,88,24.2,DRIBBLING_PERFECTION,Maintained brilliant execution posture vectors.
0:00:38.927596,Academy Player #3,81,19.8,DRIBBLING_PERFECTION,Maintained brilliant execution posture vectors.
0:00:38.995062,Rahul Sharma,92,28.5,DRIBBLING_PERFECTION,Maintained brilliant execution posture vectors.
0:00:38.995062,Sagnik Guha,88,24.2,DRIBBLING_PERFECTION,Maintained brilliant execution posture vectors.
0:00:38.995062,Academy Player #3,81,19.8,DRIBBLING_PERFECTION,Maintained brilliant execution posture vectors.
0:00:39.062527,Rahul Sharma,92,28.5,DRIBBLING_PERFECTION,Maintained brilliant execution posture vectors.
0:00:39.062527,Sagnik Guha,88,24.2,DRIBBLING_PERFECTION,Maintained brilliant execution posture vectors.
0:00:39.062527,Academy Player #3,81,19.8,DRIBBLING_PERFECTION,Maintained brilliant execution posture vectors.
0:00:39.129993,Rahul Sharma,92,28.5,DRIBBLING_PERFECTION,Maintained brilliant execution posture vectors.
0:00:39.129993,Sagnik Guha,88,24.2,DRIBBLING_PERFECTION,Maintained brilliant execution posture vectors.
0:00:39.129993,Academy Player #3,81,19.8,DRIBBLING_PERFECTION,Maintained brilliant execution posture vectors.
0:00:39.197458,Rahul Sharma,92,28.5,DRIBBLING_PERFECTION,Maintained brilliant execution posture vectors.
0:00:39.197458,Sagnik Guha,88,24.2,DRIBBLING_PERFECTION,Maintained brilliant execution posture vectors.
0:00:39.197458,Academy Player #3,81,19.8,DRIBBLING_PERFECTION,Maintained brilliant execution posture vectors.
0:00:39.264924,Rahul Sharma,92,28.5,DRIBBLING_PERFECTION,Maintained brilliant execution posture vectors.
0:00:39.264924,Sagnik Guha,88,24.2,DRIBBLING_PERFECTION,Maintained brilliant execution posture vectors.
0:00:39.264924,Academy Player #3,81,19.8,DRIBBLING_PERFECTION,Maintained brilliant execution posture vectors.
0:00:39.332389,Rahul Sharma,92,28.5,DRIBBLING_PERFECTION,Maintained brilliant execution posture vectors.
0:00:39.332389,Sagnik Guha,88,24.2,DRIBBLING_PERFECTION,Maintained brilliant execution posture vectors.
0:00:39.332389,Academy Player #3,81,19.8,DRIBBLING_PERFECTION,Maintained brilliant execution posture vectors.
0:00:39.399855,Rahul Sharma,92,28.5,DRIBBLING_PERFECTION,Maintained brilliant execution posture vectors.
0:00:39.399855,Sagnik Guha,88,24.2,DRIBBLING_PERFECTION,Maintained brilliant execution posture vectors.
0:00:39.399855,Academy Player #3,81,19.8,DRIBBLING_PERFECTION,Maintained brilliant execution posture vectors.
0:00:39.467320,Rahul Sharma,92,28.5,DRIBBLING_PERFECTION,Maintained brilliant execution posture vectors.
0:00:39.467320,Sagnik Guha,88,24.2,DRIBBLING_PERFECTION,Maintained brilliant execution posture vectors.
0:00:39.467320,Academy Player #3,81,19.8,DRIBBLING_PERFECTION,Maintained brilliant execution posture vectors.
0:00:39.534786,Rahul Sharma,92,28.5,DRIBBLING_PERFECTION,Maintained brilliant execution posture vectors.
0:00:39.534786,Sagnik Guha,88,24.2,DRIBBLING_PERFECTION,Maintained brilliant execution posture vectors.
0:00:39.534786,Academy Player #3,81,19.8,DRIBBLING_PERFECTION,Maintained brilliant execution posture vectors.
0:00:39.602251,Rahul Sharma,92,28.5,DRIBBLING_PERFECTION,Maintained brilliant execution posture vectors.
0:00:39.602251,Sagnik Guha,88,24.2,DRIBBLING_PERFECTION,Maintained brilliant execution posture vectors.
0:00:39.602251,Academy Player #3,81,19.8,DRIBBLING_PERFECTION,Maintained brilliant execution posture vectors.
0:00:39.669717,Rahul Sharma,92,28.5,DRIBBLING_PERFECTION,Maintained brilliant execution posture vectors.
0:00:39.669717,Sagnik Guha,88,24.2,DRIBBLING_PERFECTION,Maintained brilliant execution posture vectors.
0:00:39.669717,Academy Player #3,81,19.8,DRIBBLING_PERFECTION,Maintained brilliant execution posture vectors.
0:00:39.737182,Rahul Sharma,92,28.5,DRIBBLING_PERFECTION,Maintained brilliant execution posture vectors.
0:00:39.737182,Sagnik Guha,88,24.2,DRIBBLING_PERFECTION,Maintained brilliant execution posture vectors.
0:00:39.737182,Academy Player #3,81,19.8,DRIBBLING_PERFECTION,Maintained brilliant execution posture vectors.
0:00:39.804648,Rahul Sharma,92,28.5,DRIBBLING_PERFECTION,Maintained brilliant execution posture vectors.
0:00:39.804648,Sagnik Guha,88,24.2,DRIBBLING_PERFECTION,Maintained brilliant execution posture vectors.
0:00:39.804648,Academy Player #3,81,19.8,DRIBBLING_PERFECTION,Maintained brilliant execution posture vectors.
0:00:39.872113,Rahul Sharma,92,28.5,DRIBBLING_PERFECTION,Maintained brilliant execution posture vectors.
0:00:39.872113,Sagnik Guha,88,24.2,DRIBBLING_PERFECTION,Maintained brilliant execution posture vectors.
0:00:39.872113,Academy Player #3,81,19.8,DRIBBLING_PERFECTION,Maintained brilliant execution posture vectors.
0:00:39.939579,Rahul Sharma,92,28.5,DRIBBLING_PERFECTION,Maintained brilliant execution posture vectors.
0:00:39.939579,Sagnik Guha,88,24.2,DRIBBLING_PERFECTION,Maintained brilliant execution posture vectors.
0:00:39.939579,Academy Player #3,81,19.8,DRIBBLING_PERFECTION,Maintained brilliant execution posture vectors.
0:00:40.007044,Rahul Sharma,92,28.5,DRIBBLING_PERFECTION,Maintained brilliant execution posture vectors.
0:00:40.007044,Sagnik Guha,88,24.2,DRIBBLING_PERFECTION,Maintained brilliant execution posture vectors.
0:00:40.007044,Academy Player #3,81,19.8,DRIBBLING_PERFECTION,Maintained brilliant execution posture vectors.
0:00:40.074510,Rahul Sharma,92,28.5,DRIBBLING_PERFECTION,Maintained brilliant execution posture vectors.
0:00:40.074510,Sagnik Guha,88,24.2,DRIBBLING_PERFECTION,Maintained brilliant execution posture vectors.
0:00:40.074510,Academy Player #3,81,19.8,DRIBBLING_PERFECTION,Maintained brilliant execution posture vectors.
0:00:40.141975,Rahul Sharma,92,28.5,DRIBBLING_PERFECTION,Maintained brilliant execution posture vectors.
0:00:40.141975,Sagnik Guha,88,24.2,DRIBBLING_PERFECTION,Maintained brilliant execution posture vectors.
0:00:40.141975,Academy Player #3,81,19.8,DRIBBLING_PERFECTION,Maintained brilliant execution posture vectors.
0:00:40.209441,Rahul Sharma,92,28.5,DRIBBLING_PERFECTION,Maintained brilliant execution posture vectors.
0:00:40.209441,Sagnik Guha,88,24.2,DRIBBLING_PERFECTION,Maintained brilliant execution posture vectors.
0:00:40.209441,Academy Player #3,81,19.8,DRIBBLING_PERFECTION,Maintained brilliant execution posture vectors.
0:00:40.276906,Rahul Sharma,92,28.5,DRIBBLING_PERFECTION,Maintained brilliant execution posture vectors.
0:00:40.276906,Sagnik Guha,88,24.2,DRIBBLING_PERFECTION,Maintained brilliant execution posture vectors.
0:00:40.276906,Academy Player #3,81,19.8,DRIBBLING_PERFECTION,Maintained brilliant execution posture vectors.
0:00:40.344372,Rahul Sharma,92,28.5,DRIBBLING_PERFECTION,Maintained brilliant execution posture vectors.
0:00:40.344372,Sagnik Guha,88,24.2,DRIBBLING_PERFECTION,Maintained brilliant execution posture vectors.
0:00:40.344372,Academy Player #3,81,19.8,DRIBBLING_PERFECTION,Maintained brilliant execution posture vectors.
0:00:40.411837,Rahul Sharma,92,28.5,DRIBBLING_PERFECTION,Maintained brilliant execution posture vectors.
0:00:40.411837,Sagnik Guha,88,24.2,DRIBBLING_PERFECTION,Maintained brilliant execution posture vectors.
0:00:40.411837,Academy Player #3,81,19.8,DRIBBLING_PERFECTION,Maintained brilliant execution posture vectors.
0:00:40.479303,Rahul Sharma,92,28.5,DRIBBLING_PERFECTION,Maintained brilliant execution posture vectors.
0:00:40.479303,Sagnik Guha,88,24.2,DRIBBLING_PERFECTION,Maintained brilliant execution posture vectors.
0:00:40.479303,Academy Player #3,81,19.8,DRIBBLING_PERFECTION,Maintained brilliant execution posture vectors.
0:00:40.546768,Rahul Sharma,92,28.5,DRIBBLING_PERFECTION,Maintained brilliant execution posture vectors.
0:00:40.546768,Sagnik Guha,88,24.2,DRIBBLING_PERFECTION,Maintained brilliant execution posture vectors.
0:00:40.546768,Academy Player #3,81,19.8,DRIBBLING_PERFECTION,Maintained brilliant execution posture vectors.
0:00:40.614234,Rahul Sharma,92,28.5,DRIBBLING_PERFECTION,Maintained brilliant execution posture vectors.
0:00:40.614234,Sagnik Guha,88,24.2,DRIBBLING_PERFECTION,Maintained brilliant execution posture vectors.
0:00:40.614234,Academy Player #3,81,19.8,DRIBBLING_PERFECTION,Maintained brilliant execution posture vectors.
0:00:40.681699,Rahul Sharma,92,28.5,DRIBBLING_PERFECTION,Maintained brilliant execution posture vectors.
0:00:40.681699,Sagnik Guha,88,24.2,DRIBBLING_PERFECTION,Maintained brilliant execution posture vectors.
0:00:40.681699,Academy Player #3,81,19.8,DRIBBLING_PERFECTION,Maintained brilliant execution posture vectors.
0:00:40.749165,Rahul Sharma,92,28.5,DRIBBLING_PERFECTION,Maintained brilliant execution posture vectors.
0:00:40.749165,Sagnik Guha,88,24.2,DRIBBLING_PERFECTION,Maintained brilliant execution posture vectors.
0:00:40.749165,Academy Player #3,81,19.8,DRIBBLING_PERFECTION,Maintained brilliant execution posture vectors.
0:00:40.816630,Rahul Sharma,92,28.5,DRIBBLING_PERFECTION,Maintained brilliant execution posture vectors.
0:00:40.816630,Sagnik Guha,88,24.2,DRIBBLING_PERFECTION,Maintained brilliant execution posture vectors.
0:00:40.816630,Academy Player #3,81,19.8,DRIBBLING_PERFECTION,Maintained brilliant execution posture vectors.
0:00:40.884096,Rahul Sharma,92,28.5,DRIBBLING_PERFECTION,Maintained brilliant execution posture vectors.
0:00:40.884096,Sagnik Guha,88,24.2,DRIBBLING_PERFECTION,Maintained brilliant execution posture vectors.
0:00:40.884096,Academy Player #3,81,19.8,DRIBBLING_PERFECTION,Maintained brilliant execution posture vectors.
0:00:40.951561,Rahul Sharma,92,28.5,DRIBBLING_PERFECTION,Maintained brilliant execution posture vectors.
0:00:40.951561,Sagnik Guha,88,24.2,DRIBBLING_PERFECTION,Maintained brilliant execution posture vectors.
0:00:40.951561,Academy Player #3,81,19.8,DRIBBLING_PERFECTION,Maintained brilliant execution posture vectors.
0:00:41.019027,Rahul Sharma,92,28.5,DRIBBLING_PERFECTION,Maintained brilliant execution posture vectors.
0:00:41.019027,Sagnik Guha,88,24.2,DRIBBLING_PERFECTION,Maintained brilliant execution posture vectors.
0:00:41.019027,Academy Player #3,81,19.8,DRIBBLING_PERFECTION,Maintained brilliant execution posture vectors.
0:00:41.086492,Rahul Sharma,92,28.5,DRIBBLING_PERFECTION,Maintained brilliant execution posture vectors.
0:00:41.086492,Sagnik Guha,88,24.2,DRIBBLING_PERFECTION,Maintained brilliant execution posture vectors.
0:00:41.086492,Academy Player #3,81,19.8,DRIBBLING_PERFECTION,Maintained brilliant execution posture vectors.
0:00:41.153958,Rahul Sharma,92,28.5,DRIBBLING_PERFECTION,Maintained brilliant execution posture vectors.
0:00:41.153958,Sagnik Guha,88,24.2,DRIBBLING_PERFECTION,Maintained brilliant execution posture vectors.
0:00:41.153958,Academy Player #3,81,19.8,DRIBBLING_PERFECTION,Maintained brilliant execution posture vectors.
0:00:41.221423,Rahul Sharma,92,28.5,DRIBBLING_PERFECTION,Maintained brilliant execution posture vectors.
0:00:41.221423,Sagnik Guha,88,24.2,DRIBBLING_PERFECTION,Maintained brilliant execution posture vectors.
0:00:41.221423,Academy Player #3,81,19.8,DRIBBLING_PERFECTION,Maintained brilliant execution posture vectors.
0:00:41.288889,Rahul Sharma,92,28.5,DRIBBLING_PERFECTION,Maintained brilliant execution posture vectors.
0:00:41.288889,Sagnik Guha,88,24.2,DRIBBLING_PERFECTION,Maintained brilliant execution posture vectors.
0:00:41.288889,Academy Player #3,81,19.8,DRIBBLING_PERFECTION,Maintained brilliant execution posture vectors.
0:00:41.356354,Rahul Sharma,92,28.5,DRIBBLING_PERFECTION,Maintained brilliant execution posture vectors.
0:00:41.356354,Sagnik Guha,88,24.2,DRIBBLING_PERFECTION,Maintained brilliant execution posture vectors.
0:00:41.356354,Academy Player #3,81,19.8,DRIBBLING_PERFECTION,Maintained brilliant execution posture vectors.
0:00:41.423820,Rahul Sharma,92,28.5,DRIBBLING_PERFECTION,Maintained brilliant execution posture vectors.
0:00:41.423820,Sagnik Guha,88,24.2,DRIBBLING_PERFECTION,Maintained brilliant execution posture vectors.
0:00:41.423820,Academy Player #3,81,19.8,DRIBBLING_PERFECTION,Maintained brilliant execution posture vectors.
0:00:41.491285,Rahul Sharma,92,28.5,DRIBBLING_PERFECTION,Maintained brilliant execution posture vectors.
0:00:41.491285,Sagnik Guha,88,24.2,DRIBBLING_PERFECTION,Maintained brilliant execution posture vectors.
0:00:41.491285,Academy Player #3,81,19.8,DRIBBLING_PERFECTION,Maintained brilliant execution posture vectors.
0:00:41.558751,Rahul Sharma,92,28.5,DRIBBLING_PERFECTION,Maintained brilliant execution posture vectors.
0:00:41.558751,Sagnik Guha,88,24.2,DRIBBLING_PERFECTION,Maintained brilliant execution posture vectors.
0:00:41.558751,Academy Player #3,81,19.8,DRIBBLING_PERFECTION,Maintained brilliant execution posture vectors.
0:00:41.626216,Rahul Sharma,92,28.5,DRIBBLING_PERFECTION,Maintained brilliant execution posture vectors.
0:00:41.626216,Sagnik Guha,88,24.2,DRIBBLING_PERFECTION,Maintained brilliant execution posture vectors.
0:00:41.626216,Academy Player #3,81,19.8,DRIBBLING_PERFECTION,Maintained brilliant execution posture vectors.
0:00:41.693682,Rahul Sharma,92,28.5,DRIBBLING_PERFECTION,Maintained brilliant execution posture vectors.
0:00:41.693682,Sagnik Guha,88,24.2,DRIBBLING_PERFECTION,Maintained brilliant execution posture vectors.
0:00:41.693682,Academy Player #3,81,19.8,DRIBBLING_PERFECTION,Maintained brilliant execution posture vectors.
0:00:41.761147,Rahul Sharma,92,28.5,DRIBBLING_PERFECTION,Maintained brilliant execution posture vectors.
0:00:41.761147,Sagnik Guha,88,24.2,DRIBBLING_PERFECTION,Maintained brilliant execution posture vectors.
0:00:41.761147,Academy Player #3,81,19.8,DRIBBLING_PERFECTION,Maintained brilliant execution posture vectors.
0:00:41.828613,Rahul Sharma,92,28.5,DRIBBLING_PERFECTION,Maintained brilliant execution posture vectors.
0:00:41.828613,Sagnik Guha,88,24.2,DRIBBLING_PERFECTION,Maintained brilliant execution posture vectors.
0:00:41.828613,Academy Player #3,81,19.8,DRIBBLING_PERFECTION,Maintained brilliant execution posture vectors.
0:00:41.896078,Rahul Sharma,92,28.5,DRIBBLING_PERFECTION,Maintained brilliant execution posture vectors.
0:00:41.896078,Sagnik Guha,88,24.2,DRIBBLING_PERFECTION,Maintained brilliant execution posture vectors.
0:00:41.896078,Academy Player #3,81,19.8,DRIBBLING_PERFECTION,Maintained brilliant execution posture vectors.
0:00:41.963544,Rahul Sharma,92,28.5,DRIBBLING_PERFECTION,Maintained brilliant execution posture vectors.
0:00:41.963544,Sagnik Guha,88,24.2,DRIBBLING_PERFECTION,Maintained brilliant execution posture vectors.
0:00:41.963544,Academy Player #3,81,19.8,DRIBBLING_PERFECTION,Maintained brilliant execution posture vectors.
0:00:42.031009,Rahul Sharma,92,28.5,DRIBBLING_PERFECTION,Maintained brilliant execution posture vectors.
0:00:42.031009,Sagnik Guha,88,24.2,DRIBBLING_PERFECTION,Maintained brilliant execution posture vectors.
0:00:42.031009,Academy Player #3,81,19.8,DRIBBLING_PERFECTION,Maintained brilliant execution posture vectors.
0:00:42.098475,Rahul Sharma,92,28.5,DRIBBLING_PERFECTION,Maintained brilliant execution posture vectors.
0:00:42.098475,Sagnik Guha,88,24.2,DRIBBLING_PERFECTION,Maintained brilliant execution posture vectors.
0:00:42.098475,Academy Player #3,81,19.8,DRIBBLING_PERFECTION,Maintained brilliant execution posture vectors.
0:00:42.165940,Rahul Sharma,92,28.5,DRIBBLING_PERFECTION,Maintained brilliant execution posture vectors.
0:00:42.165940,Sagnik Guha,88,24.2,DRIBBLING_PERFECTION,Maintained brilliant execution posture vectors.
0:00:42.165940,Academy Player #3,81,19.8,DRIBBLING_PERFECTION,Maintained brilliant execution posture vectors.
0:00:42.233406,Rahul Sharma,92,28.5,DRIBBLING_PERFECTION,Maintained brilliant execution posture vectors.
0:00:42.233406,Sagnik Guha,88,24.2,DRIBBLING_PERFECTION,Maintained brilliant execution posture vectors.
0:00:42.233406,Academy Player #3,81,19.8,DRIBBLING_PERFECTION,Maintained brilliant execution posture vectors.
0:00:42.300871,Rahul Sharma,92,28.5,DRIBBLING_PERFECTION,Maintained brilliant execution posture vectors.
0:00:42.300871,Sagnik Guha,88,24.2,DRIBBLING_PERFECTION,Maintained brilliant execution posture vectors.
0:00:42.300871,Academy Player #3,81,19.8,DRIBBLING_PERFECTION,Maintained brilliant execution posture vectors.
0:00:42.368337,Rahul Sharma,92,28.5,DRIBBLING_PERFECTION,Maintained brilliant execution posture vectors.
0:00:42.368337,Sagnik Guha,88,24.2,DRIBBLING_PERFECTION,Maintained brilliant execution posture vectors.
0:00:42.368337,Academy Player #3,81,19.8,DRIBBLING_PERFECTION,Maintained brilliant execution posture vectors.
0:00:42.435802,Rahul Sharma,92,28.5,DRIBBLING_PERFECTION,Maintained brilliant execution posture vectors.
0:00:42.435802,Sagnik Guha,88,24.2,DRIBBLING_PERFECTION,Maintained brilliant execution posture vectors.
0:00:42.435802,Academy Player #3,81,19.8,DRIBBLING_PERFECTION,Maintained brilliant execution posture vectors.
0:00:42.503268,Rahul Sharma,92,28.5,DRIBBLING_PERFECTION,Maintained brilliant execution posture vectors.
0:00:42.503268,Sagnik Guha,88,24.2,DRIBBLING_PERFECTION,Maintained brilliant execution posture vectors.
0:00:42.503268,Academy Player #3,81,19.8,DRIBBLING_PERFECTION,Maintained brilliant execution posture vectors.
0:00:42.570733,Rahul Sharma,92,28.5,DRIBBLING_PERFECTION,Maintained brilliant execution posture vectors.
0:00:42.570733,Sagnik Guha,88,24.2,DRIBBLING_PERFECTION,Maintained brilliant execution posture vectors.
0:00:42.570733,Academy Player #3,81,19.8,DRIBBLING_PERFECTION,Maintained brilliant execution posture vectors.
0:00:42.638199,Rahul Sharma,92,28.5,DRIBBLING_PERFECTION,Maintained brilliant execution posture vectors.
0:00:42.638199,Sagnik Guha,88,24.2,DRIBBLING_PERFECTION,Maintained brilliant execution posture vectors.
0:00:42.638199,Academy Player #3,81,19.8,DRIBBLING_PERFECTION,Maintained brilliant execution posture vectors.
0:00:42.705664,Rahul Sharma,92,28.5,DRIBBLING_PERFECTION,Maintained brilliant execution posture vectors.
0:00:42.705664,Sagnik Guha,88,24.2,DRIBBLING_PERFECTION,Maintained brilliant execution posture vectors.
0:00:42.705664,Academy Player #3,81,19.8,DRIBBLING_PERFECTION,Maintained brilliant execution posture vectors.
0:00:42.773130,Rahul Sharma,92,28.5,DRIBBLING_PERFECTION,Maintained brilliant execution posture vectors.
0:00:42.773130,Sagnik Guha,88,24.2,DRIBBLING_PERFECTION,Maintained brilliant execution posture vectors.
0:00:42.773130,Academy Player #3,81,19.8,DRIBBLING_PERFECTION,Maintained brilliant execution posture vectors.
0:00:42.840595,Rahul Sharma,92,28.5,DRIBBLING_PERFECTION,Maintained brilliant execution posture vectors.
0:00:42.840595,Sagnik Guha,88,24.2,DRIBBLING_PERFECTION,Maintained brilliant execution posture vectors.
0:00:42.840595,Academy Player #3,81,19.8,DRIBBLING_PERFECTION,Maintained brilliant execution posture vectors.
0:00:42.908061,Rahul Sharma,92,28.5,DRIBBLING_PERFECTION,Maintained brilliant execution posture vectors.
0:00:42.908061,Sagnik Guha,88,24.2,DRIBBLING_PERFECTION,Maintained brilliant execution posture vectors.
0:00:42.908061,Academy Player #3,81,19.8,DRIBBLING_PERFECTION,Maintained brilliant execution posture vectors.
0:00:42.975527,Rahul Sharma,92,28.5,DRIBBLING_PERFECTION,Maintained brilliant execution posture vectors.
0:00:42.975527,Sagnik Guha,88,24.2,DRIBBLING_PERFECTION,Maintained brilliant execution posture vectors.
0:00:42.975527,Academy Player #3,81,19.8,DRIBBLING_PERFECTION,Maintained brilliant execution posture vectors.
0:00:43.042992,Rahul Sharma,92,28.5,DRIBBLING_PERFECTION,Maintained brilliant execution posture vectors.
0:00:43.042992,Sagnik Guha,88,24.2,DRIBBLING_PERFECTION,Maintained brilliant execution posture vectors.
0:00:43.042992,Academy Player #3,81,19.8,DRIBBLING_PERFECTION,Maintained brilliant execution posture vectors.
0:00:43.110458,Rahul Sharma,92,28.5,DRIBBLING_PERFECTION,Maintained brilliant execution posture vectors.
0:00:43.110458,Sagnik Guha,88,24.2,DRIBBLING_PERFECTION,Maintained brilliant execution posture vectors.
0:00:43.110458,Academy Player #3,81,19.8,DRIBBLING_PERFECTION,Maintained brilliant execution posture vectors.
0:00:43.177923,Rahul Sharma,92,28.5,DRIBBLING_PERFECTION,Maintained brilliant execution posture vectors.
0:00:43.177923,Sagnik Guha,88,24.2,DRIBBLING_PERFECTION,Maintained brilliant execution posture vectors.
0:00:43.177923,Academy Player #3,81,19.8,DRIBBLING_PERFECTION,Maintained brilliant execution posture vectors.
0:00:43.245389,Rahul Sharma,92,28.5,DRIBBLING_PERFECTION,Maintained brilliant execution posture vectors.
0:00:43.245389,Sagnik Guha,88,24.2,DRIBBLING_PERFECTION,Maintained brilliant execution posture vectors.
0:00:43.245389,Academy Player #3,81,19.8,DRIBBLING_PERFECTION,Maintained brilliant execution posture vectors.
0:00:43.312854,Rahul Sharma,92,28.5,DRIBBLING_PERFECTION,Maintained brilliant execution posture vectors.
0:00:43.312854,Sagnik Guha,88,24.2,DRIBBLING_PERFECTION,Maintained brilliant execution posture vectors.
0:00:43.312854,Academy Player #3,81,19.8,DRIBBLING_PERFECTION,Maintained brilliant execution posture vectors.
0:00:43.380320,Rahul Sharma,92,28.5,DRIBBLING_PERFECTION,Maintained brilliant execution posture vectors.
0:00:43.380320,Sagnik Guha,88,24.2,DRIBBLING_PERFECTION,Maintained brilliant execution posture vectors.
0:00:43.380320,Academy Player #3,81,19.8,DRIBBLING_PERFECTION,Maintained brilliant execution posture vectors.
0:00:43.447785,Rahul Sharma,92,28.5,DRIBBLING_PERFECTION,Maintained brilliant execution posture vectors.
0:00:43.447785,Sagnik Guha,88,24.2,DRIBBLING_PERFECTION,Maintained brilliant execution posture vectors.
0:00:43.447785,Academy Player #3,81,19.8,DRIBBLING_PERFECTION,Maintained brilliant execution posture vectors.
0:00:43.515251,Rahul Sharma,92,28.5,DRIBBLING_PERFECTION,Maintained brilliant execution posture vectors.
0:00:43.515251,Sagnik Guha,88,24.2,DRIBBLING_PERFECTION,Maintained brilliant execution posture vectors.
0:00:43.515251,Academy Player #3,81,19.8,DRIBBLING_PERFECTION,Maintained brilliant execution posture vectors.
0:00:43.582716,Rahul Sharma,92,28.5,DRIBBLING_PERFECTION,Maintained brilliant execution posture vectors.
0:00:43.582716,Sagnik Guha,88,24.2,DRIBBLING_PERFECTION,Maintained brilliant execution posture vectors.
0:00:43.582716,Academy Player #3,81,19.8,DRIBBLING_PERFECTION,Maintained brilliant execution posture vectors.
0:00:43.650182,Rahul Sharma,92,28.5,DRIBBLING_PERFECTION,Maintained brilliant execution posture vectors.
0:00:43.650182,Sagnik Guha,88,24.2,DRIBBLING_PERFECTION,Maintained brilliant execution posture vectors.
0:00:43.650182,Academy Player #3,81,19.8,DRIBBLING_PERFECTION,Maintained brilliant execution posture vectors.
0:00:43.717647,Rahul Sharma,92,28.5,DRIBBLING_PERFECTION,Maintained brilliant execution posture vectors.
0:00:43.717647,Sagnik Guha,88,24.2,DRIBBLING_PERFECTION,Maintained brilliant execution posture vectors.
0:00:43.717647,Academy Player #3,81,19.8,DRIBBLING_PERFECTION,Maintained brilliant execution posture vectors.
0:00:43.785113,Rahul Sharma,92,28.5,DRIBBLING_PERFECTION,Maintained brilliant execution posture vectors.
0:00:43.785113,Sagnik Guha,88,24.2,DRIBBLING_PERFECTION,Maintained brilliant execution posture vectors.
0:00:43.785113,Academy Player #3,81,19.8,DRIBBLING_PERFECTION,Maintained brilliant execution posture vectors.
0:00:43.852578,Rahul Sharma,92,28.5,DRIBBLING_PERFECTION,Maintained brilliant execution posture vectors.
0:00:43.852578,Sagnik Guha,88,24.2,DRIBBLING_PERFECTION,Maintained brilliant execution posture vectors.
0:00:43.852578,Academy Player #3,81,19.8,DRIBBLING_PERFECTION,Maintained brilliant execution posture vectors.
0:00:43.920044,Rahul Sharma,92,28.5,DRIBBLING_PERFECTION,Maintained brilliant execution posture vectors.
0:00:43.920044,Sagnik Guha,88,24.2,DRIBBLING_PERFECTION,Maintained brilliant execution posture vectors.
0:00:43.920044,Academy Player #3,81,19.8,DRIBBLING_PERFECTION,Maintained brilliant execution posture vectors.
0:00:43.987509,Rahul Sharma,92,28.5,DRIBBLING_PERFECTION,Maintained brilliant execution posture vectors.
0:00:43.987509,Sagnik Guha,88,24.2,DRIBBLING_PERFECTION,Maintained brilliant execution posture vectors.
0:00:43.987509,Academy Player #3,81,19.8,DRIBBLING_PERFECTION,Maintained brilliant execution posture vectors.
0:00:44.054975,Rahul Sharma,92,28.5,DRIBBLING_PERFECTION,Maintained brilliant execution posture vectors.
0:00:44.054975,Sagnik Guha,88,24.2,DRIBBLING_PERFECTION,Maintained brilliant execution posture vectors.
0:00:44.054975,Academy Player #3,81,19.8,DRIBBLING_PERFECTION,Maintained brilliant execution posture vectors.
0:00:44.122440,Rahul Sharma,92,28.5,DRIBBLING_PERFECTION,Maintained brilliant execution posture vectors.
0:00:44.122440,Sagnik Guha,88,24.2,DRIBBLING_PERFECTION,Maintained brilliant execution posture vectors.
0:00:44.122440,Academy Player #3,81,19.8,DRIBBLING_PERFECTION,Maintained brilliant execution posture vectors.
0:00:44.189906,Rahul Sharma,92,28.5,DRIBBLING_PERFECTION,Maintained brilliant execution posture vectors.
0:00:44.189906,Sagnik Guha,88,24.2,DRIBBLING_PERFECTION,Maintained brilliant execution posture vectors.
0:00:44.189906,Academy Player #3,81,19.8,DRIBBLING_PERFECTION,Maintained brilliant execution posture vectors.
0:00:44.257371,Rahul Sharma,92,28.5,DRIBBLING_PERFECTION,Maintained brilliant execution posture vectors.
0:00:44.257371,Sagnik Guha,88,24.2,DRIBBLING_PERFECTION,Maintained brilliant execution posture vectors.
0:00:44.257371,Academy Player #3,81,19.8,DRIBBLING_PERFECTION,Maintained brilliant execution posture vectors.
0:00:44.324837,Rahul Sharma,92,28.5,DRIBBLING_PERFECTION,Maintained brilliant execution posture vectors.
0:00:44.324837,Sagnik Guha,88,24.2,DRIBBLING_PERFECTION,Maintained brilliant execution posture vectors.
0:00:44.324837,Academy Player #3,81,19.8,DRIBBLING_PERFECTION,Maintained brilliant execution posture vectors.
0:00:44.392302,Rahul Sharma,92,28.5,DRIBBLING_PERFECTION,Maintained brilliant execution posture vectors.
0:00:44.392302,Sagnik Guha,88,24.2,DRIBBLING_PERFECTION,Maintained brilliant execution posture vectors.
0:00:44.392302,Academy Player #3,81,19.8,DRIBBLING_PERFECTION,Maintained brilliant execution posture vectors.
0:00:44.459768,Rahul Sharma,92,28.5,DRIBBLING_PERFECTION,Maintained brilliant execution posture vectors.
0:00:44.459768,Sagnik Guha,88,24.2,DRIBBLING_PERFECTION,Maintained brilliant execution posture vectors.
0:00:44.459768,Academy Player #3,81,19.8,DRIBBLING_PERFECTION,Maintained brilliant execution posture vectors.
0:00:44.527233,Rahul Sharma,92,28.5,DRIBBLING_PERFECTION,Maintained brilliant execution posture vectors.
0:00:44.527233,Sagnik Guha,88,24.2,DRIBBLING_PERFECTION,Maintained brilliant execution posture vectors.
0:00:44.527233,Academy Player #3,81,19.8,DRIBBLING_PERFECTION,Maintained brilliant execution posture vectors.
0:00:44.594699,Rahul Sharma,92,28.5,DRIBBLING_PERFECTION,Maintained brilliant execution posture vectors.
0:00:44.594699,Sagnik Guha,88,24.2,DRIBBLING_PERFECTION,Maintained brilliant execution posture vectors.
0:00:44.594699,Academy Player #3,81,19.8,DRIBBLING_PERFECTION,Maintained brilliant execution posture vectors.
0:00:44.662164,Rahul Sharma,92,28.5,DRIBBLING_PERFECTION,Maintained brilliant execution posture vectors.
0:00:44.662164,Sagnik Guha,88,24.2,DRIBBLING_PERFECTION,Maintained brilliant execution posture vectors.
0:00:44.662164,Academy Player #3,81,19.8,DRIBBLING_PERFECTION,Maintained brilliant execution posture vectors.
0:00:44.729630,Rahul Sharma,92,28.5,DRIBBLING_PERFECTION,Maintained brilliant execution posture vectors.
0:00:44.729630,Sagnik Guha,88,24.2,DRIBBLING_PERFECTION,Maintained brilliant execution posture vectors.
0:00:44.729630,Academy Player #3,81,19.8,DRIBBLING_PERFECTION,Maintained brilliant execution posture vectors.
0:00:44.797095,Rahul Sharma,92,28.5,DRIBBLING_PERFECTION,Maintained brilliant execution posture vectors.
0:00:44.797095,Sagnik Guha,88,24.2,DRIBBLING_PERFECTION,Maintained brilliant execution posture vectors.
0:00:44.797095,Academy Player #3,81,19.8,DRIBBLING_PERFECTION,Maintained brilliant execution posture vectors.
0:00:44.864561,Rahul Sharma,92,28.5,DRIBBLING_PERFECTION,Maintained brilliant execution posture vectors.
0:00:44.864561,Sagnik Guha,88,24.2,DRIBBLING_PERFECTION,Maintained brilliant execution posture vectors.
0:00:44.864561,Academy Player #3,81,19.8,DRIBBLING_PERFECTION,Maintained brilliant execution posture vectors.
0:00:44.932026,Rahul Sharma,92,28.5,DRIBBLING_PERFECTION,Maintained brilliant execution posture vectors.
0:00:44.932026,Sagnik Guha,88,24.2,DRIBBLING_PERFECTION,Maintained brilliant execution posture vectors.
0:00:44.932026,Academy Player #3,81,19.8,DRIBBLING_PERFECTION,Maintained brilliant execution posture vectors.
0:00:44.999492,Rahul Sharma,92,28.5,DRIBBLING_PERFECTION,Maintained brilliant execution posture vectors.
0:00:44.999492,Sagnik Guha,88,24.2,DRIBBLING_PERFECTION,Maintained brilliant execution posture vectors.
0:00:44.999492,Academy Player #3,81,19.8,DRIBBLING_PERFECTION,Maintained brilliant execution posture vectors.
0:00:45.066957,Rahul Sharma,92,28.5,DRIBBLING_PERFECTION,Maintained brilliant execution posture vectors.
0:00:45.066957,Sagnik Guha,88,24.2,DRIBBLING_PERFECTION,Maintained brilliant execution posture vectors.
0:00:45.066957,Academy Player #3,81,19.8,DRIBBLING_PERFECTION,Maintained brilliant execution posture vectors.
0:00:45.134423,Rahul Sharma,92,28.5,DRIBBLING_PERFECTION,Maintained brilliant execution posture vectors.
0:00:45.134423,Sagnik Guha,88,24.2,DRIBBLING_PERFECTION,Maintained brilliant execution posture vectors.
0:00:45.134423,Academy Player #3,81,19.8,DRIBBLING_PERFECTION,Maintained brilliant execution posture vectors.
0:00:45.201888,Rahul Sharma,92,28.5,DRIBBLING_PERFECTION,Maintained brilliant execution posture vectors.
0:00:45.201888,Sagnik Guha,88,24.2,DRIBBLING_PERFECTION,Maintained brilliant execution posture vectors.
0:00:45.201888,Academy Player #3,81,19.8,DRIBBLING_PERFECTION,Maintained brilliant execution posture vectors.
0:00:45.269354,Rahul Sharma,92,28.5,DRIBBLING_PERFECTION,Maintained brilliant execution posture vectors.
0:00:45.269354,Sagnik Guha,88,24.2,DRIBBLING_PERFECTION,Maintained brilliant execution posture vectors.
0:00:45.269354,Academy Player #3,81,19.8,DRIBBLING_PERFECTION,Maintained brilliant execution posture vectors.
0:00:45.336819,Rahul Sharma,92,28.5,DRIBBLING_PERFECTION,Maintained brilliant execution posture vectors.
0:00:45.336819,Sagnik Guha,88,24.2,DRIBBLING_PERFECTION,Maintained brilliant execution posture vectors.
0:00:45.336819,Academy Player #3,81,19.8,DRIBBLING_PERFECTION,Maintained brilliant execution posture vectors.
0:00:45.404285,Rahul Sharma,92,28.5,DRIBBLING_PERFECTION,Maintained brilliant execution posture vectors.
0:00:45.404285,Sagnik Guha,88,24.2,DRIBBLING_PERFECTION,Maintained brilliant execution posture vectors.
0:00:45.404285,Academy Player #3,81,19.8,DRIBBLING_PERFECTION,Maintained brilliant execution posture vectors.
0:00:45.471750,Rahul Sharma,92,28.5,DRIBBLING_PERFECTION,Maintained brilliant execution posture vectors.
0:00:45.471750,Sagnik Guha,88,24.2,DRIBBLING_PERFECTION,Maintained brilliant execution posture vectors.
0:00:45.471750,Academy Player #3,81,19.8,DRIBBLING_PERFECTION,Maintained brilliant execution posture vectors.
0:00:45.539216,Rahul Sharma,92,28.5,DRIBBLING_PERFECTION,Maintained brilliant execution posture vectors.
0:00:45.539216,Sagnik Guha,88,24.2,DRIBBLING_PERFECTION,Maintained brilliant execution posture vectors.
0:00:45.539216,Academy Player #3,81,19.8,DRIBBLING_PERFECTION,Maintained brilliant execution posture vectors.
0:00:45.606681,Rahul Sharma,92,28.5,DRIBBLING_PERFECTION,Maintained brilliant execution posture vectors.
0:00:45.606681,Sagnik Guha,88,24.2,DRIBBLING_PERFECTION,Maintained brilliant execution posture vectors.
0:00:45.606681,Academy Player #3,81,19.8,DRIBBLING_PERFECTION,Maintained brilliant execution posture vectors.
0:00:45.674147,Rahul Sharma,92,28.5,DRIBBLING_PERFECTION,Maintained brilliant execution posture vectors.
0:00:45.674147,Sagnik Guha,88,24.2,DRIBBLING_PERFECTION,Maintained brilliant execution posture vectors.
0:00:45.674147,Academy Player #3,81,19.8,DRIBBLING_PERFECTION,Maintained brilliant execution posture vectors.
0:00:45.741612,Rahul Sharma,92,28.5,DRIBBLING_PERFECTION,Maintained brilliant execution posture vectors.
0:00:45.741612,Sagnik Guha,88,24.2,DRIBBLING_PERFECTION,Maintained brilliant execution posture vectors.
0:00:45.741612,Academy Player #3,81,19.8,DRIBBLING_PERFECTION,Maintained brilliant execution posture vectors.
0:00:45.809078,Rahul Sharma,92,28.5,DRIBBLING_PERFECTION,Maintained brilliant execution posture vectors.
0:00:45.809078,Sagnik Guha,88,24.2,DRIBBLING_PERFECTION,Maintained brilliant execution posture vectors.
0:00:45.809078,Academy Player #3,81,19.8,DRIBBLING_PERFECTION,Maintained brilliant execution posture vectors.
0:00:45.876543,Rahul Sharma,92,28.5,DRIBBLING_PERFECTION,Maintained brilliant execution posture vectors.
0:00:45.876543,Sagnik Guha,88,24.2,DRIBBLING_PERFECTION,Maintained brilliant execution posture vectors.
0:00:45.876543,Academy Player #3,81,19.8,DRIBBLING_PERFECTION,Maintained brilliant execution posture vectors.
0:00:45.944009,Rahul Sharma,92,28.5,DRIBBLING_PERFECTION,Maintained brilliant execution posture vectors.
0:00:45.944009,Sagnik Guha,88,24.2,DRIBBLING_PERFECTION,Maintained brilliant execution posture vectors.
0:00:45.944009,Academy Player #3,81,19.8,DRIBBLING_PERFECTION,Maintained brilliant execution posture vectors.
0:00:46.011474,Rahul Sharma,92,28.5,DRIBBLING_PERFECTION,Maintained brilliant execution posture vectors.
0:00:46.011474,Sagnik Guha,88,24.2,DRIBBLING_PERFECTION,Maintained brilliant execution posture vectors.
0:00:46.011474,Academy Player #3,81,19.8,DRIBBLING_PERFECTION,Maintained brilliant execution posture vectors.
0:00:46.078940,Rahul Sharma,92,28.5,DRIBBLING_PERFECTION,Maintained brilliant execution posture vectors.
0:00:46.078940,Sagnik Guha,88,24.2,DRIBBLING_PERFECTION,Maintained brilliant execution posture vectors.
0:00:46.078940,Academy Player #3,81,19.8,DRIBBLING_PERFECTION,Maintained brilliant execution posture vectors.
0:00:46.146405,Rahul Sharma,92,28.5,DRIBBLING_PERFECTION,Maintained brilliant execution posture vectors.
0:00:46.146405,Sagnik Guha,88,24.2,DRIBBLING_PERFECTION,Maintained brilliant execution posture vectors.
0:00:46.146405,Academy Player #3,81,19.8,DRIBBLING_PERFECTION,Maintained brilliant execution posture vectors.
0:00:46.213871,Rahul Sharma,92,28.5,DRIBBLING_PERFECTION,Maintained brilliant execution posture vectors.
0:00:46.213871,Sagnik Guha,88,24.2,DRIBBLING_PERFECTION,Maintained brilliant execution posture vectors.
0:00:46.213871,Academy Player #3,81,19.8,DRIBBLING_PERFECTION,Maintained brilliant execution posture vectors.
0:00:46.281336,Rahul Sharma,92,28.5,DRIBBLING_PERFECTION,Maintained brilliant execution posture vectors.
0:00:46.281336,Sagnik Guha,88,24.2,DRIBBLING_PERFECTION,Maintained brilliant execution posture vectors.
0:00:46.281336,Academy Player #3,81,19.8,DRIBBLING_PERFECTION,Maintained brilliant execution posture vectors.
0:00:46.348802,Rahul Sharma,92,28.5,DRIBBLING_PERFECTION,Maintained brilliant execution posture vectors.
0:00:46.348802,Sagnik Guha,88,24.2,DRIBBLING_PERFECTION,Maintained brilliant execution posture vectors.
0:00:46.348802,Academy Player #3,81,19.8,DRIBBLING_PERFECTION,Maintained brilliant execution posture vectors.
0:00:46.416267,Rahul Sharma,92,28.5,DRIBBLING_PERFECTION,Maintained brilliant execution posture vectors.
0:00:46.416267,Sagnik Guha,88,24.2,DRIBBLING_PERFECTION,Maintained brilliant execution posture vectors.
0:00:46.416267,Academy Player #3,81,19.8,DRIBBLING_PERFECTION,Maintained brilliant execution posture vectors.
0:00:46.483733,Rahul Sharma,92,28.5,DRIBBLING_PERFECTION,Maintained brilliant execution posture vectors.
0:00:46.483733,Sagnik Guha,88,24.2,DRIBBLING_PERFECTION,Maintained brilliant execution posture vectors.
0:00:46.483733,Academy Player #3,81,19.8,DRIBBLING_PERFECTION,Maintained brilliant execution posture vectors.
0:00:46.551198,Rahul Sharma,92,28.5,DRIBBLING_PERFECTION,Maintained brilliant execution posture vectors.
0:00:46.551198,Sagnik Guha,88,24.2,DRIBBLING_PERFECTION,Maintained brilliant execution posture vectors.
0:00:46.551198,Academy Player #3,81,19.8,DRIBBLING_PERFECTION,Maintained brilliant execution posture vectors.
0:00:46.618664,Rahul Sharma,92,28.5,DRIBBLING_PERFECTION,Maintained brilliant execution posture vectors.
0:00:46.618664,Sagnik Guha,88,24.2,DRIBBLING_PERFECTION,Maintained brilliant execution posture vectors.
0:00:46.618664,Academy Player #3,81,19.8,DRIBBLING_PERFECTION,Maintained brilliant execution posture vectors.
0:00:46.686129,Rahul Sharma,92,28.5,DRIBBLING_PERFECTION,Maintained brilliant execution posture vectors.
0:00:46.686129,Sagnik Guha,88,24.2,DRIBBLING_PERFECTION,Maintained brilliant execution posture vectors.
0:00:46.686129,Academy Player #3,81,19.8,DRIBBLING_PERFECTION,Maintained brilliant execution posture vectors.
0:00:46.753595,Rahul Sharma,92,28.5,DRIBBLING_PERFECTION,Maintained brilliant execution posture vectors.
0:00:46.753595,Sagnik Guha,88,24.2,DRIBBLING_PERFECTION,Maintained brilliant execution posture vectors.
0:00:46.753595,Academy Player #3,81,19.8,DRIBBLING_PERFECTION,Maintained brilliant execution posture vectors.
0:00:46.821060,Rahul Sharma,92,28.5,DRIBBLING_PERFECTION,Maintained brilliant execution posture vectors.
0:00:46.821060,Sagnik Guha,88,24.2,DRIBBLING_PERFECTION,Maintained brilliant execution posture vectors.
0:00:46.821060,Academy Player #3,81,19.8,DRIBBLING_PERFECTION,Maintained brilliant execution posture vectors.
0:00:46.888526,Rahul Sharma,92,28.5,DRIBBLING_PERFECTION,Maintained brilliant execution posture vectors.
0:00:46.888526,Sagnik Guha,88,24.2,DRIBBLING_PERFECTION,Maintained brilliant execution posture vectors.
0:00:46.888526,Academy Player #3,81,19.8,DRIBBLING_PERFECTION,Maintained brilliant execution posture vectors.
0:00:46.955991,Rahul Sharma,92,28.5,DRIBBLING_PERFECTION,Maintained brilliant execution posture vectors.
0:00:46.955991,Sagnik Guha,88,24.2,DRIBBLING_PERFECTION,Maintained brilliant execution posture vectors.
0:00:46.955991,Academy Player #3,81,19.8,DRIBBLING_PERFECTION,Maintained brilliant execution posture vectors.
0:00:47.023457,Rahul Sharma,92,28.5,DRIBBLING_PERFECTION,Maintained brilliant execution posture vectors.
0:00:47.023457,Sagnik Guha,88,24.2,DRIBBLING_PERFECTION,Maintained brilliant execution posture vectors.
0:00:47.023457,Academy Player #3,81,19.8,DRIBBLING_PERFECTION,Maintained brilliant execution posture vectors.
0:00:47.090922,Rahul Sharma,92,28.5,DRIBBLING_PERFECTION,Maintained brilliant execution posture vectors.
0:00:47.090922,Sagnik Guha,88,24.2,DRIBBLING_PERFECTION,Maintained brilliant execution posture vectors.
0:00:47.090922,Academy Player #3,81,19.8,DRIBBLING_PERFECTION,Maintained brilliant execution posture vectors.
0:00:47.158388,Rahul Sharma,92,28.5,DRIBBLING_PERFECTION,Maintained brilliant execution posture vectors.
0:00:47.158388,Sagnik Guha,88,24.2,DRIBBLING_PERFECTION,Maintained brilliant execution posture vectors.
0:00:47.158388,Academy Player #3,81,19.8,DRIBBLING_PERFECTION,Maintained brilliant execution posture vectors.
0:00:47.225853,Rahul Sharma,92,28.5,DRIBBLING_PERFECTION,Maintained brilliant execution posture vectors.
0:00:47.225853,Sagnik Guha,88,24.2,DRIBBLING_PERFECTION,Maintained brilliant execution posture vectors.
0:00:47.225853,Academy Player #3,81,19.8,DRIBBLING_PERFECTION,Maintained brilliant execution posture vectors.
0:00:47.293319,Rahul Sharma,92,28.5,DRIBBLING_PERFECTION,Maintained brilliant execution posture vectors.
0:00:47.293319,Sagnik Guha,88,24.2,DRIBBLING_PERFECTION,Maintained brilliant execution posture vectors.
0:00:47.293319,Academy Player #3,81,19.8,DRIBBLING_PERFECTION,Maintained brilliant execution posture vectors.
0:00:47.360784,Rahul Sharma,92,28.5,DRIBBLING_PERFECTION,Maintained brilliant execution posture vectors.
0:00:47.360784,Sagnik Guha,88,24.2,DRIBBLING_PERFECTION,Maintained brilliant execution posture vectors.
0:00:47.360784,Academy Player #3,81,19.8,DRIBBLING_PERFECTION,Maintained brilliant execution posture vectors.
0:00:47.428250,Rahul Sharma,92,28.5,DRIBBLING_PERFECTION,Maintained brilliant execution posture vectors.
0:00:47.428250,Sagnik Guha,88,24.2,DRIBBLING_PERFECTION,Maintained brilliant execution posture vectors.
0:00:47.428250,Academy Player #3,81,19.8,DRIBBLING_PERFECTION,Maintained brilliant execution posture vectors.
0:00:47.495715,Rahul Sharma,92,28.5,DRIBBLING_PERFECTION,Maintained brilliant execution posture vectors.
0:00:47.495715,Sagnik Guha,88,24.2,DRIBBLING_PERFECTION,Maintained brilliant execution posture vectors.
0:00:47.495715,Academy Player #3,81,19.8,DRIBBLING_PERFECTION,Maintained brilliant execution posture vectors.
0:00:47.563181,Rahul Sharma,92,28.5,DRIBBLING_PERFECTION,Maintained brilliant execution posture vectors.
0:00:47.563181,Sagnik Guha,88,24.2,DRIBBLING_PERFECTION,Maintained brilliant execution posture vectors.
0:00:47.563181,Academy Player #3,81,19.8,DRIBBLING_PERFECTION,Maintained brilliant execution posture vectors.
0:00:47.630646,Rahul Sharma,92,28.5,DRIBBLING_PERFECTION,Maintained brilliant execution posture vectors.
0:00:47.630646,Sagnik Guha,88,24.2,DRIBBLING_PERFECTION,Maintained brilliant execution posture vectors.
0:00:47.630646,Academy Player #3,81,19.8,DRIBBLING_PERFECTION,Maintained brilliant execution posture vectors.
0:00:47.698112,Rahul Sharma,92,28.5,DRIBBLING_PERFECTION,Maintained brilliant execution posture vectors.
0:00:47.698112,Sagnik Guha,88,24.2,DRIBBLING_PERFECTION,Maintained brilliant execution posture vectors.
0:00:47.698112,Academy Player #3,81,19.8,DRIBBLING_PERFECTION,Maintained brilliant execution posture vectors.
0:00:47.765577,Rahul Sharma,92,28.5,DRIBBLING_PERFECTION,Maintained brilliant execution posture vectors.
0:00:47.765577,Sagnik Guha,88,24.2,DRIBBLING_PERFECTION,Maintained brilliant execution posture vectors.
0:00:47.765577,Academy Player #3,81,19.8,DRIBBLING_PERFECTION,Maintained brilliant execution posture vectors.
0:00:47.833043,Rahul Sharma,92,28.5,DRIBBLING_PERFECTION,Maintained brilliant execution posture vectors.
0:00:47.833043,Sagnik Guha,88,24.2,DRIBBLING_PERFECTION,Maintained brilliant execution posture vectors.
0:00:47.833043,Academy Player #3,81,19.8,DRIBBLING_PERFECTION,Maintained brilliant execution posture vectors.
0:00:47.900508,Rahul Sharma,92,28.5,DRIBBLING_PERFECTION,Maintained brilliant execution posture vectors.
0:00:47.900508,Sagnik Guha,88,24.2,DRIBBLING_PERFECTION,Maintained brilliant execution posture vectors.
0:00:47.900508,Academy Player #3,81,19.8,DRIBBLING_PERFECTION,Maintained brilliant execution posture vectors.
0:00:47.967974,Rahul Sharma,92,28.5,DRIBBLING_PERFECTION,Maintained brilliant execution posture vectors.
0:00:47.967974,Sagnik Guha,88,24.2,DRIBBLING_PERFECTION,Maintained brilliant execution posture vectors.
0:00:47.967974,Academy Player #3,81,19.8,DRIBBLING_PERFECTION,Maintained brilliant execution posture vectors.
0:00:48.035439,Rahul Sharma,92,28.5,DRIBBLING_PERFECTION,Maintained brilliant execution posture vectors.
0:00:48.035439,Sagnik Guha,88,24.2,DRIBBLING_PERFECTION,Maintained brilliant execution posture vectors.
0:00:48.035439,Academy Player #3,81,19.8,DRIBBLING_PERFECTION,Maintained brilliant execution posture vectors.
0:00:48.102905,Rahul Sharma,92,28.5,DRIBBLING_PERFECTION,Maintained brilliant execution posture vectors.
0:00:48.102905,Sagnik Guha,88,24.2,DRIBBLING_PERFECTION,Maintained brilliant execution posture vectors.
0:00:48.102905,Academy Player #3,81,19.8,DRIBBLING_PERFECTION,Maintained brilliant execution posture vectors.
0:00:48.170370,Rahul Sharma,92,28.5,DRIBBLING_PERFECTION,Maintained brilliant execution posture vectors.
0:00:48.170370,Sagnik Guha,88,24.2,DRIBBLING_PERFECTION,Maintained brilliant execution posture vectors.
0:00:48.170370,Academy Player #3,81,19.8,DRIBBLING_PERFECTION,Maintained brilliant execution posture vectors.
0:00:48.237836,Rahul Sharma,92,28.5,DRIBBLING_PERFECTION,Maintained brilliant execution posture vectors.
0:00:48.237836,Sagnik Guha,88,24.2,DRIBBLING_PERFECTION,Maintained brilliant execution posture vectors.
0:00:48.237836,Academy Player #3,81,19.8,DRIBBLING_PERFECTION,Maintained brilliant execution posture vectors.
0:00:48.305301,Rahul Sharma,92,28.5,DRIBBLING_PERFECTION,Maintained brilliant execution posture vectors.
0:00:48.305301,Sagnik Guha,88,24.2,DRIBBLING_PERFECTION,Maintained brilliant execution posture vectors.
0:00:48.305301,Academy Player #3,81,19.8,DRIBBLING_PERFECTION,Maintained brilliant execution posture vectors.
0:00:48.372767,Rahul Sharma,92,28.5,DRIBBLING_PERFECTION,Maintained brilliant execution posture vectors.
0:00:48.372767,Sagnik Guha,88,24.2,DRIBBLING_PERFECTION,Maintained brilliant execution posture vectors.
0:00:48.372767,Academy Player #3,81,19.8,DRIBBLING_PERFECTION,Maintained brilliant execution posture vectors.
0:00:48.440232,Rahul Sharma,92,28.5,DRIBBLING_PERFECTION,Maintained brilliant execution posture vectors.
0:00:48.440232,Sagnik Guha,88,24.2,DRIBBLING_PERFECTION,Maintained brilliant execution posture vectors.
0:00:48.440232,Academy Player #3,81,19.8,DRIBBLING_PERFECTION,Maintained brilliant execution posture vectors.
0:00:48.507698,Rahul Sharma,92,28.5,DRIBBLING_PERFECTION,Maintained brilliant execution posture vectors.
0:00:48.507698,Sagnik Guha,88,24.2,DRIBBLING_PERFECTION,Maintained brilliant execution posture vectors.
0:00:48.507698,Academy Player #3,81,19.8,DRIBBLING_PERFECTION,Maintained brilliant execution posture vectors.
0:00:48.575163,Rahul Sharma,92,28.5,DRIBBLING_PERFECTION,Maintained brilliant execution posture vectors.
0:00:48.575163,Sagnik Guha,88,24.2,DRIBBLING_PERFECTION,Maintained brilliant execution posture vectors.
0:00:48.575163,Academy Player #3,81,19.8,DRIBBLING_PERFECTION,Maintained brilliant execution posture vectors.
0:00:48.642629,Rahul Sharma,92,28.5,DRIBBLING_PERFECTION,Maintained brilliant execution posture vectors.
0:00:48.642629,Sagnik Guha,88,24.2,DRIBBLING_PERFECTION,Maintained brilliant execution posture vectors.
0:00:48.642629,Academy Player #3,81,19.8,DRIBBLING_PERFECTION,Maintained brilliant execution posture vectors.
0:00:48.710094,Rahul Sharma,92,28.5,DRIBBLING_PERFECTION,Maintained brilliant execution posture vectors.
0:00:48.710094,Sagnik Guha,88,24.2,DRIBBLING_PERFECTION,Maintained brilliant execution posture vectors.
0:00:48.710094,Academy Player #3,81,19.8,DRIBBLING_PERFECTION,Maintained brilliant execution posture vectors.
0:00:48.777560,Rahul Sharma,92,28.5,DRIBBLING_PERFECTION,Maintained brilliant execution posture vectors.
0:00:48.777560,Sagnik Guha,88,24.2,DRIBBLING_PERFECTION,Maintained brilliant execution posture vectors.
0:00:48.777560,Academy Player #3,81,19.8,DRIBBLING_PERFECTION,Maintained brilliant execution posture vectors.
0:00:48.845025,Rahul Sharma,92,28.5,DRIBBLING_PERFECTION,Maintained brilliant execution posture vectors.
0:00:48.845025,Sagnik Guha,88,24.2,DRIBBLING_PERFECTION,Maintained brilliant execution posture vectors.
0:00:48.845025,Academy Player #3,81,19.8,DRIBBLING_PERFECTION,Maintained brilliant execution posture vectors.
0:00:48.912491,Rahul Sharma,92,28.5,DRIBBLING_PERFECTION,Maintained brilliant execution posture vectors.
0:00:48.912491,Sagnik Guha,88,24.2,DRIBBLING_PERFECTION,Maintained brilliant execution posture vectors.
0:00:48.912491,Academy Player #3,81,19.8,DRIBBLING_PERFECTION,Maintained brilliant execution posture vectors.
0:00:48.979956,Rahul Sharma,92,28.5,DRIBBLING_PERFECTION,Maintained brilliant execution posture vectors.
0:00:48.979956,Sagnik Guha,88,24.2,DRIBBLING_PERFECTION,Maintained brilliant execution posture vectors.
0:00:48.979956,Academy Player #3,81,19.8,DRIBBLING_PERFECTION,Maintained brilliant execution posture vectors.
0:00:49.047422,Rahul Sharma,92,28.5,DRIBBLING_PERFECTION,Maintained brilliant execution posture vectors.
0:00:49.047422,Sagnik Guha,88,24.2,DRIBBLING_PERFECTION,Maintained brilliant execution posture vectors.
0:00:49.047422,Academy Player #3,81,19.8,DRIBBLING_PERFECTION,Maintained brilliant execution posture vectors.
0:00:49.114887,Rahul Sharma,92,28.5,DRIBBLING_PERFECTION,Maintained brilliant execution posture vectors.
0:00:49.114887,Sagnik Guha,88,24.2,DRIBBLING_PERFECTION,Maintained brilliant execution posture vectors.
0:00:49.114887,Academy Player #3,81,19.8,DRIBBLING_PERFECTION,Maintained brilliant execution posture vectors.
0:00:49.182353,Rahul Sharma,92,28.5,DRIBBLING_PERFECTION,Maintained brilliant execution posture vectors.
0:00:49.182353,Sagnik Guha,88,24.2,DRIBBLING_PERFECTION,Maintained brilliant execution posture vectors.
0:00:49.182353,Academy Player #3,81,19.8,DRIBBLING_PERFECTION,Maintained brilliant execution posture vectors.
0:00:49.249818,Rahul Sharma,92,28.5,DRIBBLING_PERFECTION,Maintained brilliant execution posture vectors.
0:00:49.249818,Sagnik Guha,88,24.2,DRIBBLING_PERFECTION,Maintained brilliant execution posture vectors.
0:00:49.249818,Academy Player #3,81,19.8,DRIBBLING_PERFECTION,Maintained brilliant execution posture vectors.
0:00:49.317284,Rahul Sharma,92,28.5,DRIBBLING_PERFECTION,Maintained brilliant execution posture vectors.
0:00:49.317284,Sagnik Guha,88,24.2,DRIBBLING_PERFECTION,Maintained brilliant execution posture vectors.
0:00:49.317284,Academy Player #3,81,19.8,DRIBBLING_PERFECTION,Maintained brilliant execution posture vectors.
0:00:49.384749,Rahul Sharma,92,28.5,DRIBBLING_PERFECTION,Maintained brilliant execution posture vectors.
0:00:49.384749,Sagnik Guha,88,24.2,DRIBBLING_PERFECTION,Maintained brilliant execution posture vectors.
0:00:49.384749,Academy Player #3,81,19.8,DRIBBLING_PERFECTION,Maintained brilliant execution posture vectors.
0:00:49.452215,Rahul Sharma,92,28.5,DRIBBLING_PERFECTION,Maintained brilliant execution posture vectors.
0:00:49.452215,Sagnik Guha,88,24.2,DRIBBLING_PERFECTION,Maintained brilliant execution posture vectors.
0:00:49.452215,Academy Player #3,81,19.8,DRIBBLING_PERFECTION,Maintained brilliant execution posture vectors.
0:00:49.519680,Rahul Sharma,92,28.5,DRIBBLING_PERFECTION,Maintained brilliant execution posture vectors.
0:00:49.519680,Sagnik Guha,88,24.2,DRIBBLING_PERFECTION,Maintained brilliant execution posture vectors.
0:00:49.519680,Academy Player #3,81,19.8,DRIBBLING_PERFECTION,Maintained brilliant execution posture vectors.
0:00:49.587146,Rahul Sharma,92,28.5,DRIBBLING_PERFECTION,Maintained brilliant execution posture vectors.
0:00:49.587146,Sagnik Guha,88,24.2,DRIBBLING_PERFECTION,Maintained brilliant execution posture vectors.
0:00:49.587146,Academy Player #3,81,19.8,DRIBBLING_PERFECTION,Maintained brilliant execution posture vectors.
0:00:49.654611,Rahul Sharma,92,28.5,DRIBBLING_PERFECTION,Maintained brilliant execution posture vectors.
0:00:49.654611,Sagnik Guha,88,24.2,DRIBBLING_PERFECTION,Maintained brilliant execution posture vectors.
0:00:49.654611,Academy Player #3,81,19.8,DRIBBLING_PERFECTION,Maintained brilliant execution posture vectors.
0:00:49.722077,Rahul Sharma,92,28.5,DRIBBLING_PERFECTION,Maintained brilliant execution posture vectors.
0:00:49.722077,Sagnik Guha,88,24.2,DRIBBLING_PERFECTION,Maintained brilliant execution posture vectors.
0:00:49.722077,Academy Player #3,81,19.8,DRIBBLING_PERFECTION,Maintained brilliant execution posture vectors.
0:00:49.789542,Rahul Sharma,92,28.5,DRIBBLING_PERFECTION,Maintained brilliant execution posture vectors.
0:00:49.789542,Sagnik Guha,88,24.2,DRIBBLING_PERFECTION,Maintained brilliant execution posture vectors.
0:00:49.789542,Academy Player #3,81,19.8,DRIBBLING_PERFECTION,Maintained brilliant execution posture vectors.
0:00:49.857008,Rahul Sharma,92,28.5,DRIBBLING_PERFECTION,Maintained brilliant execution posture vectors.
0:00:49.857008,Sagnik Guha,88,24.2,DRIBBLING_PERFECTION,Maintained brilliant execution posture vectors.
0:00:49.857008,Academy Player #3,81,19.8,DRIBBLING_PERFECTION,Maintained brilliant execution posture vectors.
0:00:49.924473,Rahul Sharma,92,28.5,DRIBBLING_PERFECTION,Maintained brilliant execution posture vectors.
0:00:49.924473,Sagnik Guha,88,24.2,DRIBBLING_PERFECTION,Maintained brilliant execution posture vectors.
0:00:49.924473,Academy Player #3,81,19.8,DRIBBLING_PERFECTION,Maintained brilliant execution posture vectors.
0:00:49.991939,Rahul Sharma,92,28.5,DRIBBLING_PERFECTION,Maintained brilliant execution posture vectors.
0:00:49.991939,Sagnik Guha,88,24.2,DRIBBLING_PERFECTION,Maintained brilliant execution posture vectors.
0:00:49.991939,Academy Player #3,81,19.8,DRIBBLING_PERFECTION,Maintained brilliant execution posture vectors.
0:00:50.059405,Rahul Sharma,92,28.5,DRIBBLING_PERFECTION,Maintained brilliant execution posture vectors.
0:00:50.059405,Sagnik Guha,88,24.2,DRIBBLING_PERFECTION,Maintained brilliant execution posture vectors.
0:00:50.059405,Academy Player #3,81,19.8,DRIBBLING_PERFECTION,Maintained brilliant execution posture vectors.
0:00:50.126870,Rahul Sharma,92,28.5,DRIBBLING_PERFECTION,Maintained brilliant execution posture vectors.
0:00:50.126870,Sagnik Guha,88,24.2,DRIBBLING_PERFECTION,Maintained brilliant execution posture vectors.
0:00:50.126870,Academy Player #3,81,19.8,DRIBBLING_PERFECTION,Maintained brilliant execution posture vectors.
0:00:50.194336,Rahul Sharma,92,28.5,DRIBBLING_PERFECTION,Maintained brilliant execution posture vectors.
0:00:50.194336,Sagnik Guha,88,24.2,DRIBBLING_PERFECTION,Maintained brilliant execution posture vectors.
0:00:50.194336,Academy Player #3,81,19.8,DRIBBLING_PERFECTION,Maintained brilliant execution posture vectors.
0:00:50.261801,Rahul Sharma,92,28.5,DRIBBLING_PERFECTION,Maintained brilliant execution posture vectors.
0:00:50.261801,Sagnik Guha,88,24.2,DRIBBLING_PERFECTION,Maintained brilliant execution posture vectors.
0:00:50.261801,Academy Player #3,81,19.8,DRIBBLING_PERFECTION,Maintained brilliant execution posture vectors.
0:00:50.329267,Rahul Sharma,92,28.5,DRIBBLING_PERFECTION,Maintained brilliant execution posture vectors.
0:00:50.329267,Sagnik Guha,88,24.2,DRIBBLING_PERFECTION,Maintained brilliant execution posture vectors.
0:00:50.329267,Academy Player #3,81,19.8,DRIBBLING_PERFECTION,Maintained brilliant execution posture vectors.
0:00:50.396732,Rahul Sharma,92,28.5,DRIBBLING_PERFECTION,Maintained brilliant execution posture vectors.
0:00:50.396732,Sagnik Guha,88,24.2,DRIBBLING_PERFECTION,Maintained brilliant execution posture vectors.
0:00:50.396732,Academy Player #3,81,19.8,DRIBBLING_PERFECTION,Maintained brilliant execution posture vectors.
0:00:50.464198,Rahul Sharma,92,28.5,DRIBBLING_PERFECTION,Maintained brilliant execution posture vectors.
0:00:50.464198,Sagnik Guha,88,24.2,DRIBBLING_PERFECTION,Maintained brilliant execution posture vectors.
0:00:50.464198,Academy Player #3,81,19.8,DRIBBLING_PERFECTION,Maintained brilliant execution posture vectors.
0:00:50.531663,Rahul Sharma,92,28.5,DRIBBLING_PERFECTION,Maintained brilliant execution posture vectors.
0:00:50.531663,Sagnik Guha,88,24.2,DRIBBLING_PERFECTION,Maintained brilliant execution posture vectors.
0:00:50.531663,Academy Player #3,81,19.8,DRIBBLING_PERFECTION,Maintained brilliant execution posture vectors.
0:00:50.599129,Rahul Sharma,92,28.5,DRIBBLING_PERFECTION,Maintained brilliant execution posture vectors.
0:00:50.599129,Sagnik Guha,88,24.2,DRIBBLING_PERFECTION,Maintained brilliant execution posture vectors.
0:00:50.599129,Academy Player #3,81,19.8,DRIBBLING_PERFECTION,Maintained brilliant execution posture vectors.
0:00:50.666594,Rahul Sharma,92,28.5,DRIBBLING_PERFECTION,Maintained brilliant execution posture vectors.
0:00:50.666594,Sagnik Guha,88,24.2,DRIBBLING_PERFECTION,Maintained brilliant execution posture vectors.
0:00:50.666594,Academy Player #3,81,19.8,DRIBBLING_PERFECTION,Maintained brilliant execution posture vectors.
0:00:50.734060,Rahul Sharma,92,28.5,DRIBBLING_PERFECTION,Maintained brilliant execution posture vectors.
0:00:50.734060,Sagnik Guha,88,24.2,DRIBBLING_PERFECTION,Maintained brilliant execution posture vectors.
0:00:50.734060,Academy Player #3,81,19.8,DRIBBLING_PERFECTION,Maintained brilliant execution posture vectors.
0:00:50.801525,Rahul Sharma,92,28.5,DRIBBLING_PERFECTION,Maintained brilliant execution posture vectors.
0:00:50.801525,Sagnik Guha,88,24.2,DRIBBLING_PERFECTION,Maintained brilliant execution posture vectors.
0:00:50.801525,Academy Player #3,81,19.8,DRIBBLING_PERFECTION,Maintained brilliant execution posture vectors.
0:00:50.868991,Rahul Sharma,92,28.5,DRIBBLING_PERFECTION,Maintained brilliant execution posture vectors.
0:00:50.868991,Sagnik Guha,88,24.2,DRIBBLING_PERFECTION,Maintained brilliant execution posture vectors.
0:00:50.868991,Academy Player #3,81,19.8,DRIBBLING_PERFECTION,Maintained brilliant execution posture vectors.
0:00:50.936456,Rahul Sharma,92,28.5,DRIBBLING_PERFECTION,Maintained brilliant execution posture vectors.
0:00:50.936456,Sagnik Guha,88,24.2,DRIBBLING_PERFECTION,Maintained brilliant execution posture vectors.
0:00:50.936456,Academy Player #3,81,19.8,DRIBBLING_PERFECTION,Maintained brilliant execution posture vectors.
0:00:51.003922,Rahul Sharma,92,28.5,DRIBBLING_PERFECTION,Maintained brilliant execution posture vectors.
0:00:51.003922,Sagnik Guha,88,24.2,DRIBBLING_PERFECTION,Maintained brilliant execution posture vectors.
0:00:51.003922,Academy Player #3,81,19.8,DRIBBLING_PERFECTION,Maintained brilliant execution posture vectors.
0:00:51.071387,Rahul Sharma,92,28.5,DRIBBLING_PERFECTION,Maintained brilliant execution posture vectors.
0:00:51.071387,Sagnik Guha,88,24.2,DRIBBLING_PERFECTION,Maintained brilliant execution posture vectors.
0:00:51.071387,Academy Player #3,81,19.8,DRIBBLING_PERFECTION,Maintained brilliant execution posture vectors.
0:00:51.138853,Rahul Sharma,92,28.5,DRIBBLING_PERFECTION,Maintained brilliant execution posture vectors.
0:00:51.138853,Sagnik Guha,88,24.2,DRIBBLING_PERFECTION,Maintained brilliant execution posture vectors.
0:00:51.138853,Academy Player #3,81,19.8,DRIBBLING_PERFECTION,Maintained brilliant execution posture vectors.
0:00:51.206318,Rahul Sharma,92,28.5,DRIBBLING_PERFECTION,Maintained brilliant execution posture vectors.
0:00:51.206318,Sagnik Guha,88,24.2,DRIBBLING_PERFECTION,Maintained brilliant execution posture vectors.
0:00:51.206318,Academy Player #3,81,19.8,DRIBBLING_PERFECTION,Maintained brilliant execution posture vectors.
0:00:51.273784,Rahul Sharma,92,28.5,DRIBBLING_PERFECTION,Maintained brilliant execution posture vectors.
0:00:51.273784,Sagnik Guha,88,24.2,DRIBBLING_PERFECTION,Maintained brilliant execution posture vectors.
0:00:51.273784,Academy Player #3,81,19.8,DRIBBLING_PERFECTION,Maintained brilliant execution posture vectors.
0:00:51.341249,Rahul Sharma,92,28.5,DRIBBLING_PERFECTION,Maintained brilliant execution posture vectors.
0:00:51.341249,Sagnik Guha,88,24.2,DRIBBLING_PERFECTION,Maintained brilliant execution posture vectors.
0:00:51.341249,Academy Player #3,81,19.8,DRIBBLING_PERFECTION,Maintained brilliant execution posture vectors.
0:00:51.408715,Rahul Sharma,92,28.5,DRIBBLING_PERFECTION,Maintained brilliant execution posture vectors.
0:00:51.408715,Sagnik Guha,88,24.2,DRIBBLING_PERFECTION,Maintained brilliant execution posture vectors.
0:00:51.408715,Academy Player #3,81,19.8,DRIBBLING_PERFECTION,Maintained brilliant execution posture vectors.
0:00:51.476180,Rahul Sharma,92,28.5,DRIBBLING_PERFECTION,Maintained brilliant execution posture vectors.
0:00:51.476180,Sagnik Guha,88,24.2,DRIBBLING_PERFECTION,Maintained brilliant execution posture vectors.
0:00:51.476180,Academy Player #3,81,19.8,DRIBBLING_PERFECTION,Maintained brilliant execution posture vectors.
0:00:51.543646,Rahul Sharma,92,28.5,DRIBBLING_PERFECTION,Maintained brilliant execution posture vectors.
0:00:51.543646,Sagnik Guha,88,24.2,DRIBBLING_PERFECTION,Maintained brilliant execution posture vectors.
0:00:51.543646,Academy Player #3,81,19.8,DRIBBLING_PERFECTION,Maintained brilliant execution posture vectors.
0:00:51.611111,Rahul Sharma,92,28.5,DRIBBLING_PERFECTION,Maintained brilliant execution posture vectors.
0:00:51.611111,Sagnik Guha,88,24.2,DRIBBLING_PERFECTION,Maintained brilliant execution posture vectors.
0:00:51.611111,Academy Player #3,81,19.8,DRIBBLING_PERFECTION,Maintained brilliant execution posture vectors.
0:00:51.678577,Rahul Sharma,92,28.5,DRIBBLING_PERFECTION,Maintained brilliant execution posture vectors.
0:00:51.678577,Sagnik Guha,88,24.2,DRIBBLING_PERFECTION,Maintained brilliant execution posture vectors.
0:00:51.678577,Academy Player #3,81,19.8,DRIBBLING_PERFECTION,Maintained brilliant execution posture vectors.
0:00:51.746042,Rahul Sharma,92,28.5,DRIBBLING_PERFECTION,Maintained brilliant execution posture vectors.
0:00:51.746042,Sagnik Guha,88,24.2,DRIBBLING_PERFECTION,Maintained brilliant execution posture vectors.
0:00:51.746042,Academy Player #3,81,19.8,DRIBBLING_PERFECTION,Maintained brilliant execution posture vectors.
0:00:51.813508,Rahul Sharma,92,28.5,DRIBBLING_PERFECTION,Maintained brilliant execution posture vectors.
0:00:51.813508,Sagnik Guha,88,24.2,DRIBBLING_PERFECTION,Maintained brilliant execution posture vectors.
0:00:51.813508,Academy Player #3,81,19.8,DRIBBLING_PERFECTION,Maintained brilliant execution posture vectors.
0:00:51.880973,Rahul Sharma,92,28.5,DRIBBLING_PERFECTION,Maintained brilliant execution posture vectors.
0:00:51.880973,Sagnik Guha,88,24.2,DRIBBLING_PERFECTION,Maintained brilliant execution posture vectors.
0:00:51.880973,Academy Player #3,81,19.8,DRIBBLING_PERFECTION,Maintained brilliant execution posture vectors.
0:00:51.948439,Rahul Sharma,92,28.5,DRIBBLING_PERFECTION,Maintained brilliant execution posture vectors.
0:00:51.948439,Sagnik Guha,88,24.2,DRIBBLING_PERFECTION,Maintained brilliant execution posture vectors.
0:00:51.948439,Academy Player #3,81,19.8,DRIBBLING_PERFECTION,Maintained brilliant execution posture vectors.
0:00:52.015904,Rahul Sharma,92,28.5,DRIBBLING_PERFECTION,Maintained brilliant execution posture vectors.
0:00:52.015904,Sagnik Guha,88,24.2,DRIBBLING_PERFECTION,Maintained brilliant execution posture vectors.
0:00:52.015904,Academy Player #3,81,19.8,DRIBBLING_PERFECTION,Maintained brilliant execution posture vectors.
0:00:52.083370,Rahul Sharma,92,28.5,DRIBBLING_PERFECTION,Maintained brilliant execution posture vectors.
0:00:52.083370,Sagnik Guha,88,24.2,DRIBBLING_PERFECTION,Maintained brilliant execution posture vectors.
0:00:52.083370,Academy Player #3,81,19.8,DRIBBLING_PERFECTION,Maintained brilliant execution posture vectors.
0:00:52.150835,Rahul Sharma,92,28.5,DRIBBLING_PERFECTION,Maintained brilliant execution posture vectors.
0:00:52.150835,Sagnik Guha,88,24.2,DRIBBLING_PERFECTION,Maintained brilliant execution posture vectors.
0:00:52.150835,Academy Player #3,81,19.8,DRIBBLING_PERFECTION,Maintained brilliant execution posture vectors.
0:00:52.218301,Rahul Sharma,92,28.5,DRIBBLING_PERFECTION,Maintained brilliant execution posture vectors.
0:00:52.218301,Sagnik Guha,88,24.2,DRIBBLING_PERFECTION,Maintained brilliant execution posture vectors.
0:00:52.218301,Academy Player #3,81,19.8,DRIBBLING_PERFECTION,Maintained brilliant execution posture vectors.
0:00:52.285766,Rahul Sharma,92,28.5,DRIBBLING_PERFECTION,Maintained brilliant execution posture vectors.
0:00:52.285766,Sagnik Guha,88,24.2,DRIBBLING_PERFECTION,Maintained brilliant execution posture vectors.
0:00:52.285766,Academy Player #3,81,19.8,DRIBBLING_PERFECTION,Maintained brilliant execution posture vectors.
0:00:52.353232,Rahul Sharma,92,28.5,DRIBBLING_PERFECTION,Maintained brilliant execution posture vectors.
0:00:52.353232,Sagnik Guha,88,24.2,DRIBBLING_PERFECTION,Maintained brilliant execution posture vectors.
0:00:52.353232,Academy Player #3,81,19.8,DRIBBLING_PERFECTION,Maintained brilliant execution posture vectors.
0:00:52.420697,Rahul Sharma,92,28.5,DRIBBLING_PERFECTION,Maintained brilliant execution posture vectors.
0:00:52.420697,Sagnik Guha,88,24.2,DRIBBLING_PERFECTION,Maintained brilliant execution posture vectors.
0:00:52.420697,Academy Player #3,81,19.8,DRIBBLING_PERFECTION,Maintained brilliant execution posture vectors.
0:00:52.488163,Rahul Sharma,92,28.5,DRIBBLING_PERFECTION,Maintained brilliant execution posture vectors.
0:00:52.488163,Sagnik Guha,88,24.2,DRIBBLING_PERFECTION,Maintained brilliant execution posture vectors.
0:00:52.488163,Academy Player #3,81,19.8,DRIBBLING_PERFECTION,Maintained brilliant execution posture vectors.
0:00:52.555628,Rahul Sharma,92,28.5,DRIBBLING_PERFECTION,Maintained brilliant execution posture vectors.
0:00:52.555628,Sagnik Guha,88,24.2,DRIBBLING_PERFECTION,Maintained brilliant execution posture vectors.
0:00:52.555628,Academy Player #3,81,19.8,DRIBBLING_PERFECTION,Maintained brilliant execution posture vectors.
0:00:52.623094,Rahul Sharma,92,28.5,DRIBBLING_PERFECTION,Maintained brilliant execution posture vectors.
0:00:52.623094,Sagnik Guha,88,24.2,DRIBBLING_PERFECTION,Maintained brilliant execution posture vectors.
0:00:52.623094,Academy Player #3,81,19.8,DRIBBLING_PERFECTION,Maintained brilliant execution posture vectors.
0:00:52.690559,Rahul Sharma,92,28.5,DRIBBLING_PERFECTION,Maintained brilliant execution posture vectors.
0:00:52.690559,Sagnik Guha,88,24.2,DRIBBLING_PERFECTION,Maintained brilliant execution posture vectors.
0:00:52.690559,Academy Player #3,81,19.8,DRIBBLING_PERFECTION,Maintained brilliant execution posture vectors.
0:00:52.758025,Rahul Sharma,92,28.5,DRIBBLING_PERFECTION,Maintained brilliant execution posture vectors.
0:00:52.758025,Sagnik Guha,88,24.2,DRIBBLING_PERFECTION,Maintained brilliant execution posture vectors.
0:00:52.758025,Academy Player #3,81,19.8,DRIBBLING_PERFECTION,Maintained brilliant execution posture vectors.
0:00:52.825490,Rahul Sharma,92,28.5,DRIBBLING_PERFECTION,Maintained brilliant execution posture vectors.
0:00:52.825490,Sagnik Guha,88,24.2,DRIBBLING_PERFECTION,Maintained brilliant execution posture vectors.
0:00:52.825490,Academy Player #3,81,19.8,DRIBBLING_PERFECTION,Maintained brilliant execution posture vectors.
0:00:52.892956,Rahul Sharma,92,28.5,DRIBBLING_PERFECTION,Maintained brilliant execution posture vectors.
0:00:52.892956,Sagnik Guha,88,24.2,DRIBBLING_PERFECTION,Maintained brilliant execution posture vectors.
0:00:52.892956,Academy Player #3,81,19.8,DRIBBLING_PERFECTION,Maintained brilliant execution posture vectors.
0:00:52.960421,Rahul Sharma,92,28.5,DRIBBLING_PERFECTION,Maintained brilliant execution posture vectors.
0:00:52.960421,Sagnik Guha,88,24.2,DRIBBLING_PERFECTION,Maintained brilliant execution posture vectors.
0:00:52.960421,Academy Player #3,81,19.8,DRIBBLING_PERFECTION,Maintained brilliant execution posture vectors.
0:00:53.027887,Rahul Sharma,92,28.5,DRIBBLING_PERFECTION,Maintained brilliant execution posture vectors.
0:00:53.027887,Sagnik Guha,88,24.2,DRIBBLING_PERFECTION,Maintained brilliant execution posture vectors.
0:00:53.027887,Academy Player #3,81,19.8,DRIBBLING_PERFECTION,Maintained brilliant execution posture vectors.
0:00:53.095352,Rahul Sharma,92,28.5,DRIBBLING_PERFECTION,Maintained brilliant execution posture vectors.
0:00:53.095352,Sagnik Guha,88,24.2,DRIBBLING_PERFECTION,Maintained brilliant execution posture vectors.
0:00:53.095352,Academy Player #3,81,19.8,DRIBBLING_PERFECTION,Maintained brilliant execution posture vectors.
0:00:53.162818,Rahul Sharma,92,28.5,DRIBBLING_PERFECTION,Maintained brilliant execution posture vectors.
0:00:53.162818,Sagnik Guha,88,24.2,DRIBBLING_PERFECTION,Maintained brilliant execution posture vectors.
0:00:53.162818,Academy Player #3,81,19.8,DRIBBLING_PERFECTION,Maintained brilliant execution posture vectors.
0:00:53.230283,Rahul Sharma,92,28.5,DRIBBLING_PERFECTION,Maintained brilliant execution posture vectors.
0:00:53.230283,Sagnik Guha,88,24.2,DRIBBLING_PERFECTION,Maintained brilliant execution posture vectors.
0:00:53.230283,Academy Player #3,81,19.8,DRIBBLING_PERFECTION,Maintained brilliant execution posture vectors.
0:00:53.297749,Rahul Sharma,92,28.5,DRIBBLING_PERFECTION,Maintained brilliant execution posture vectors.
0:00:53.297749,Sagnik Guha,88,24.2,DRIBBLING_PERFECTION,Maintained brilliant execution posture vectors.
0:00:53.297749,Academy Player #3,81,19.8,DRIBBLING_PERFECTION,Maintained brilliant execution posture vectors.
0:00:53.365214,Rahul Sharma,92,28.5,DRIBBLING_PERFECTION,Maintained brilliant execution posture vectors.
0:00:53.365214,Sagnik Guha,88,24.2,DRIBBLING_PERFECTION,Maintained brilliant execution posture vectors.
0:00:53.365214,Academy Player #3,81,19.8,DRIBBLING_PERFECTION,Maintained brilliant execution posture vectors.
0:00:53.432680,Rahul Sharma,92,28.5,DRIBBLING_PERFECTION,Maintained brilliant execution posture vectors.
0:00:53.432680,Sagnik Guha,88,24.2,DRIBBLING_PERFECTION,Maintained brilliant execution posture vectors.
0:00:53.432680,Academy Player #3,81,19.8,DRIBBLING_PERFECTION,Maintained brilliant execution posture vectors.
0:00:53.500145,Rahul Sharma,92,28.5,DRIBBLING_PERFECTION,Maintained brilliant execution posture vectors.
0:00:53.500145,Sagnik Guha,88,24.2,DRIBBLING_PERFECTION,Maintained brilliant execution posture vectors.
0:00:53.500145,Academy Player #3,81,19.8,DRIBBLING_PERFECTION,Maintained brilliant execution posture vectors.
0:00:53.567611,Rahul Sharma,92,28.5,DRIBBLING_PERFECTION,Maintained brilliant execution posture vectors.
0:00:53.567611,Sagnik Guha,88,24.2,DRIBBLING_PERFECTION,Maintained brilliant execution posture vectors.
0:00:53.567611,Academy Player #3,81,19.8,DRIBBLING_PERFECTION,Maintained brilliant execution posture vectors.
0:00:53.635076,Rahul Sharma,92,28.5,DRIBBLING_PERFECTION,Maintained brilliant execution posture vectors.
0:00:53.635076,Sagnik Guha,88,24.2,DRIBBLING_PERFECTION,Maintained brilliant execution posture vectors.
0:00:53.635076,Academy Player #3,81,19.8,DRIBBLING_PERFECTION,Maintained brilliant execution posture vectors.
0:00:53.702542,Rahul Sharma,92,28.5,DRIBBLING_PERFECTION,Maintained brilliant execution posture vectors.
0:00:53.702542,Sagnik Guha,88,24.2,DRIBBLING_PERFECTION,Maintained brilliant execution posture vectors.
0:00:53.702542,Academy Player #3,81,19.8,DRIBBLING_PERFECTION,Maintained brilliant execution posture vectors.
0:00:53.770007,Rahul Sharma,92,28.5,DRIBBLING_PERFECTION,Maintained brilliant execution posture vectors.
0:00:53.770007,Sagnik Guha,88,24.2,DRIBBLING_PERFECTION,Maintained brilliant execution posture vectors.
0:00:53.770007,Academy Player #3,81,19.8,DRIBBLING_PERFECTION,Maintained brilliant execution posture vectors.
0:00:53.837473,Rahul Sharma,92,28.5,DRIBBLING_PERFECTION,Maintained brilliant execution posture vectors.
0:00:53.837473,Sagnik Guha,88,24.2,DRIBBLING_PERFECTION,Maintained brilliant execution posture vectors.
0:00:53.837473,Academy Player #3,81,19.8,DRIBBLING_PERFECTION,Maintained brilliant execution posture vectors.
0:00:53.904938,Rahul Sharma,92,28.5,DRIBBLING_PERFECTION,Maintained brilliant execution posture vectors.
0:00:53.904938,Sagnik Guha,88,24.2,DRIBBLING_PERFECTION,Maintained brilliant execution posture vectors.
0:00:53.904938,Academy Player #3,81,19.8,DRIBBLING_PERFECTION,Maintained brilliant execution posture vectors.
0:00:53.972404,Rahul Sharma,92,28.5,DRIBBLING_PERFECTION,Maintained brilliant execution posture vectors.
0:00:53.972404,Sagnik Guha,88,24.2,DRIBBLING_PERFECTION,Maintained brilliant execution posture vectors.
0:00:53.972404,Academy Player #3,81,19.8,DRIBBLING_PERFECTION,Maintained brilliant execution posture vectors.
0:00:54.039869,Rahul Sharma,92,28.5,DRIBBLING_PERFECTION,Maintained brilliant execution posture vectors.
0:00:54.039869,Sagnik Guha,88,24.2,DRIBBLING_PERFECTION,Maintained brilliant execution posture vectors.
0:00:54.039869,Academy Player #3,81,19.8,DRIBBLING_PERFECTION,Maintained brilliant execution posture vectors.
0:00:54.107335,Rahul Sharma,92,28.5,DRIBBLING_PERFECTION,Maintained brilliant execution posture vectors.
0:00:54.107335,Sagnik Guha,88,24.2,DRIBBLING_PERFECTION,Maintained brilliant execution posture vectors.
0:00:54.107335,Academy Player #3,81,19.8,DRIBBLING_PERFECTION,Maintained brilliant execution posture vectors.
0:00:54.174800,Rahul Sharma,92,28.5,DRIBBLING_PERFECTION,Maintained brilliant execution posture vectors.
0:00:54.174800,Sagnik Guha,88,24.2,DRIBBLING_PERFECTION,Maintained brilliant execution posture vectors.
0:00:54.174800,Academy Player #3,81,19.8,DRIBBLING_PERFECTION,Maintained brilliant execution posture vectors.
0:00:54.242266,Rahul Sharma,92,28.5,DRIBBLING_PERFECTION,Maintained brilliant execution posture vectors.
0:00:54.242266,Sagnik Guha,88,24.2,DRIBBLING_PERFECTION,Maintained brilliant execution posture vectors.
0:00:54.242266,Academy Player #3,81,19.8,DRIBBLING_PERFECTION,Maintained brilliant execution posture vectors.
0:00:54.309731,Rahul Sharma,92,28.5,DRIBBLING_PERFECTION,Maintained brilliant execution posture vectors.
0:00:54.309731,Sagnik Guha,88,24.2,DRIBBLING_PERFECTION,Maintained brilliant execution posture vectors.
0:00:54.309731,Academy Player #3,81,19.8,DRIBBLING_PERFECTION,Maintained brilliant execution posture vectors.
0:00:54.377197,Rahul Sharma,92,28.5,DRIBBLING_PERFECTION,Maintained brilliant execution posture vectors.
0:00:54.377197,Sagnik Guha,88,24.2,DRIBBLING_PERFECTION,Maintained brilliant execution posture vectors.
0:00:54.377197,Academy Player #3,81,19.8,DRIBBLING_PERFECTION,Maintained brilliant execution posture vectors.
0:00:54.444662,Rahul Sharma,92,28.5,DRIBBLING_PERFECTION,Maintained brilliant execution posture vectors.
0:00:54.444662,Sagnik Guha,88,24.2,DRIBBLING_PERFECTION,Maintained brilliant execution posture vectors.
0:00:54.444662,Academy Player #3,81,19.8,DRIBBLING_PERFECTION,Maintained brilliant execution posture vectors.
0:00:54.512128,Rahul Sharma,92,28.5,DRIBBLING_PERFECTION,Maintained brilliant execution posture vectors.
0:00:54.512128,Sagnik Guha,88,24.2,DRIBBLING_PERFECTION,Maintained brilliant execution posture vectors.
0:00:54.512128,Academy Player #3,81,19.8,DRIBBLING_PERFECTION,Maintained brilliant execution posture vectors.
0:00:54.579593,Rahul Sharma,92,28.5,DRIBBLING_PERFECTION,Maintained brilliant execution posture vectors.
0:00:54.579593,Sagnik Guha,88,24.2,DRIBBLING_PERFECTION,Maintained brilliant execution posture vectors.
0:00:54.579593,Academy Player #3,81,19.8,DRIBBLING_PERFECTION,Maintained brilliant execution posture vectors.
0:00:54.647059,Rahul Sharma,92,28.5,DRIBBLING_PERFECTION,Maintained brilliant execution posture vectors.
0:00:54.647059,Sagnik Guha,88,24.2,DRIBBLING_PERFECTION,Maintained brilliant execution posture vectors.
0:00:54.647059,Academy Player #3,81,19.8,DRIBBLING_PERFECTION,Maintained brilliant execution posture vectors.
0:00:54.714524,Rahul Sharma,92,28.5,DRIBBLING_PERFECTION,Maintained brilliant execution posture vectors.
0:00:54.714524,Sagnik Guha,88,24.2,DRIBBLING_PERFECTION,Maintained brilliant execution posture vectors.
0:00:54.714524,Academy Player #3,81,19.8,DRIBBLING_PERFECTION,Maintained brilliant execution posture vectors.
0:00:54.781990,Rahul Sharma,92,28.5,DRIBBLING_PERFECTION,Maintained brilliant execution posture vectors.
0:00:54.781990,Sagnik Guha,88,24.2,DRIBBLING_PERFECTION,Maintained brilliant execution posture vectors.
0:00:54.781990,Academy Player #3,81,19.8,DRIBBLING_PERFECTION,Maintained brilliant execution posture vectors.
0:00:54.849455,Rahul Sharma,92,28.5,DRIBBLING_PERFECTION,Maintained brilliant execution posture vectors.
0:00:54.849455,Sagnik Guha,88,24.2,DRIBBLING_PERFECTION,Maintained brilliant execution posture vectors.
0:00:54.849455,Academy Player #3,81,19.8,DRIBBLING_PERFECTION,Maintained brilliant execution posture vectors.
0:00:54.916921,Rahul Sharma,92,28.5,DRIBBLING_PERFECTION,Maintained brilliant execution posture vectors.
0:00:54.916921,Sagnik Guha,88,24.2,DRIBBLING_PERFECTION,Maintained brilliant execution posture vectors.
0:00:54.916921,Academy Player #3,81,19.8,DRIBBLING_PERFECTION,Maintained brilliant execution posture vectors.
0:00:54.984386,Rahul Sharma,92,28.5,DRIBBLING_PERFECTION,Maintained brilliant execution posture vectors.
0:00:54.984386,Sagnik Guha,88,24.2,DRIBBLING_PERFECTION,Maintained brilliant execution posture vectors.
0:00:54.984386,Academy Player #3,81,19.8,DRIBBLING_PERFECTION,Maintained brilliant execution posture vectors.
0:00:55.051852,Rahul Sharma,92,28.5,DRIBBLING_PERFECTION,Maintained brilliant execution posture vectors.
0:00:55.051852,Sagnik Guha,88,24.2,DRIBBLING_PERFECTION,Maintained brilliant execution posture vectors.
0:00:55.051852,Academy Player #3,81,19.8,DRIBBLING_PERFECTION,Maintained brilliant execution posture vectors.
0:00:55.119317,Rahul Sharma,92,28.5,DRIBBLING_PERFECTION,Maintained brilliant execution posture vectors.
0:00:55.119317,Sagnik Guha,88,24.2,DRIBBLING_PERFECTION,Maintained brilliant execution posture vectors.
0:00:55.119317,Academy Player #3,81,19.8,DRIBBLING_PERFECTION,Maintained brilliant execution posture vectors.
0:00:55.186783,Rahul Sharma,92,28.5,DRIBBLING_PERFECTION,Maintained brilliant execution posture vectors.
0:00:55.186783,Sagnik Guha,88,24.2,DRIBBLING_PERFECTION,Maintained brilliant execution posture vectors.
0:00:55.186783,Academy Player #3,81,19.8,DRIBBLING_PERFECTION,Maintained brilliant execution posture vectors.
0:00:55.254248,Rahul Sharma,92,28.5,DRIBBLING_PERFECTION,Maintained brilliant execution posture vectors.
0:00:55.254248,Sagnik Guha,88,24.2,DRIBBLING_PERFECTION,Maintained brilliant execution posture vectors.
0:00:55.254248,Academy Player #3,81,19.8,DRIBBLING_PERFECTION,Maintained brilliant execution posture vectors.
0:00:55.321714,Rahul Sharma,92,28.5,DRIBBLING_PERFECTION,Maintained brilliant execution posture vectors.
0:00:55.321714,Sagnik Guha,88,24.2,DRIBBLING_PERFECTION,Maintained brilliant execution posture vectors.
0:00:55.321714,Academy Player #3,81,19.8,DRIBBLING_PERFECTION,Maintained brilliant execution posture vectors.
0:00:55.389179,Rahul Sharma,92,28.5,DRIBBLING_PERFECTION,Maintained brilliant execution posture vectors.
0:00:55.389179,Sagnik Guha,88,24.2,DRIBBLING_PERFECTION,Maintained brilliant execution posture vectors.
0:00:55.389179,Academy Player #3,81,19.8,DRIBBLING_PERFECTION,Maintained brilliant execution posture vectors.
0:00:55.456645,Rahul Sharma,92,28.5,DRIBBLING_PERFECTION,Maintained brilliant execution posture vectors.
0:00:55.456645,Sagnik Guha,88,24.2,DRIBBLING_PERFECTION,Maintained brilliant execution posture vectors.
0:00:55.456645,Academy Player #3,81,19.8,DRIBBLING_PERFECTION,Maintained brilliant execution posture vectors.
0:00:55.524110,Rahul Sharma,92,28.5,DRIBBLING_PERFECTION,Maintained brilliant execution posture vectors.
0:00:55.524110,Sagnik Guha,88,24.2,DRIBBLING_PERFECTION,Maintained brilliant execution posture vectors.
0:00:55.524110,Academy Player #3,81,19.8,DRIBBLING_PERFECTION,Maintained brilliant execution posture vectors.
0:00:55.591576,Rahul Sharma,92,28.5,DRIBBLING_PERFECTION,Maintained brilliant execution posture vectors.
0:00:55.591576,Sagnik Guha,88,24.2,DRIBBLING_PERFECTION,Maintained brilliant execution posture vectors.
0:00:55.591576,Academy Player #3,81,19.8,DRIBBLING_PERFECTION,Maintained brilliant execution posture vectors.
0:00:55.659041,Rahul Sharma,92,28.5,DRIBBLING_PERFECTION,Maintained brilliant execution posture vectors.
0:00:55.659041,Sagnik Guha,88,24.2,DRIBBLING_PERFECTION,Maintained brilliant execution posture vectors.
0:00:55.659041,Academy Player #3,81,19.8,DRIBBLING_PERFECTION,Maintained brilliant execution posture vectors.
0:00:55.726507,Rahul Sharma,92,28.5,DRIBBLING_PERFECTION,Maintained brilliant execution posture vectors.
0:00:55.726507,Sagnik Guha,88,24.2,DRIBBLING_PERFECTION,Maintained brilliant execution posture vectors.
0:00:55.726507,Academy Player #3,81,19.8,DRIBBLING_PERFECTION,Maintained brilliant execution posture vectors.
0:00:55.793972,Rahul Sharma,92,28.5,DRIBBLING_PERFECTION,Maintained brilliant execution posture vectors.
0:00:55.793972,Sagnik Guha,88,24.2,DRIBBLING_PERFECTION,Maintained brilliant execution posture vectors.
0:00:55.793972,Academy Player #3,81,19.8,DRIBBLING_PERFECTION,Maintained brilliant execution posture vectors.
0:00:55.861438,Rahul Sharma,92,28.5,DRIBBLING_PERFECTION,Maintained brilliant execution posture vectors.
0:00:55.861438,Sagnik Guha,88,24.2,DRIBBLING_PERFECTION,Maintained brilliant execution posture vectors.
0:00:55.861438,Academy Player #3,81,19.8,DRIBBLING_PERFECTION,Maintained brilliant execution posture vectors.
0:00:55.928903,Rahul Sharma,92,28.5,DRIBBLING_PERFECTION,Maintained brilliant execution posture vectors.
0:00:55.928903,Sagnik Guha,88,24.2,DRIBBLING_PERFECTION,Maintained brilliant execution posture vectors.
0:00:55.928903,Academy Player #3,81,19.8,DRIBBLING_PERFECTION,Maintained brilliant execution posture vectors.
0:00:55.996369,Rahul Sharma,92,28.5,DRIBBLING_PERFECTION,Maintained brilliant execution posture vectors.
0:00:55.996369,Sagnik Guha,88,24.2,DRIBBLING_PERFECTION,Maintained brilliant execution posture vectors.
0:00:55.996369,Academy Player #3,81,19.8,DRIBBLING_PERFECTION,Maintained brilliant execution posture vectors.
0:00:56.063834,Rahul Sharma,92,28.5,DRIBBLING_PERFECTION,Maintained brilliant execution posture vectors.
0:00:56.063834,Sagnik Guha,88,24.2,DRIBBLING_PERFECTION,Maintained brilliant execution posture vectors.
0:00:56.063834,Academy Player #3,81,19.8,DRIBBLING_PERFECTION,Maintained brilliant execution posture vectors.
0:00:56.131300,Rahul Sharma,92,28.5,DRIBBLING_PERFECTION,Maintained brilliant execution posture vectors.
0:00:56.131300,Sagnik Guha,88,24.2,DRIBBLING_PERFECTION,Maintained brilliant execution posture vectors.
0:00:56.131300,Academy Player #3,81,19.8,DRIBBLING_PERFECTION,Maintained brilliant execution posture vectors.
0:00:56.198765,Rahul Sharma,92,28.5,DRIBBLING_PERFECTION,Maintained brilliant execution posture vectors.
0:00:56.198765,Sagnik Guha,88,24.2,DRIBBLING_PERFECTION,Maintained brilliant execution posture vectors.
0:00:56.198765,Academy Player #3,81,19.8,DRIBBLING_PERFECTION,Maintained brilliant execution posture vectors.
0:00:56.266231,Rahul Sharma,92,28.5,DRIBBLING_PERFECTION,Maintained brilliant execution posture vectors.
0:00:56.266231,Sagnik Guha,88,24.2,DRIBBLING_PERFECTION,Maintained brilliant execution posture vectors.
0:00:56.266231,Academy Player #3,81,19.8,DRIBBLING_PERFECTION,Maintained brilliant execution posture vectors.
0:00:56.333696,Rahul Sharma,92,28.5,DRIBBLING_PERFECTION,Maintained brilliant execution posture vectors.
0:00:56.333696,Sagnik Guha,88,24.2,DRIBBLING_PERFECTION,Maintained brilliant execution posture vectors.
0:00:56.333696,Academy Player #3,81,19.8,DRIBBLING_PERFECTION,Maintained brilliant execution posture vectors.
0:00:56.401162,Rahul Sharma,92,28.5,DRIBBLING_PERFECTION,Maintained brilliant execution posture vectors.
0:00:56.401162,Sagnik Guha,88,24.2,DRIBBLING_PERFECTION,Maintained brilliant execution posture vectors.
0:00:56.401162,Academy Player #3,81,19.8,DRIBBLING_PERFECTION,Maintained brilliant execution posture vectors.
0:00:56.468627,Rahul Sharma,92,28.5,DRIBBLING_PERFECTION,Maintained brilliant execution posture vectors.
0:00:56.468627,Sagnik Guha,88,24.2,DRIBBLING_PERFECTION,Maintained brilliant execution posture vectors.
0:00:56.468627,Academy Player #3,81,19.8,DRIBBLING_PERFECTION,Maintained brilliant execution posture vectors.
0:00:56.536093,Rahul Sharma,92,28.5,DRIBBLING_PERFECTION,Maintained brilliant execution posture vectors.
0:00:56.536093,Sagnik Guha,88,24.2,DRIBBLING_PERFECTION,Maintained brilliant execution posture vectors.
0:00:56.536093,Academy Player #3,81,19.8,DRIBBLING_PERFECTION,Maintained brilliant execution posture vectors.
0:00:56.603558,Rahul Sharma,92,28.5,DRIBBLING_PERFECTION,Maintained brilliant execution posture vectors.
0:00:56.603558,Sagnik Guha,88,24.2,DRIBBLING_PERFECTION,Maintained brilliant execution posture vectors.
0:00:56.603558,Academy Player #3,81,19.8,DRIBBLING_PERFECTION,Maintained brilliant execution posture vectors.
0:00:56.671024,Rahul Sharma,92,28.5,DRIBBLING_PERFECTION,Maintained brilliant execution posture vectors.
0:00:56.671024,Sagnik Guha,88,24.2,DRIBBLING_PERFECTION,Maintained brilliant execution posture vectors.
0:00:56.671024,Academy Player #3,81,19.8,DRIBBLING_PERFECTION,Maintained brilliant execution posture vectors.
0:00:56.738489,Rahul Sharma,92,28.5,DRIBBLING_PERFECTION,Maintained brilliant execution posture vectors.
0:00:56.738489,Sagnik Guha,88,24.2,DRIBBLING_PERFECTION,Maintained brilliant execution posture vectors.
0:00:56.738489,Academy Player #3,81,19.8,DRIBBLING_PERFECTION,Maintained brilliant execution posture vectors.
0:00:56.805955,Rahul Sharma,92,28.5,DRIBBLING_PERFECTION,Maintained brilliant execution posture vectors.
0:00:56.805955,Sagnik Guha,88,24.2,DRIBBLING_PERFECTION,Maintained brilliant execution posture vectors.
0:00:56.805955,Academy Player #3,81,19.8,DRIBBLING_PERFECTION,Maintained brilliant execution posture vectors.
0:00:56.873420,Rahul Sharma,92,28.5,DRIBBLING_PERFECTION,Maintained brilliant execution posture vectors.
0:00:56.873420,Sagnik Guha,88,24.2,DRIBBLING_PERFECTION,Maintained brilliant execution posture vectors.
0:00:56.873420,Academy Player #3,81,19.8,DRIBBLING_PERFECTION,Maintained brilliant execution posture vectors.
0:00:56.940886,Rahul Sharma,92,28.5,DRIBBLING_PERFECTION,Maintained brilliant execution posture vectors.
0:00:56.940886,Sagnik Guha,88,24.2,DRIBBLING_PERFECTION,Maintained brilliant execution posture vectors.
0:00:56.940886,Academy Player #3,81,19.8,DRIBBLING_PERFECTION,Maintained brilliant execution posture vectors.
0:00:57.008351,Rahul Sharma,92,28.5,DRIBBLING_PERFECTION,Maintained brilliant execution posture vectors.
0:00:57.008351,Sagnik Guha,88,24.2,DRIBBLING_PERFECTION,Maintained brilliant execution posture vectors.
0:00:57.008351,Academy Player #3,81,19.8,DRIBBLING_PERFECTION,Maintained brilliant execution posture vectors.
0:00:57.075817,Rahul Sharma,92,28.5,DRIBBLING_PERFECTION,Maintained brilliant execution posture vectors.
0:00:57.075817,Sagnik Guha,88,24.2,DRIBBLING_PERFECTION,Maintained brilliant execution posture vectors.
0:00:57.075817,Academy Player #3,81,19.8,DRIBBLING_PERFECTION,Maintained brilliant execution posture vectors.
0:00:57.143282,Rahul Sharma,92,28.5,DRIBBLING_PERFECTION,Maintained brilliant execution posture vectors.
0:00:57.143282,Sagnik Guha,88,24.2,DRIBBLING_PERFECTION,Maintained brilliant execution posture vectors.
0:00:57.143282,Academy Player #3,81,19.8,DRIBBLING_PERFECTION,Maintained brilliant execution posture vectors.
0:00:57.210748,Rahul Sharma,92,28.5,DRIBBLING_PERFECTION,Maintained brilliant execution posture vectors.
0:00:57.210748,Sagnik Guha,88,24.2,DRIBBLING_PERFECTION,Maintained brilliant execution posture vectors.
0:00:57.210748,Academy Player #3,81,19.8,DRIBBLING_PERFECTION,Maintained brilliant execution posture vectors.
0:00:57.278214,Rahul Sharma,92,28.5,DRIBBLING_PERFECTION,Maintained brilliant execution posture vectors.
0:00:57.278214,Sagnik Guha,88,24.2,DRIBBLING_PERFECTION,Maintained brilliant execution posture vectors.
0:00:57.278214,Academy Player #3,81,19.8,DRIBBLING_PERFECTION,Maintained brilliant execution posture vectors.
0:00:57.345679,Rahul Sharma,92,28.5,DRIBBLING_PERFECTION,Maintained brilliant execution posture vectors.
0:00:57.345679,Sagnik Guha,88,24.2,DRIBBLING_PERFECTION,Maintained brilliant execution posture vectors.
0:00:57.345679,Academy Player #3,81,19.8,DRIBBLING_PERFECTION,Maintained brilliant execution posture vectors.
0:00:57.413145,Rahul Sharma,92,28.5,DRIBBLING_PERFECTION,Maintained brilliant execution posture vectors.
0:00:57.413145,Sagnik Guha,88,24.2,DRIBBLING_PERFECTION,Maintained brilliant execution posture vectors.
0:00:57.413145,Academy Player #3,81,19.8,DRIBBLING_PERFECTION,Maintained brilliant execution posture vectors.
0:00:57.480610,Rahul Sharma,92,28.5,DRIBBLING_PERFECTION,Maintained brilliant execution posture vectors.
0:00:57.480610,Sagnik Guha,88,24.2,DRIBBLING_PERFECTION,Maintained brilliant execution posture vectors.
0:00:57.480610,Academy Player #3,81,19.8,DRIBBLING_PERFECTION,Maintained brilliant execution posture vectors.
0:00:57.548076,Rahul Sharma,92,28.5,DRIBBLING_PERFECTION,Maintained brilliant execution posture vectors.
0:00:57.548076,Sagnik Guha,88,24.2,DRIBBLING_PERFECTION,Maintained brilliant execution posture vectors.
0:00:57.548076,Academy Player #3,81,19.8,DRIBBLING_PERFECTION,Maintained brilliant execution posture vectors.
0:00:57.615541,Rahul Sharma,92,28.5,DRIBBLING_PERFECTION,Maintained brilliant execution posture vectors.
0:00:57.615541,Sagnik Guha,88,24.2,DRIBBLING_PERFECTION,Maintained brilliant execution posture vectors.
0:00:57.615541,Academy Player #3,81,19.8,DRIBBLING_PERFECTION,Maintained brilliant execution posture vectors.
0:00:57.683007,Rahul Sharma,92,28.5,DRIBBLING_PERFECTION,Maintained brilliant execution posture vectors.
0:00:57.683007,Sagnik Guha,88,24.2,DRIBBLING_PERFECTION,Maintained brilliant execution posture vectors.
0:00:57.683007,Academy Player #3,81,19.8,DRIBBLING_PERFECTION,Maintained brilliant execution posture vectors.
0:00:57.750472,Rahul Sharma,92,28.5,DRIBBLING_PERFECTION,Maintained brilliant execution posture vectors.
0:00:57.750472,Sagnik Guha,88,24.2,DRIBBLING_PERFECTION,Maintained brilliant execution posture vectors.
0:00:57.750472,Academy Player #3,81,19.8,DRIBBLING_PERFECTION,Maintained brilliant execution posture vectors.
0:00:57.817938,Rahul Sharma,92,28.5,DRIBBLING_PERFECTION,Maintained brilliant execution posture vectors.
0:00:57.817938,Sagnik Guha,88,24.2,DRIBBLING_PERFECTION,Maintained brilliant execution posture vectors.
0:00:57.817938,Academy Player #3,81,19.8,DRIBBLING_PERFECTION,Maintained brilliant execution posture vectors.
0:00:57.885403,Rahul Sharma,92,28.5,DRIBBLING_PERFECTION,Maintained brilliant execution posture vectors.
0:00:57.885403,Sagnik Guha,88,24.2,DRIBBLING_PERFECTION,Maintained brilliant execution posture vectors.
0:00:57.885403,Academy Player #3,81,19.8,DRIBBLING_PERFECTION,Maintained brilliant execution posture vectors.
0:00:57.952869,Rahul Sharma,92,28.5,DRIBBLING_PERFECTION,Maintained brilliant execution posture vectors.
0:00:57.952869,Sagnik Guha,88,24.2,DRIBBLING_PERFECTION,Maintained brilliant execution posture vectors.
0:00:57.952869,Academy Player #3,81,19.8,DRIBBLING_PERFECTION,Maintained brilliant execution posture vectors.
0:00:58.020334,Rahul Sharma,92,28.5,DRIBBLING_PERFECTION,Maintained brilliant execution posture vectors.
0:00:58.020334,Sagnik Guha,88,24.2,DRIBBLING_PERFECTION,Maintained brilliant execution posture vectors.
0:00:58.020334,Academy Player #3,81,19.8,DRIBBLING_PERFECTION,Maintained brilliant execution posture vectors.
0:00:58.087800,Rahul Sharma,92,28.5,DRIBBLING_PERFECTION,Maintained brilliant execution posture vectors.
0:00:58.087800,Sagnik Guha,88,24.2,DRIBBLING_PERFECTION,Maintained brilliant execution posture vectors.
0:00:58.087800,Academy Player #3,81,19.8,DRIBBLING_PERFECTION,Maintained brilliant execution posture vectors.
0:00:58.155265,Rahul Sharma,92,28.5,DRIBBLING_PERFECTION,Maintained brilliant execution posture vectors.
0:00:58.155265,Sagnik Guha,88,24.2,DRIBBLING_PERFECTION,Maintained brilliant execution posture vectors.
0:00:58.155265,Academy Player #3,81,19.8,DRIBBLING_PERFECTION,Maintained brilliant execution posture vectors.
0:00:58.222731,Rahul Sharma,92,28.5,DRIBBLING_PERFECTION,Maintained brilliant execution posture vectors.
0:00:58.222731,Sagnik Guha,88,24.2,DRIBBLING_PERFECTION,Maintained brilliant execution posture vectors.
0:00:58.222731,Academy Player #3,81,19.8,DRIBBLING_PERFECTION,Maintained brilliant execution posture vectors.
0:00:58.290196,Rahul Sharma,92,28.5,DRIBBLING_PERFECTION,Maintained brilliant execution posture vectors.
0:00:58.290196,Sagnik Guha,88,24.2,DRIBBLING_PERFECTION,Maintained brilliant execution posture vectors.
0:00:58.290196,Academy Player #3,81,19.8,DRIBBLING_PERFECTION,Maintained brilliant execution posture vectors.
0:00:58.357662,Rahul Sharma,92,28.5,DRIBBLING_PERFECTION,Maintained brilliant execution posture vectors.
0:00:58.357662,Sagnik Guha,88,24.2,DRIBBLING_PERFECTION,Maintained brilliant execution posture vectors.
0:00:58.357662,Academy Player #3,81,19.8,DRIBBLING_PERFECTION,Maintained brilliant execution posture vectors.
0:00:58.425127,Rahul Sharma,92,28.5,DRIBBLING_PERFECTION,Maintained brilliant execution posture vectors.
0:00:58.425127,Sagnik Guha,88,24.2,DRIBBLING_PERFECTION,Maintained brilliant execution posture vectors.
0:00:58.425127,Academy Player #3,81,19.8,DRIBBLING_PERFECTION,Maintained brilliant execution posture vectors.
0:00:58.492593,Rahul Sharma,92,28.5,DRIBBLING_PERFECTION,Maintained brilliant execution posture vectors.
0:00:58.492593,Sagnik Guha,88,24.2,DRIBBLING_PERFECTION,Maintained brilliant execution posture vectors.
0:00:58.492593,Academy Player #3,81,19.8,DRIBBLING_PERFECTION,Maintained brilliant execution posture vectors.
0:00:58.560058,Rahul Sharma,92,28.5,DRIBBLING_PERFECTION,Maintained brilliant execution posture vectors.
0:00:58.560058,Sagnik Guha,88,24.2,DRIBBLING_PERFECTION,Maintained brilliant execution posture vectors.
0:00:58.560058,Academy Player #3,81,19.8,DRIBBLING_PERFECTION,Maintained brilliant execution posture vectors.
0:00:58.627524,Rahul Sharma,92,28.5,DRIBBLING_PERFECTION,Maintained brilliant execution posture vectors.
0:00:58.627524,Sagnik Guha,88,24.2,DRIBBLING_PERFECTION,Maintained brilliant execution posture vectors.
0:00:58.627524,Academy Player #3,81,19.8,DRIBBLING_PERFECTION,Maintained brilliant execution posture vectors.
0:00:58.694989,Rahul Sharma,92,28.5,DRIBBLING_PERFECTION,Maintained brilliant execution posture vectors.
0:00:58.694989,Sagnik Guha,88,24.2,DRIBBLING_PERFECTION,Maintained brilliant execution posture vectors.
0:00:58.694989,Academy Player #3,81,19.8,DRIBBLING_PERFECTION,Maintained brilliant execution posture vectors.
0:00:58.762455,Rahul Sharma,92,28.5,DRIBBLING_PERFECTION,Maintained brilliant execution posture vectors.
0:00:58.762455,Sagnik Guha,88,24.2,DRIBBLING_PERFECTION,Maintained brilliant execution posture vectors.
0:00:58.762455,Academy Player #3,81,19.8,DRIBBLING_PERFECTION,Maintained brilliant execution posture vectors.
0:00:58.829920,Rahul Sharma,92,28.5,DRIBBLING_PERFECTION,Maintained brilliant execution posture vectors.
0:00:58.829920,Sagnik Guha,88,24.2,DRIBBLING_PERFECTION,Maintained brilliant execution posture vectors.
0:00:58.829920,Academy Player #3,81,19.8,DRIBBLING_PERFECTION,Maintained brilliant execution posture vectors.
0:00:58.897386,Rahul Sharma,92,28.5,DRIBBLING_PERFECTION,Maintained brilliant execution posture vectors.
0:00:58.897386,Sagnik Guha,88,24.2,DRIBBLING_PERFECTION,Maintained brilliant execution posture vectors.
0:00:58.897386,Academy Player #3,81,19.8,DRIBBLING_PERFECTION,Maintained brilliant execution posture vectors.
0:00:58.964851,Rahul Sharma,92,28.5,DRIBBLING_PERFECTION,Maintained brilliant execution posture vectors.
0:00:58.964851,Sagnik Guha,88,24.2,DRIBBLING_PERFECTION,Maintained brilliant execution posture vectors.
0:00:58.964851,Academy Player #3,81,19.8,DRIBBLING_PERFECTION,Maintained brilliant execution posture vectors.
0:00:59.032317,Rahul Sharma,92,28.5,DRIBBLING_PERFECTION,Maintained brilliant execution posture vectors.
0:00:59.032317,Sagnik Guha,88,24.2,DRIBBLING_PERFECTION,Maintained brilliant execution posture vectors.
0:00:59.032317,Academy Player #3,81,19.8,DRIBBLING_PERFECTION,Maintained brilliant execution posture vectors.
0:00:59.099782,Rahul Sharma,92,28.5,DRIBBLING_PERFECTION,Maintained brilliant execution posture vectors.
0:00:59.099782,Sagnik Guha,88,24.2,DRIBBLING_PERFECTION,Maintained brilliant execution posture vectors.
0:00:59.099782,Academy Player #3,81,19.8,DRIBBLING_PERFECTION,Maintained brilliant execution posture vectors.
0:00:59.167248,Rahul Sharma,92,28.5,DRIBBLING_PERFECTION,Maintained brilliant execution posture vectors.
0:00:59.167248,Sagnik Guha,88,24.2,DRIBBLING_PERFECTION,Maintained brilliant execution posture vectors.
0:00:59.167248,Academy Player #3,81,19.8,DRIBBLING_PERFECTION,Maintained brilliant execution posture vectors.
0:00:59.234713,Rahul Sharma,92,28.5,DRIBBLING_PERFECTION,Maintained brilliant execution posture vectors.
0:00:59.234713,Sagnik Guha,88,24.2,DRIBBLING_PERFECTION,Maintained brilliant execution posture vectors.
0:00:59.234713,Academy Player #3,81,19.8,DRIBBLING_PERFECTION,Maintained brilliant execution posture vectors.
0:00:59.302179,Rahul Sharma,92,28.5,DRIBBLING_PERFECTION,Maintained brilliant execution posture vectors.
0:00:59.302179,Sagnik Guha,88,24.2,DRIBBLING_PERFECTION,Maintained brilliant execution posture vectors.
0:00:59.302179,Academy Player #3,81,19.8,DRIBBLING_PERFECTION,Maintained brilliant execution posture vectors.
0:00:59.369644,Rahul Sharma,92,28.5,DRIBBLING_PERFECTION,Maintained brilliant execution posture vectors.
0:00:59.369644,Sagnik Guha,88,24.2,DRIBBLING_PERFECTION,Maintained brilliant execution posture vectors.
0:00:59.369644,Academy Player #3,81,19.8,DRIBBLING_PERFECTION,Maintained brilliant execution posture vectors.
0:00:59.437110,Rahul Sharma,92,28.5,DRIBBLING_PERFECTION,Maintained brilliant execution posture vectors.
0:00:59.437110,Sagnik Guha,88,24.2,DRIBBLING_PERFECTION,Maintained brilliant execution posture vectors.
0:00:59.437110,Academy Player #3,81,19.8,DRIBBLING_PERFECTION,Maintained brilliant execution posture vectors.
0:00:59.504575,Rahul Sharma,92,28.5,DRIBBLING_PERFECTION,Maintained brilliant execution posture vectors.
0:00:59.504575,Sagnik Guha,88,24.2,DRIBBLING_PERFECTION,Maintained brilliant execution posture vectors.
0:00:59.504575,Academy Player #3,81,19.8,DRIBBLING_PERFECTION,Maintained brilliant execution posture vectors.
0:00:59.572041,Rahul Sharma,92,28.5,DRIBBLING_PERFECTION,Maintained brilliant execution posture vectors.
0:00:59.572041,Sagnik Guha,88,24.2,DRIBBLING_PERFECTION,Maintained brilliant execution posture vectors.
0:00:59.572041,Academy Player #3,81,19.8,DRIBBLING_PERFECTION,Maintained brilliant execution posture vectors.
0:00:59.639506,Rahul Sharma,92,28.5,DRIBBLING_PERFECTION,Maintained brilliant execution posture vectors.
0:00:59.639506,Sagnik Guha,88,24.2,DRIBBLING_PERFECTION,Maintained brilliant execution posture vectors.
0:00:59.639506,Academy Player #3,81,19.8,DRIBBLING_PERFECTION,Maintained brilliant execution posture vectors.
0:00:59.706972,Rahul Sharma,92,28.5,DRIBBLING_PERFECTION,Maintained brilliant execution posture vectors.
0:00:59.706972,Sagnik Guha,88,24.2,DRIBBLING_PERFECTION,Maintained brilliant execution posture vectors.
0:00:59.706972,Academy Player #3,81,19.8,DRIBBLING_PERFECTION,Maintained brilliant execution posture vectors.
0:00:59.774437,Rahul Sharma,92,28.5,DRIBBLING_PERFECTION,Maintained brilliant execution posture vectors.
0:00:59.774437,Sagnik Guha,88,24.2,DRIBBLING_PERFECTION,Maintained brilliant execution posture vectors.
0:00:59.774437,Academy Player #3,81,19.8,DRIBBLING_PERFECTION,Maintained brilliant execution posture vectors.
0:00:59.841903,Rahul Sharma,92,28.5,DRIBBLING_PERFECTION,Maintained brilliant execution posture vectors.
0:00:59.841903,Sagnik Guha,88,24.2,DRIBBLING_PERFECTION,Maintained brilliant execution posture vectors.
0:00:59.841903,Academy Player #3,81,19.8,DRIBBLING_PERFECTION,Maintained brilliant execution posture vectors.
0:00:59.909368,Rahul Sharma,92,28.5,DRIBBLING_PERFECTION,Maintained brilliant execution posture vectors.
0:00:59.909368,Sagnik Guha,88,24.2,DRIBBLING_PERFECTION,Maintained brilliant execution posture vectors.
0:00:59.909368,Academy Player #3,81,19.8,DRIBBLING_PERFECTION,Maintained brilliant execution posture vectors.
0:00:59.976834,Rahul Sharma,92,28.5,DRIBBLING_PERFECTION,Maintained brilliant execution posture vectors.
0:00:59.976834,Sagnik Guha,88,24.2,DRIBBLING_PERFECTION,Maintained brilliant execution posture vectors.
0:00:59.976834,Academy Player #3,81,19.8,DRIBBLING_PERFECTION,Maintained brilliant execution posture vectors.
0:01:00.044299,Rahul Sharma,92,28.5,DRIBBLING_PERFECTION,Maintained brilliant execution posture vectors.
0:01:00.044299,Sagnik Guha,88,24.2,DRIBBLING_PERFECTION,Maintained brilliant execution posture vectors.
0:01:00.044299,Academy Player #3,81,19.8,DRIBBLING_PERFECTION,Maintained brilliant execution posture vectors.
0:01:00.111765,Rahul Sharma,92,28.5,DRIBBLING_PERFECTION,Maintained brilliant execution posture vectors.
0:01:00.111765,Sagnik Guha,88,24.2,DRIBBLING_PERFECTION,Maintained brilliant execution posture vectors.
0:01:00.111765,Academy Player #3,81,19.8,DRIBBLING_PERFECTION,Maintained brilliant execution posture vectors.
0:01:00.179230,Rahul Sharma,92,28.5,DRIBBLING_PERFECTION,Maintained brilliant execution posture vectors.
0:01:00.179230,Sagnik Guha,88,24.2,DRIBBLING_PERFECTION,Maintained brilliant execution posture vectors.
0:01:00.179230,Academy Player #3,81,19.8,DRIBBLING_PERFECTION,Maintained brilliant execution posture vectors.
0:01:00.246696,Rahul Sharma,92,28.5,DRIBBLING_PERFECTION,Maintained brilliant execution posture vectors.
0:01:00.246696,Sagnik Guha,88,24.2,DRIBBLING_PERFECTION,Maintained brilliant execution posture vectors.
0:01:00.246696,Academy Player #3,81,19.8,DRIBBLING_PERFECTION,Maintained brilliant execution posture vectors.
0:01:00.314161,Rahul Sharma,92,28.5,DRIBBLING_PERFECTION,Maintained brilliant execution posture vectors.
0:01:00.314161,Sagnik Guha,88,24.2,DRIBBLING_PERFECTION,Maintained brilliant execution posture vectors.
0:01:00.314161,Academy Player #3,81,19.8,DRIBBLING_PERFECTION,Maintained brilliant execution posture vectors.
0:01:00.381627,Rahul Sharma,92,28.5,DRIBBLING_PERFECTION,Maintained brilliant execution posture vectors.
0:01:00.381627,Sagnik Guha,88,24.2,DRIBBLING_PERFECTION,Maintained brilliant execution posture vectors.
0:01:00.381627,Academy Player #3,81,19.8,DRIBBLING_PERFECTION,Maintained brilliant execution posture vectors.
0:01:00.449092,Rahul Sharma,92,28.5,DRIBBLING_PERFECTION,Maintained brilliant execution posture vectors.
0:01:00.449092,Sagnik Guha,88,24.2,DRIBBLING_PERFECTION,Maintained brilliant execution posture vectors.
0:01:00.449092,Academy Player #3,81,19.8,DRIBBLING_PERFECTION,Maintained brilliant execution posture vectors.
0:01:00.516558,Rahul Sharma,92,28.5,DRIBBLING_PERFECTION,Maintained brilliant execution posture vectors.
0:01:00.516558,Sagnik Guha,88,24.2,DRIBBLING_PERFECTION,Maintained brilliant execution posture vectors.
0:01:00.516558,Academy Player #3,81,19.8,DRIBBLING_PERFECTION,Maintained brilliant execution posture vectors.
0:01:00.584023,Rahul Sharma,92,28.5,DRIBBLING_PERFECTION,Maintained brilliant execution posture vectors.
0:01:00.584023,Sagnik Guha,88,24.2,DRIBBLING_PERFECTION,Maintained brilliant execution posture vectors.
0:01:00.584023,Academy Player #3,81,19.8,DRIBBLING_PERFECTION,Maintained brilliant execution posture vectors.
0:01:00.651489,Rahul Sharma,92,28.5,DRIBBLING_PERFECTION,Maintained brilliant execution posture vectors.
0:01:00.651489,Sagnik Guha,88,24.2,DRIBBLING_PERFECTION,Maintained brilliant execution posture vectors.
0:01:00.651489,Academy Player #3,81,19.8,DRIBBLING_PERFECTION,Maintained brilliant execution posture vectors.
0:01:00.718954,Rahul Sharma,92,28.5,DRIBBLING_PERFECTION,Maintained brilliant execution posture vectors.
0:01:00.718954,Sagnik Guha,88,24.2,DRIBBLING_PERFECTION,Maintained brilliant execution posture vectors.
0:01:00.718954,Academy Player #3,81,19.8,DRIBBLING_PERFECTION,Maintained brilliant execution posture vectors.
0:01:00.786420,Rahul Sharma,92,28.5,DRIBBLING_PERFECTION,Maintained brilliant execution posture vectors.
0:01:00.786420,Sagnik Guha,88,24.2,DRIBBLING_PERFECTION,Maintained brilliant execution posture vectors.
0:01:00.786420,Academy Player #3,81,19.8,DRIBBLING_PERFECTION,Maintained brilliant execution posture vectors.
0:01:00.853885,Rahul Sharma,92,28.5,DRIBBLING_PERFECTION,Maintained brilliant execution posture vectors.
0:01:00.853885,Sagnik Guha,88,24.2,DRIBBLING_PERFECTION,Maintained brilliant execution posture vectors.
0:01:00.853885,Academy Player #3,81,19.8,DRIBBLING_PERFECTION,Maintained brilliant execution posture vectors.
0:01:00.921351,Rahul Sharma,92,28.5,DRIBBLING_PERFECTION,Maintained brilliant execution posture vectors.
0:01:00.921351,Sagnik Guha,88,24.2,DRIBBLING_PERFECTION,Maintained brilliant execution posture vectors.
0:01:00.921351,Academy Player #3,81,19.8,DRIBBLING_PERFECTION,Maintained brilliant execution posture vectors.
0:01:00.988816,Rahul Sharma,92,28.5,DRIBBLING_PERFECTION,Maintained brilliant execution posture vectors.
0:01:00.988816,Sagnik Guha,88,24.2,DRIBBLING_PERFECTION,Maintained brilliant execution posture vectors.
0:01:00.988816,Academy Player #3,81,19.8,DRIBBLING_PERFECTION,Maintained brilliant execution posture vectors.
0:01:01.056282,Rahul Sharma,92,28.5,DRIBBLING_PERFECTION,Maintained brilliant execution posture vectors.
0:01:01.056282,Sagnik Guha,88,24.2,DRIBBLING_PERFECTION,Maintained brilliant execution posture vectors.
0:01:01.056282,Academy Player #3,81,19.8,DRIBBLING_PERFECTION,Maintained brilliant execution posture vectors.
0:01:01.123747,Rahul Sharma,92,28.5,DRIBBLING_PERFECTION,Maintained brilliant execution posture vectors.
0:01:01.123747,Sagnik Guha,88,24.2,DRIBBLING_PERFECTION,Maintained brilliant execution posture vectors.
0:01:01.123747,Academy Player #3,81,19.8,DRIBBLING_PERFECTION,Maintained brilliant execution posture vectors.
0:01:01.191213,Rahul Sharma,92,28.5,DRIBBLING_PERFECTION,Maintained brilliant execution posture vectors.
0:01:01.191213,Sagnik Guha,88,24.2,DRIBBLING_PERFECTION,Maintained brilliant execution posture vectors.
0:01:01.191213,Academy Player #3,81,19.8,DRIBBLING_PERFECTION,Maintained brilliant execution posture vectors.
0:01:01.258678,Rahul Sharma,92,28.5,DRIBBLING_PERFECTION,Maintained brilliant execution posture vectors.
0:01:01.258678,Sagnik Guha,88,24.2,DRIBBLING_PERFECTION,Maintained brilliant execution posture vectors.
0:01:01.258678,Academy Player #3,81,19.8,DRIBBLING_PERFECTION,Maintained brilliant execution posture vectors.
0:01:01.326144,Rahul Sharma,92,28.5,DRIBBLING_PERFECTION,Maintained brilliant execution posture vectors.
0:01:01.326144,Sagnik Guha,88,24.2,DRIBBLING_PERFECTION,Maintained brilliant execution posture vectors.
0:01:01.326144,Academy Player #3,81,19.8,DRIBBLING_PERFECTION,Maintained brilliant execution posture vectors.
0:01:01.393609,Rahul Sharma,92,28.5,DRIBBLING_PERFECTION,Maintained brilliant execution posture vectors.
0:01:01.393609,Sagnik Guha,88,24.2,DRIBBLING_PERFECTION,Maintained brilliant execution posture vectors.
0:01:01.393609,Academy Player #3,81,19.8,DRIBBLING_PERFECTION,Maintained brilliant execution posture vectors.
0:01:01.461075,Rahul Sharma,92,28.5,DRIBBLING_PERFECTION,Maintained brilliant execution posture vectors.
0:01:01.461075,Sagnik Guha,88,24.2,DRIBBLING_PERFECTION,Maintained brilliant execution posture vectors.
0:01:01.461075,Academy Player #3,81,19.8,DRIBBLING_PERFECTION,Maintained brilliant execution posture vectors.
0:01:01.528540,Rahul Sharma,92,28.5,DRIBBLING_PERFECTION,Maintained brilliant execution posture vectors.
0:01:01.528540,Sagnik Guha,88,24.2,DRIBBLING_PERFECTION,Maintained brilliant execution posture vectors.
0:01:01.528540,Academy Player #3,81,19.8,DRIBBLING_PERFECTION,Maintained brilliant execution posture vectors.
0:01:01.596006,Rahul Sharma,92,28.5,DRIBBLING_PERFECTION,Maintained brilliant execution posture vectors.
0:01:01.596006,Sagnik Guha,88,24.2,DRIBBLING_PERFECTION,Maintained brilliant execution posture vectors.
0:01:01.596006,Academy Player #3,81,19.8,DRIBBLING_PERFECTION,Maintained brilliant execution posture vectors.
0:01:01.663471,Rahul Sharma,92,28.5,DRIBBLING_PERFECTION,Maintained brilliant execution posture vectors.
0:01:01.663471,Sagnik Guha,88,24.2,DRIBBLING_PERFECTION,Maintained brilliant execution posture vectors.
0:01:01.663471,Academy Player #3,81,19.8,DRIBBLING_PERFECTION,Maintained brilliant execution posture vectors.
0:01:01.730937,Rahul Sharma,92,28.5,DRIBBLING_PERFECTION,Maintained brilliant execution posture vectors.
0:01:01.730937,Sagnik Guha,88,24.2,DRIBBLING_PERFECTION,Maintained brilliant execution posture vectors.
0:01:01.730937,Academy Player #3,81,19.8,DRIBBLING_PERFECTION,Maintained brilliant execution posture vectors.
0:01:01.798402,Rahul Sharma,92,28.5,DRIBBLING_PERFECTION,Maintained brilliant execution posture vectors.
0:01:01.798402,Sagnik Guha,88,24.2,DRIBBLING_PERFECTION,Maintained brilliant execution posture vectors.
0:01:01.798402,Academy Player #3,81,19.8,DRIBBLING_PERFECTION,Maintained brilliant execution posture vectors.
0:01:01.865868,Rahul Sharma,92,28.5,DRIBBLING_PERFECTION,Maintained brilliant execution posture vectors.
0:01:01.865868,Sagnik Guha,88,24.2,DRIBBLING_PERFECTION,Maintained brilliant execution posture vectors.
0:01:01.865868,Academy Player #3,81,19.8,DRIBBLING_PERFECTION,Maintained brilliant execution posture vectors.
0:01:01.933333,Rahul Sharma,92,28.5,DRIBBLING_PERFECTION,Maintained brilliant execution posture vectors.
0:01:01.933333,Sagnik Guha,88,24.2,DRIBBLING_PERFECTION,Maintained brilliant execution posture vectors.
0:01:01.933333,Academy Player #3,81,19.8,DRIBBLING_PERFECTION,Maintained brilliant execution posture vectors.
